,Dealer_Code,Oct_2324_sales,Nov_2324_sales,Dec_2324_sales,Jan_2324_sales,Feb_2324_sales,Mar_2324_sales,Apr_2425_sales,May_2425_sales,Jun_2425_sales,Jul_2425_sales,Aug_2425_sales,Sep_2425_sales,Apr_2425_Target,May_2425_Target,Jun_2425_Target,Jul_2425_Target,Aug_2425_Target,Sep_2425_Target,Sales_Pattern_Overall,Target_Pattern_Overall,Achieved_Type,Predicted_Target,Category_Overall,Dealer_Name,dealer_district,dealer_taluka,dealer_type,population,taluka_population,market_potential,MarketSizePer1000,AVG_SALES,sales_by_counter_3M,counter_market_ratio,NORM_counter_market_ratio,NORM_sales_by_counter_3M,AVG_SALES-N,MarketSizePer1000_N,Code,Dealer Name,CS,AP,MP,Status,MPA,SOB,AP_normalized,Score,Tier,Incentive_per_Ton_linear,Incentive_per_Ton_exponential,Final_Incentive,Perfomance_Bonus,Predicted_Incentive
0,SIPA006,81.0,68.0,20.0,1.0,1.0,1.0,31,1.0,1.0,30.0,1.0,1.0,1,90,90,90,65,65,HLLHLL,ANNNNN,Low Achievement,33,Consistently Weak Performer,Sri Vigneswara Traders,Anantapur,Hindupur,Non-Exclusive,6321948.0,51861.0,600.0,0.09490745573990801,25.5,0.005780346820809248,0.11,0.00012185189698218407,0.000391720237417224,0.10888888888888888,2.3696650855277497e-07,SIPA006,Sri Vigneswara Traders,120.6,10,300.0,Non-Exclusive,40.199999999999996,8.291873963515755,4.225352112676056,12.233586060308784,Tier 5,1333.0,952.0,952.0,0.0,31420.0
1,SIPA008,36.0,35.0,37.0,21.0,46.0,24.0,25,25.0,25.0,26.0,46.0,40.0,30,30,30,30,40,40,LLLLHH,NNNNAA,Low Achievement,41,Consistently Weak Performer,K.K.Traders,Anantapur,Kadiri,Non-Exclusive,6321948.0,35944.0,180.0,0.028472236721972407,30.833333333333332,0.2564102564102564,0.4222222222222222,0.0004687656057156564,0.017877730096714273,0.1325925925925926,7.087846095775561e-08,SIPA008,K.K.Traders,62.9,31,180.0,Non-Exclusive,34.94444444444444,49.2845786963434,14.084507042253522,25.296508853509682,Tier 2,1833.0,1611.0,1611.0,0.0,66050.0
2,SIPA010,25.0,30.0,30.0,1.0,15.0,1.0,30,1.0,19.0,10.0,1.0,27.0,25,25,30,30,25,25,HLHLLH,ANNNNA,Low Achievement,22,Fluctuating Performer,Sri Jayanthi Iron Mart,Anantapur,Rayadurg,Non-Exclusive,6321948.0,40942.0,180.0,0.028472236721972407,17.166666666666668,0.21774193548387097,0.3277777777777778,0.00036382729524467723,0.015179909066220203,0.07185185185185186,7.087846095775561e-08,SIPA010,Sri Jayanthi Iron Mart,53.4,14,180.0,Non-Exclusive,29.666666666666664,26.217228464419478,6.103286384976526,14.838750857203145,Tier 4,1500.0,1110.0,1110.0,0.0,24420.0
3,SIPA013,50.0,60.0,26.0,30.0,31.0,30.0,53,22.0,25.0,20.0,44.0,56.0,50,50,50,50,50,50,HLLLHH,ANNNNA,Low Achievement,44,Declining Performer,Srinivasa Iron Company,Anantapur,Tadipatri,Non-Exclusive,6321948.0,1.0,270.0,0.04270835508295861,40.5,0.14177215189873418,0.7111111111111111,0.0007897533789210045,0.009879630312760932,0.17555555555555555,1.0646875687097404e-07,SIPA013,Srinivasa Iron Company,189.0,37,250.0,Non-Exclusive,75.6,19.576719576719576,16.901408450704224,29.17618898576645,Tier 1,2000.0,2000.0,2000.0,0.0,88000.0
4,SIPA015,54.0,44.0,20.0,11.0,1.0,1.0,1,1.0,25.0,19.0,39.0,65.0,1,1,15,25,40,40,LLHHHH,AAANNA,Moderate Achievement,47,Consistently Strong Performer,Venkateshwara Hardware,Chittoor,Chittoor,Exclusive,6588204.0,59060.0,650.0,0.09866118292633319,31.666666666666668,0.6989247311827957,0.08,8.851855130316715e-05,0.04875119001787638,0.1362962962962963,2.463508265216732e-07,SIPA015,Venkateshwara Hardware,204.7,25,650.0,Exclusive,31.49230769230769,12.212994626282365,11.267605633802818,15.501623843999703,Tier 4,1500.0,1110.0,1110.0,0.0,52170.0
5,SIPA017,5.0,40.0,21.0,1.0,30.0,34.0,25,29.0,15.0,12.0,30.0,30.0,30,30,30,30,30,30,HHLLHH,NNNNAA,Low Achievement,27,Emerging Performer,Hari Hara Steels & Cements,Chittoor,Madanapally,Non-Exclusive,6588204.0,97284.0,650.0,0.09866118292633319,25.5,0.30927835051546393,0.08,8.851855130316715e-05,0.021566244433571486,0.10888888888888888,2.463508265216732e-07,SIPA017,Hari Hara Steels & Cements,59.4,24,650.0,Non-Exclusive,9.138461538461538,40.4040404040404,10.7981220657277,16.38737362793701,Tier 4,1500.0,1110.0,1110.0,0.0,29970.0
6,SIPA018,48.0,5.0,50.0,21.0,15.0,33.0,36,15.0,33.0,30.0,15.0,32.0,30,35,30,30,30,30,HLHHLH,ANAANA,Moderate Achievement,30,Consistently Strong Performer,Hari Hara Enterprises,Chittoor,Madanapally,Exclusive,6588204.0,97284.0,650.0,0.09866118292633319,27.666666666666668,0.4383561643835616,0.027692307692307693,3.0398871657701756e-05,0.030571777450805197,0.11851851851851852,2.463508265216732e-07,SIPA018,Hari Hara Enterprises,30.8,27,650.0,Exclusive,4.7384615384615385,87.66233766233766,12.206572769953052,25.80410350213167,Tier 2,1833.0,1611.0,1611.0,0.0,48330.0
7,SIPA019,20.0,56.0,21.0,16.0,20.0,31.0,61,20.0,21.0,46.0,41.0,25.0,30,40,45,50,50,50,HLLHHL,ANNNNN,Low Achievement,41,Fluctuating Performer,IKS Agencies,Chittoor,Nagari,Exclusive,6588204.0,33899.0,200.0,0.030357287054256367,28.833333333333332,0.36231884057971014,0.2,0.00022185193401923483,0.025266786534570623,0.1237037037037037,7.559108678988934e-08,SIPA019,Iks Agencies,24.4,36,200.0,Exclusive,12.2,100.0,16.431924882629108,32.29915492957747,Tier 1,2000.0,2000.0,2000.0,0.0,82000.0
8,SIPA020,20.0,33.0,1.0,25.0,20.0,40.0,40,40.0,15.0,20.0,31.0,30.0,30,30,30,30,30,30,HHLLHL,AANNAA,Moderate Achievement,32,Target-Oriented Performer,Bismilla Traders,Chittoor,Palamner,Exclusive,6588204.0,30307.0,200.0,0.030357287054256367,29.666666666666668,0.4411764705882353,0.215,0.00023851860685874328,0.03076854527545128,0.1274074074074074,7.559108678988934e-08,SIPA020,Bismilla Traders,17.6,29,200.0,Exclusive,8.8,100.0,13.145539906103288,29.647323943661974,Tier 1,2000.0,2000.0,2000.0,0.0,64000.0
9,SIPA021,1.0,1.0,19.0,1.0,30.0,21.0,1,1.0,1.0,1.0,29.0,20.0,20,20,25,25,18,18,LLLLHH,NNNNAA,Low Achievement,28,Consistently Weak Performer,Sri Vasavi Hardware,Chittoor,Piler,Non-Exclusive,6588204.0,73016.0,150.0,0.022767965290692273,7.5,0.17543859649122806,0.46,0.0005107409299040481,0.012228479191317176,0.028888888888888888,5.6617782375246674e-08,SIPA021,Sri Vasavi Hardware,45.5,8,150.0,Non-Exclusive,30.333333333333336,17.582417582417584,3.286384976525822,11.554981169065677,Tier 5,1333.0,952.0,952.0,0.0,26660.0
10,SIPA023,39.0,40.0,20.0,21.0,32.0,34.0,20,25.0,24.0,32.0,20.0,42.0,30,30,30,30,30,30,LLLHLH,NNNANA,Low Achievement,34,Consistently Weak Performer,Sri S.R.Agencies,Chittoor,Punganur,Non-Exclusive,6588204.0,54956.0,220.0,0.033393015759682,34.0,0.32061068702290074,0.3409090909090909,0.000378417648572193,0.022356881705166524,0.14666666666666667,8.31804085557464e-08,SIPA023,Sri S.R.Agencies,61.7,27,220.0,Non-Exclusive,28.045454545454547,43.76012965964343,12.206572769953052,21.685060502991426,Tier 3,1667.0,1323.0,1323.0,0.0,44980.0
11,SIPA024,30.0,21.0,30.0,1.0,15.0,1.0,38,1.0,10.0,1.0,25.0,25.0,25,25,30,30,25,25,HLLLHH,ANNNAA,Moderate Achievement,24,Declining Performer,Hari Priya Traders,Chittoor,Puttur,Exclusive,6588204.0,25074.0,150.0,0.022767965290692273,14.666666666666666,1.0,0.02666666666666667,2.925927009602596e-05,0.06975668424461097,0.060740740740740734,5.6617782375246674e-08,SIPA024,Hari Priya Traders,10.6,16,150.0,Exclusive,7.066666666666667,100.0,7.042253521126761,25.63868544600939,Tier 2,1833.0,1611.0,1611.0,0.0,38660.0
12,SIPA025,50.0,65.0,60.0,20.0,49.0,55.0,75,25.0,25.0,41.0,63.0,60.0,50,50,60,60,60,60,HLLLHH,ANNNAA,Moderate Achievement,60,Declining Performer,Mahesh Traders,Chittoor,Srikalahasti,Exclusive,6588204.0,57581.0,270.0,0.04098233752324609,46.666666666666664,0.594059405940594,0.1814814814814815,0.0002012757947111997,0.0414349199282959,0.20296296296296296,1.0215371297038905e-07,SIPA025,Mahesh Traders,42.6,48,270.0,Exclusive,15.777777777777779,100.0,22.065727699530516,36.39499217527386,Tier 1,2000.0,2000.0,2000.0,0.0,120000.0
13,SIPA026,258.0,215.0,121.0,91.0,121.0,229.0,173,52.0,137.0,107.0,132.0,192.0,170,200,150,130,210,210,HLHLLH,ANNNNN,Low Achievement,147,Fluctuating Performer,Shree Lakshmi Venkateswara Steels,Chittoor,Tirupathi,Non-Exclusive,6588204.0,237195.0,2500.0,0.37946608817820454,180.5,0.22482435597189696,0.1556,0.0001725185824142898,0.015674037140096842,0.7977777777777777,9.483630898634512e-07,SIPA026,Shree Lakshmi Venkateswara Steels,358.9,132,2500.0,Non-Exclusive,14.356,36.77904708832544,61.502347417840376,47.12841786836931,Tier 1,2000.0,2000.0,2000.0,0.0,294000.0
14,SIPA028,31.0,5.0,1.0,1.0,1.0,1.0,32,1.0,1.0,1.0,15.0,1.0,30,30,20,20,25,25,HLLLHL,ANNNNN,Low Achievement,27,Consistently Weak Performer,Shree Venkateswara Steels,Chittoor,Tirupathi,Non-Exclusive,6588204.0,237195.0,2500.0,0.37946608817820454,6.666666666666667,0.00847457627118644,0.0192,2.0962970727026194e-05,0.0005796919077165764,0.025185185185185185,9.483630898634512e-07,SIPA028,Shree Venkateswara Steels,49.1,8,2500.0,Non-Exclusive,1.9640000000000002,16.293279022403258,3.286384976525822,5.623286790396145,Tier 6,,,,,
15,SIPA030,57.0,84.0,86.0,71.66666666666667,77.0,101.0,87,25.0,29.0,48.0,81.0,79.0,75,75,80,80,80,80,HLLLHH,ANNNAN,Low Achievement,72,Declining Performer,Sri Satyanaryana Iron & Hardware Mart,Cuddapah,Badvel,Exclusive,4111686.0,21317.0,450.0,0.10944415502545671,62.5,0.7247706422018348,0.1711111111111111,0.00018975315669870002,0.0505544139652566,0.2733333333333334,2.733082567776267e-07,SIPA030,Sri Satyanaryana Iron & Hardware Mart,48.3,58,450.0,Exclusive,10.733333333333333,100.0,26.76056338028169,38.203004694835684,Tier 1,2000.0,2000.0,2000.0,0.0,144000.0
16,SIPA031,162.0,181.0,136.0,143.5,146.0,149.0,175,100.0,145.0,86.0,137.0,136.0,170,170,190,175,200,200,HLHLHH,ANNNNN,Low Achievement,123,Emerging Performer,Vadlaputi Iron & Steel Traders,Cuddapah,Cuddapah,Non-Exclusive,4111686.0,1.0,2100.0,0.510739390118798,145.5,0.2381786339754816,0.12285714285714286,0.00013613761655890562,0.01660574172881488,0.6422222222222221,1.276546344814089e-06,SIPA031,Vadlaputi Iron & Steel Traders,60.0,130,2100.0,Non-Exclusive,2.857142857142857,100.0,60.56338028169014,56.90945674044265,Tier 1,2000.0,2000.0,2000.0,0.0,246000.0
17,SIPA032,112.0,117.0,116.0,104.33333333333333,100.0,104.0,118,90.0,31.0,27.0,96.0,121.0,130,130,150,150,130,130,HLLLHH,NNNNNN,No Achievement,81,Declining Performer,Bharathi Steels Cement & Paints,Cuddapah,Cuddapah,Exclusive,4111686.0,1.0,2100.0,0.510739390118798,95.83333333333333,0.6612021857923497,0.056666666666666664,6.259261577504287e-05,0.04611935409017075,0.4214814814814815,1.276546344814089e-06,SIPA032,Bharathi Steels Cement & Paints,86.9,80,2100.0,Exclusive,4.1380952380952385,92.05983889528193,37.08920187793427,41.493107953435995,Tier 1,2000.0,2000.0,2000.0,0.0,162000.0
18,SIPA035,35.0,28.166666666666668,36.0,24.5,25.0,31.0,39,11.0,25.0,13.0,25.0,11.0,30,35,35,35,30,30,HLLLHL,ANNNNN,Low Achievement,19,Consistently Weak Performer,Pattupogula Steels,Cuddapah,Mydukur,Exclusive,4111686.0,105862.0,160.0,0.0389134773423846,23.527777777777782,0.2894736842105263,0.1875,0.0002079630399863111,0.020184507549751422,0.10012345679012348,9.698156251667264e-08,SIPA035,Pattupogula Steels,20.8,21,120.0,Exclusive,17.333333333333336,100.0,9.389671361502346,29.100469483568077,Tier 1,2000.0,2000.0,2000.0,0.0,38000.0
19,SIPA036,1.0,44.0,1.0,1.0,21.0,1.0,29,22.0,20.0,1.0,1.0,1.0,25,20,20,20,20,20,HHHLLL,AAANNN,Moderate Achievement,28,Momentum Gainer,S.R.Steels & Paints,Cuddapah,Porumamila,Exclusive,4111686.0,1.0,150.0,0.036481385008485565,14.833333333333334,0.125,0.006666666666666667,7.037039643348016e-06,0.008709466648163567,0.061481481481481484,9.090133168008803e-08,SIPA036,S.R.Steels & Paints,4.6,12,150.0,Exclusive,3.0666666666666664,100.0,5.164319248826291,23.71192488262911,Tier 2,1833.0,1611.0,1611.0,0.0,45110.0
20,SIPA037,152.0,152.0,92.0,62.0,107.0,110.0,115,92.0,89.0,71.0,101.0,31.0,120,120,150,150,150,150,HLLLHL,NNNNNN,No Achievement,67,Consistently Weak Performer,Sri Kanaka Durga Steels,Cuddapah,Proddatur,Non-Exclusive,4111686.0,96162.0,750.0,0.18240692504242786,104.33333333333333,0.08831908831908832,0.28,0.0003107408558299466,0.006150303680139926,0.45925925925925926,4.5571518187516534e-07,SIPA037,Sri Kanaka Durga Steels,186.9,83,750.0,Non-Exclusive,24.92,44.4087747458534,38.497652582159624,36.964346498466455,Tier 1,2000.0,2000.0,2000.0,0.0,134000.0
21,SIPA039,58.0,56.0,58.333333333333336,55.0,52.0,45.0,48,39.0,41.0,31.0,58.0,61.0,50,50,55,55,60,60,LLLLHH,NNNNNA,Low Achievement,55,Consistently Weak Performer,Sri Ganesh Iron & Hardware Marchant,Cuddapah,Pulivendula,Non-Exclusive,4111686.0,13178.0,600.0,0.14592554003394226,50.0,0.22021660649819494,0.2633333333333333,0.0002922223304527149,0.01535256252895284,0.21777777777777776,3.6451171932639596e-07,SIPA039,Sri Ganesh Iron & Hardware Marchant,119.4,46,600.0,Non-Exclusive,19.900000000000002,38.52596314907872,21.12676056338028,24.361248967843913,Tier 2,1833.0,1611.0,1611.0,0.0,88600.0
22,SIPA040,69.0,72.0,76.0,21.0,25.0,77.0,51,24.0,50.0,9.0,72.0,75.0,60,75,70,60,70,70,LLHLHH,NNNNAA,Low Achievement,68,Fluctuating Performer,Sri Balaji Traders,Cuddapah,Rajampet,Exclusive,4111686.0,56651.0,400.0,0.09728369335596153,61.166666666666664,0.7211538461538461,0.0825,9.12963301097519e-05,0.050302076439149704,0.2674074074074074,2.429071025947036e-07,SIPA040,Sri Balaji Traders,59.2,47,400.0,Exclusive,14.800000000000002,79.39189189189189,21.5962441314554,31.79612485725162,Tier 1,2000.0,2000.0,2000.0,0.0,136000.0
23,SIPA043,34.0,41.0,53.0,34.833333333333336,33.0,35.0,20,36.0,10.0,20.0,31.0,31.0,35,35,35,30,35,35,LLLLHH,NANNNN,Low Achievement,31,Consistently Weak Performer,Ashoka Hardwares,Cuddapah,Vempally,Non-Exclusive,4111686.0,97375.0,130.0,0.03161720034068749,31.166666666666668,0.5535714285714286,0.17692307692307693,0.0001962108988815295,0.03861014465458678,0.13407407407407407,7.874087000691879e-08,SIPA043,Ashoka Hardwares,27.4,25,130.0,Non-Exclusive,21.076923076923077,91.24087591240875,11.267605633802818,29.22412317814806,Tier 1,2000.0,2000.0,2000.0,0.0,62000.0
24,SIPA044,51.0,51.0,1.0,1.0,1.0,1.0,53,81.0,1.0,1.0,73.0,92.0,70,60,90,60,60,60,HHLLHH,NANNAA,Moderate Achievement,90,Emerging Performer,Jai Vasavi Steel Syndicate,East Godavari,Amalapuram,Exclusive,8274560.0,88462.0,1000.0,0.1208523474359966,46.166666666666664,0.1488673139158576,0.309,0.0003429630899863296,0.010374647340808226,0.20074074074074072,3.018287378125933e-07,SIPA044,Jai Vasavi Steel Syndicate,318.9,50,1000.0,Exclusive,31.889999999999997,15.678896205707119,23.004694835680752,23.316596142549876,Tier 2,1833.0,1611.0,1611.0,0.0,144990.0
25,SIPA049,51.0,59.0,1.0,1.0,1.0,1.0,95,97.5,1.0,1.0,1.0,1.0,70,90,120,100,90,90,HHLLLL,AANNNN,Low Achievement,101,Consistently Weak Performer,Jayalakshmi Steels,East Godavari,Rajahmundry,Exclusive,8274560.0,1.0,2000.0,0.2417046948719932,35.083333333333336,0.0024752475247524753,0.108,0.00011962967393691627,0.0001611292478123749,0.1514814814814815,6.039596064938679e-07,SIPA049,Jayalakshmi Steels,202.5,32,2000.0,Exclusive,10.125,15.802469135802468,14.553990610328638,13.917888193357676,Tier 4,1500.0,1110.0,1110.0,0.0,112110.0
26,SIPA057,26.0,21.0,1.0,10.0,1.0,14.0,14,1.0,11.0,21.0,24.0,20.0,12,15,20,24,20,20,HLHHHH,ANNNAA,Moderate Achievement,26,Emerging Performer,Sai Renuka Iron Traders,Guntur,Chilakaluripeta,Exclusive,6629265.0,52231.0,200.0,0.030169257074502225,15.5,0.20408163265306123,0.22,0.00024407416447191278,0.014226853661253565,0.06444444444444444,7.512101184036196e-08,SIPA057,Sai Renuka Iron Traders,60.0,15,200.0,Exclusive,30.0,25.0,6.572769953051644,14.943661971830986,Tier 4,1500.0,1110.0,1110.0,0.0,28860.0
27,SIPA058,35.0,30.0,28.0,17.0,13.0,26.0,14,12.0,17.0,12.0,18.6,12.0,24,24,24,24,30,30,LLLLHL,NNNNNN,No Achievement,14,Consistently Weak Performer,SAKALA VENKATESWARLU & COMPANY,Guntur,Chilakaluripet,Non-Exclusive,6629265.0,1.0,200.0,0.030169257074502225,22.0,0.1411764705882353,0.265,0.00029407418299043814,0.009838070670955032,0.09333333333333334,7.512101184036196e-08,SIPA058,Sakala Venkateswarlu & Company,48.5,18,200.0,Non-Exclusive,24.25,37.11340206185567,7.981220657276995,17.061412806737334,Tier 4,1500.0,1110.0,1110.0,0.0,15540.0
28,SIPA061,14.0,12.0,12.0,16.0,13.0,12.0,12,13.0,13.0,11.0,14.0,17.0,12,15,20,12,15,15,LHHLHH,ANNNNA,Low Achievement,16,Emerging Performer,Sri Durga Steels,Guntur,Gullapalli,Non-Exclusive,6629265.0,1.0,70.0,0.010559239976075779,13.5,0.1111111111111111,1.0857142857142856,0.0012059792826378294,0.007740463194251702,0.05555555555555555,2.609596907948386e-08,SIPA061,Sri Durga Steels,83.2,13,70.0,Non-Exclusive,100.0,15.625,5.633802816901409,26.505281690140844,Tier 2,1833.0,1611.0,1611.0,0.0,25780.0
29,SIPA064,1.0,18.0,1.0,10.0,1.0,13.0,26,1.0,1.0,10.0,1.0,12.0,12,15,15,15,15,15,HLLHLH,ANNNNN,Low Achievement,19,Fluctuating Performer,Sri Venkata Nagasai Traders,Guntur,Karempudi,Non-Exclusive,6629265.0,66752.0,60.0,0.009050777122350667,7.666666666666667,0.2033898305084746,0.5333333333333333,0.0005922224415638672,0.014178587837191543,0.02962962962962963,2.2324811944031695e-08,SIPA064,Sri Venkata Nagasai Traders,34.1,8,60.0,Non-Exclusive,56.833333333333336,23.460410557184748,3.286384976525822,18.03057976401911,Tier 3,1667.0,1323.0,1323.0,0.0,25140.0
30,SIPA066,19.0,31.0,33.0,11.0,20.0,36.0,32,25.0,31.0,15.0,38.0,25.0,24,25,30,30,34,34,HLHLHL,AAANAN,Moderate Achievement,31,Target-Oriented Performer,Srinivasa Steel Traders,Guntur,Mangalagiri,Exclusive,6629265.0,86690.0,300.0,0.04525388561175334,27.833333333333332,0.0397456279809221,1.09,0.0012107411891634035,0.00276141841993828,0.11925925925925926,1.1283258319488358e-07,SIPA066,Srinivasa Steel Traders,333.4,28,300.0,Exclusive,100.0,8.398320335932814,12.676056338028168,29.285297870003465,Tier 1,2000.0,2000.0,2000.0,0.0,62000.0
31,SIPA073,55.0,53.0,13.0,25.0,30.0,45.0,49,24.0,35.0,1.0,21.0,21.0,35,50,60,50,45,45,HLHLLL,ANNNNN,Low Achievement,29,Consistently Weak Performer,Sri Krishna Steels,Guntur,Repalle,Exclusive,6629265.0,61123.0,250.0,0.03771157134312778,38.833333333333336,0.3442622950819672,0.12,0.00013296301220852303,0.02400701297795249,0.16814814814814816,9.397679751762276e-08,SIPA073,Sri Krishna Steels,59.5,25,250.0,Exclusive,23.799999999999997,42.016806722689076,11.267605633802818,19.923924724819507,Tier 3,1667.0,1323.0,1323.0,0.0,38370.0
32,SIPA077,25.0,25.0,14.0,30.0,1.0,1.0,21,14.0,31.0,1.0,26.0,27.0,15,15,30,30,22,22,HLHLHH,ANANAA,Moderate Achievement,33,Consistently Strong Performer,Lakshmi Srinivasa Traders,Guntur,Tenali,Exclusive,6629265.0,75094.0,400.0,0.06033851414900445,20.5,0.574468085106383,0.025,2.7407417558302798e-05,0.0400680677843326,0.08666666666666667,1.505441545494052e-07,SIPA077,Lakshmi Srinivasa Traders,30.7,20,400.0,Exclusive,7.675,65.14657980456026,8.92018779342723,19.91642863696839,Tier 3,1667.0,1323.0,1323.0,0.0,43660.0
33,SIPA079,1.0,40.0,1.0,32.0,39.0,1.0,31,25.0,22.0,1.0,25.0,25.0,24,24,24,25,22,22,HHHLHH,AANNAA,Moderate Achievement,28,Consistently Strong Performer,Lalitha Traders,Guntur,Tenali,Exclusive,6629265.0,75094.0,400.0,0.06033851414900445,19.0,0.8333333333333334,0.07,7.740743607682818e-05,0.058128642797668606,0.08,1.505441545494052e-07,SIPA079,Lalitha Traders,26.2,22,400.0,Exclusive,6.550000000000001,83.96946564885496,9.859154929577464,24.019386087517468,Tier 2,1833.0,1611.0,1611.0,0.0,45110.0
34,SIPA081,14.0,24.0,21.166666666666668,19.166666666666668,25.0,24.0,28,13.0,12.0,13.0,18.2,13.0,25,25,30,24,30,30,HLLLLL,ANNNNN,Low Achievement,17,Consistently Weak Performer,Sri Rama Iron & Hardware Stores,Guntur,Vinukonda,Non-Exclusive,6629265.0,52773.0,300.0,0.04525388561175334,16.666666666666668,0.1780821917808219,0.15666666666666668,0.00017370376803843262,0.012412918204895209,0.06962962962962964,1.1283258319488358e-07,SIPA081,Sri Rama Iron & Hardware Stores,33.7,17,350.0,Non-Exclusive,9.62857142857143,50.445103857566764,7.511737089201878,16.521777310748767,Tier 4,1500.0,1110.0,1110.0,0.0,18870.0
35,SIPA086,12.0,1.0,1.0,11.0,1.0,15.0,15,11.0,1.0,1.0,1.0,13.0,10,15,20,20,10,10,HHLLLH,ANNNNA,Low Achievement,15,Declining Performer,Chinni Krishna Steel Traders,Krishna,Gudiwada,Non-Exclusive,6097627.0,1.0,400.0,0.06559928969089122,8.833333333333334,0.1780821917808219,0.09,9.962966652950611e-05,0.012412918204895209,0.03481481481481482,1.6369609340809571e-07,SIPA086,Chinni Krishna Steel Traders,36.8,6,400.0,Non-Exclusive,9.2,16.304347826086957,2.3474178403755865,6.5093202694427434,Tier 6,,,,,
36,SIPA088,20.0,7.0,13.0,11.833333333333334,13.0,9.166666666666666,1,12.0,1.0,14.0,5.0,15.0,15,10,15,15,15,15,LHLHLH,NANNNA,Low Achievement,16,Fluctuating Performer,Maturi PurnaChandra Rao Sons,Krishna,Machilipatnam,Exclusive,6097627.0,69070.0,300.0,0.04919946726816842,10.694444444444443,0.32608695652173914,0.07666666666666666,8.481484622772081e-05,0.02273895143740924,0.043086419753086413,1.2269653733890147e-07,SIPA088,Maturi Purnachandra Rao Sons,27.1,8,300.0,Exclusive,9.033333333333333,29.520295202952028,3.286384976525822,9.682556693172565,Tier 6,,,,,
37,SIPA094,81.0,105.0,100.0,63.0,81.0,159.0,210,151.0,139.0,131.0,134.0,205.0,100,130,200,150,150,150,HHHLLH,AANNNA,Moderate Achievement,164,Emerging Performer,Konakalla Steel Enterprises,Krishna,Vijayawada,Exclusive,6097627.0,141039.0,5000.0,0.8199911211361404,140.0,0.37272727272727274,0.0592,6.540743163238209e-05,0.025992964617027894,0.6177777777777778,2.0496756725910315e-06,SIPA094,Konakalla Steel Enterprises,336.8,162,5000.0,Exclusive,6.736000000000001,48.09976247030879,75.5868544600939,56.3192651701181,Tier 1,2000.0,2000.0,2000.0,0.0,328000.0
38,SIPA101,15.0,17.0,1.0,12.0,12.0,16.0,12,12.0,25.0,12.0,1.0,22.0,15,20,20,25,15,15,LHHLLH,NNANNA,Low Achievement,23,Fluctuating Performer,Sri Lakshmi Venkata Ramana Traders,Kurnool,Allagadda,Non-Exclusive,6203936.0,108915.0,170.0,0.027401959014406337,17.833333333333332,0.2972972972972973,0.17647058823529413,0.00019570813348667254,0.020730347333178304,0.0748148148148148,6.820276668803202e-08,SIPA101,Sri Lakshmi Venkata Ramana Traders,35.1,14,170.0,Non-Exclusive,20.647058823529413,39.88603988603989,6.103286384976526,15.768591572899776,Tier 4,1500.0,1110.0,1110.0,0.0,25530.0
39,SIPA102,31.0,30.0,12.0,10.0,23.0,31.0,21,29.0,1.0,26.0,12.0,20.0,30,30,30,30,30,30,LHLHLH,NNNNNN,No Achievement,19,Fluctuating Performer,Sri Sadasiva Traders,Kurnool,Chagalamarri,Non-Exclusive,6203936.0,72421.0,100.0,0.01611879942023902,23.666666666666668,0.13793103448275862,0.65,0.0007218521192044886,0.009611642277667715,0.10074074074074074,3.9994867694091245e-08,SIPA102,Sri Sadasiva Traders,52.9,18,100.0,Non-Exclusive,52.900000000000006,34.02646502835539,7.981220657276995,22.174025400037277,Tier 3,1667.0,1323.0,1323.0,0.0,25140.0
40,SIPA103,30.0,30.0,32.0,27.5,24.0,27.0,1,29.0,1.0,1.0,19.0,22.0,25,30,30,30,30,30,LHLLHH,NNNNNN,No Achievement,23,Fluctuating Performer,SRI VENKAT MANIKYA CONSTRUCTION NEEDS,Kurnool,Dhone,Non-Exclusive,6203936.0,60960.0,140.0,0.02256631918833463,23.166666666666668,0.15714285714285714,0.5214285714285715,0.0005789949234372733,0.010952017498645309,0.09851851851851852,5.611366711920026e-08,SIPA103,Sri Venkat Manikya Construction Needs,47.5,12,140.0,Non-Exclusive,33.92857142857143,25.263157894736842,5.164319248826291,14.936937413957429,Tier 4,1500.0,1110.0,1110.0,0.0,25530.0
41,SIPA104,13.0,1.0,11.0,1.0,11.0,10.0,1,9.0,1.0,1.0,12.0,1.0,12,12,12,12,10,10,LHLLHL,NNNNAN,Low Achievement,14,Consistently Weak Performer,G C S AGENCIES,Kurnool,KODUMUR,Non-Exclusive,6203936.0,103422.0,80.0,0.012895039536191219,5.833333333333333,0.025,0.2125,0.00023574082805215854,0.0017326417799981497,0.02148148148148148,3.1935467981536744e-08,SIPA104,G C S Agencies,15.4,3,80.0,Non-Exclusive,19.25,19.480519480519483,0.9389671361502347,8.309484177794037,Tier 6,,,,,
42,SIPA106,120.0,201.0,92.0,85.0,114.0,152.0,93,160.0,35.0,31.0,1.0,1.0,150,170,160,160,160,160,LHLLLL,NNNNNN,No Achievement,75,Consistently Weak Performer,SAI RAM YELUKUR IRON MART,Kurnool,Kurnool,Exclusive,6203936.0,110700.0,2700.0,0.4352075843464536,111.5,0.0037735849056603774,0.07925925925925927,8.769550573084574e-05,0.00025171197307624496,0.49111111111111116,1.087716830326177e-06,SIPA106,Sai Ram Yelukur Iron Mart,139.6,53,0.0,Exclusive,100.0,37.96561604584527,24.413145539906104,42.241010533112714,Tier 1,2000.0,2000.0,2000.0,0.0,150000.0
43,SIPA107,61.0,93.0,87.0,34.0,44.0,92.0,90,103.0,58.0,82.0,78.0,66.0,80,100,100,100,100,100,HHLHLL,AANNNN,Low Achievement,79,Fluctuating Performer,Sai Shakthi Agency,Kurnool,Kurnool,Exclusive,6203936.0,110700.0,2700.0,0.4352075843464536,78.83333333333333,0.336734693877551,0.04888888888888889,5.395063726566812e-05,0.02348182542514646,0.3459259259259259,1.087716830326177e-06,SIPA107,Sai Shakthi Agency,86.9,80,0.0,Exclusive,100.0,92.05983889528193,37.08920187793427,60.66548890581694,Tier 1,2000.0,2000.0,2000.0,0.0,158000.0
44,SIPA108,127.0,96.0,121.0,115.0,72.0,61.0,58,102.0,68.0,50.0,90.0,66.0,100,100,100,100,100,100,LHLLHL,NANNNN,Low Achievement,72,Consistently Weak Performer,Sri Sai Building Materials,Kurnool,Kurnool,Exclusive,6203936.0,110700.0,2700.0,0.4352075843464536,86.66666666666667,0.2907488986784141,0.03925925925925926,4.325104482548985e-05,0.02027347702986946,0.38074074074074077,1.087716830326177e-06,SIPA108,Sri Sai Building Materials,108.0,72,0.0,Exclusive,100.0,66.66666666666666,33.33333333333333,53.33333333333333,Tier 1,2000.0,2000.0,2000.0,0.0,144000.0
45,SIPA109,30.0,30.0,30.0,28.666666666666668,30.0,28.0,30,31.0,24.0,1.0,1.0,34.0,30,30,30,30,30,30,HHLLLH,AANNNA,Moderate Achievement,35,Declining Performer,New Balavenkatarama Traders,Kurnool,Nandikotkur,Non-Exclusive,6203936.0,83748.0,140.0,0.02256631918833463,29.5,0.2905982905982906,0.44285714285714284,0.0004916933038017527,0.02026296936788194,0.12666666666666668,5.611366711920026e-08,SIPA109,New Balavenkatarama Traders,57.2,20,140.0,Non-Exclusive,40.85714285714286,34.96503496503497,8.92018779342723,20.516548240491904,Tier 3,1667.0,1323.0,1323.0,0.0,46300.0
46,SIPA112,50.0,32.0,1.0,27.0,29.0,49.0,28,33.0,31.0,55.0,30.0,42.0,40,35,40,40,40,40,LHHHLH,NNNANA,Low Achievement,46,Emerging Performer,Sohail Steels,Kurnool,Yemmiganur,Non-Exclusive,6203936.0,74195.0,150.0,0.02417819913035853,39.5,0.28378378378378377,0.5666666666666667,0.0006292594923183305,0.019787533161804597,0.1711111111111111,6.01433669754775e-08,SIPA112,Sohail Steels,70.5,36,150.0,Non-Exclusive,47.0,51.06382978723404,16.431924882629108,29.471920887024275,Tier 1,2000.0,2000.0,2000.0,0.0,92000.0
47,SIPA113,12.333333333333334,17.166666666666668,12.0,12.0,12.0,13.166666666666666,26,1.0,15.0,12.0,17.0,16.0,12,12,15,15,15,15,HLHLHH,ANANAA,Moderate Achievement,18,Consistently Strong Performer,Kota Hanumantha Prasad,Nellore,Alluru,Exclusive,4538626.0,1.0,45.0,0.009914894948383058,12.444444444444443,0.09467455621301775,2.2,0.002444074979287029,0.006593713544651864,0.05086419753086419,2.4485106509765366e-08,SIPA113,Kota Hanumantha Prasad,70.3,14,45.0,Exclusive,100.0,19.91465149359886,6.103286384976526,27.644902129705688,Tier 2,1833.0,1611.0,1611.0,0.0,29000.0
48,SIPA114,41.0,40.0,30.0,25.0,25.0,1.0,59,26.0,29.0,31.0,20.0,21.0,25,25,25,25,25,25,HLHHLL,AAAANN,Moderate Achievement,28,Target-Oriented Performer,Patchipulusu Steel & Cements,Nellore,Kavali,Exclusive,4538626.0,67997.0,250.0,0.055082749713239204,26.333333333333332,0.10144927536231885,0.38,0.0004218520080933363,0.007066373835008668,0.11259259259259259,1.3740474345602224e-07,SIPA114,Patchipulusu Steel & Cements,96.3,31,250.0,Exclusive,38.519999999999996,32.191069574247145,14.084507042253522,22.59291814020154,Tier 3,1667.0,1323.0,1323.0,0.0,37040.0
49,SIPA117,270.0,199.0,167.0,122.0,152.0,262.0,268,223.0,176.0,178.0,215.0,226.0,220,240,250,225,250,250,HHLLHH,ANNNNN,Low Achievement,212,Emerging Performer,Sri Venkateswara Steels & Cements,Nellore,Nellore,Exclusive,4538626.0,132216.0,2400.0,0.5287943972470964,226.0,0.2562358276643991,0.17958333333333334,0.00019916674043212612,0.017865560508596074,1.0,1.3216838626484726e-06,SIPA117,Sri Venkateswara Steels & Cements,429.8,214,0.0,Exclusive,100.0,49.79060027919962,100.0,89.95812005583993,Tier 1,2000.0,2000.0,2000.0,0.0,424000.0
50,SIPA118,39.0,40.0,39.0,25.0,34.5,45.0,65,25.0,24.0,39.0,42.0,45.0,35,35,40,35,40,40,HLLHHH,ANNAAA,Moderate Achievement,48,Consistently Strong Performer,Vinayaka Steel & Cements,Nellore,Venkatagiri,Non-Exclusive,4538626.0,27880.0,150.0,0.03304964982794353,36.333333333333336,0.35714285714285715,0.3933333333333333,0.0004366668283951216,0.024905667234976142,0.15703703703703706,8.232199372614085e-08,SIPA118,Vinayaka Steel & Cements (New),30.2,40,100.0,Non-Exclusive,30.2,100.0,18.30985915492958,37.02591549295775,Tier 1,2000.0,2000.0,2000.0,0.0,96000.0
51,SIPA122,31.0,1.0,46.0,28.0,1.0,39.0,43,25.0,1.0,34.0,1.0,27.0,20,25,30,30,30,30,HLLHLH,AANANN,Moderate Achievement,34,Fluctuating Performer,Sri Srinivasa Traders D,Prakasam,Darsi,Exclusive,5954328.0,120120.0,150.0,0.025191759674643384,20.666666666666668,0.627906976744186,0.06,6.629632085048919e-05,0.04379640566539081,0.0874074074074074,6.26772683369552e-08,SIPA122,Sri Srinivasa Traders D,10.9,22,150.0,Exclusive,7.2666666666666675,100.0,9.859154929577464,27.368826291079813,Tier 2,1833.0,1611.0,1611.0,0.0,54770.0
52,SIPA123,1.0,28.0,30.0,1.0,1.0,50.0,25,1.0,26.0,1.0,25.0,30.0,20,20,24,24,25,25,HLHLHH,ANANAA,Moderate Achievement,32,Consistently Strong Performer,Manjunatha Cement & Steel,Prakasam,Giddalur,Exclusive,5954328.0,86133.0,110.0,0.018473957094738484,22.666666666666668,0.4166666666666667,0.2545454545454545,0.0002824580170719928,0.0290585391803127,0.0962962962962963,4.588276188211882e-08,SIPA123,Manjunatha Cement & Steel,32.8,18,110.0,Exclusive,29.818181818181817,54.87804878048781,7.981220657276995,21.727978514100123,Tier 3,1667.0,1323.0,1323.0,0.0,42340.0
53,SIPA126,21.0,4.0,28.0,16.0,1.0,17.0,31,8.0,1.0,1.0,20.0,18.0,15,15,20,20,17,17,HLLLHH,ANNNAA,Moderate Achievement,27,Declining Performer,Gopal Steel Syndicate,Prakasam,Kanigiri,Non-Exclusive,5954328.0,92466.0,120.0,0.020153407739714708,11.5,0.16363636363636364,0.36666666666666664,0.000407037187791551,0.011405058074500206,0.04666666666666667,5.0081388495827916e-08,SIPA126,Gopal Steel Syndicate,50.2,13,140.0,Non-Exclusive,35.85714285714286,25.89641434262948,5.633802816901409,15.730993130095316,Tier 4,1500.0,1110.0,1110.0,0.0,29970.0
54,SIPA128,12.166666666666666,12.0,11.833333333333334,11.666666666666666,12.0,9.833333333333334,24,24.0,1.0,1.0,10.0,1.0,12,12,12,12,10,10,HHLLLL,AANNAN,Moderate Achievement,23,Fluctuating Performer,Eswar Agencies,Prakasam,Marrichetlapalem,Non-Exclusive,5954328.0,1.0,90.0,0.015115055804786032,10.0,0.015384615384615385,0.34444444444444444,0.00038234582062190883,0.001061793234982244,0.04,3.748550865470062e-08,SIPA128,Eswar Agencies,34.3,10,90.0,Non-Exclusive,38.11111111111111,29.154518950437318,4.225352112676056,15.988337279915319,Tier 4,1500.0,1110.0,1110.0,0.0,25530.0
55,SIPA131,53.0,46.0,41.0,38.0,50.0,42.0,77,55.0,26.0,39.0,51.0,50.0,45,50,60,60,50,50,HHLLHH,AANNAA,Moderate Achievement,53,Consistently Strong Performer,Balaji Steel Corporation,Prakasam,Ongole,Exclusive,5954328.0,48376.0,400.0,0.06717802579904902,45.333333333333336,0.5,0.1175,0.0001301852334019383,0.03487255990378388,0.19703703703703704,1.676429336796827e-07,SIPA131,Balaji Steel Corporation,40.9,50,1200.0,Exclusive,3.408333333333333,100.0,23.004694835680752,34.48448356807511,Tier 1,2000.0,2000.0,2000.0,0.0,106000.0
56,SIPA133,24.0,25.0,37.0,12.0,11.0,16.0,42,1.0,14.0,12.0,7.0,26.0,20,24,24,24,25,25,HLLLLH,ANNNNA,Low Achievement,20,Consistently Weak Performer,Sri Dhanalakshmi Steels,Prakasam,Pamur,Non-Exclusive,5954328.0,1.0,170.0,0.028550660964595836,17.666666666666668,0.21666666666666667,0.3411764705882353,0.0003787147372146085,0.015104889443981867,0.07407407407407408,7.107452156437341e-08,SIPA133,Sri Dhanalakshmi Steels,54.8,17,170.0,Non-Exclusive,32.23529411764706,31.02189781021898,7.511737089201878,17.158480639094336,Tier 4,1500.0,1110.0,1110.0,0.0,22200.0
57,SIPA134,1.0,42.0,19.0,13.0,1.0,1.0,23,16.0,15.0,15.0,16.0,20.0,15,15,15,15,17,17,HLHHHH,AAAANA,High Achievement,22,Consistently Strong Performer,Sri Sai Balaji Agencies,Prakasam,Podili,Non-Exclusive,5954328.0,67017.0,120.0,0.020153407739714708,15.833333333333334,0.3076923076923077,0.3,0.0003329630862826245,0.02145558900346577,0.06592592592592593,5.0081388495827916e-08,SIPA134,Sri Sai Balaji Agencies,27.9,18,120.0,Non-Exclusive,23.25,64.51612903225806,7.981220657276995,22.34195820081781,Tier 3,1667.0,1323.0,1323.0,0.0,29110.0
58,SIPA135,13.0,14.0,24.0,14.0,24.0,13.0,24,22.0,10.0,1.0,12.0,25.0,20,24,24,24,25,25,HHLLLH,ANNNNA,Low Achievement,18,Declining Performer,Sri Balaji Steel Traders,Prakasam,Singarayakonda,Non-Exclusive,5954328.0,70708.0,160.0,0.02687121031961961,16.166666666666668,0.36231884057971014,0.2,0.00022185193401923483,0.025266786534570623,0.06740740740740742,6.687589495066431e-08,SIPA135,Sri Balaji Steel Traders,38.0,15,160.0,Non-Exclusive,23.75,39.473684210526315,6.572769953051644,16.58839881393625,Tier 4,1500.0,1110.0,1110.0,0.0,19980.0
59,SIPA148,34.0,30.0,1.0,1.0,1.0,1.0,1,67.0,41.0,1.0,49.0,34.0,30,30,40,40,30,30,LHHLHH,NAANAA,Moderate Achievement,47,Consistently Strong Performer,Sri Sita Mahalaxmi Enterprises,Vizianagaram,Parvathipuram,Non-Exclusive,3662958.0,1.0,500.0,0.13650170163021252,34.5,0.3469387755102041,0.102,0.00011296300480111287,0.0241937463300613,0.14888888888888888,3.409521233099535e-07,SIPA148,Sri Sita Mahalaxmi Enterprises,55.2,32,500.0,Non-Exclusive,11.040000000000001,57.971014492753625,14.553990610328638,22.53459726474791,Tier 3,1667.0,1323.0,1323.0,0.0,62180.0
60,SIPA151,60.0,102.0,1.0,1.0,1.0,1.0,1,1.0,1.0,1.0,80.0,40.0,777,700,200,50,100,100,LLHHHH,NNNNNN,No Achievement,60,Emerging Performer,Arunodaya Steel Corporation,Vizianagaram,Vizianagaram,Non-Exclusive,3662958.0,1.0,3000.0,0.8190102097812751,34.166666666666664,0.05383580080753701,0.12366666666666666,0.000137037087791514,0.0037444651016730356,0.1474074074074074,2.047223394203128e-06,SIPA151,Arunodaya Steel Corporation,691.3,20,3000.0,Non-Exclusive,23.043333333333333,2.8930999566035007,8.92018779342723,10.539399334043704,Tier 5,1333.0,952.0,952.0,0.0,57120.0
61,SIPA163,37.0,26.0,1.0,1.0,1.0,1.0,40,53.0,20.0,20.0,36.0,25.0,30,30,40,40,30,30,HHHHHL,AANNAN,Moderate Achievement,32,Emerging Performer,Sri Vijayalaxmi Enterprises,Vizianagaram,Kothavalasa,Exclusive,3662958.0,1.0,200.0,0.05460068065208501,27.0,0.14124293785310735,0.38,0.0004218520080933363,0.009842707975619815,0.11555555555555555,1.3619957080277263e-07,SIPA163,Sri Vijayalaxmi Enterprises,99.8,33,200.0,Exclusive,49.9,33.06613226452906,15.023474178403756,25.607310959948066,Tier 2,1833.0,1611.0,1611.0,0.0,51550.0
62,SIPA164,1.0,13.0,1.0,1.0,13.0,12.0,13,1.0,1.0,1.0,2.0,1.0,12,12,12,12,10,10,HLLLLL,ANNNNN,Low Achievement,15,Consistently Weak Performer,Kamakshi Steels - (U),Guntur,Undavalli,Non-Exclusive,6629265.0,10675.0,100.0,0.015084628537251113,4.833333333333333,0.3333333333333333,0.01,1.074074471879434e-05,0.023244518456841515,0.017037037037037035,3.740944048584034e-08,SIPA164,Kamakshi Steels - (U),3.0,3,100.0,Non-Exclusive,3.0,100.0,0.9389671361502347,21.16338028169014,Tier 3,1667.0,1323.0,1323.0,0.0,19840.0
63,SIPA165,14.0,10.0,12.0,10.0,1.0,11.0,20,20.0,14.0,10.0,14.0,10.0,12,20,20,20,15,15,HHHLHL,AANNNN,Low Achievement,13,Emerging Performer,Om Vinayaka Hardware & Paints,Chittoor,Bangarupalem,Exclusive,6588204.0,73199.0,60.0,0.00910718611627691,13.166666666666666,0.43478260869565216,0.08333333333333333,9.222225637861346e-05,0.030322456728893388,0.05407407407407407,2.246583442888991e-08,SIPA165,Om Vinayaka Hardware & Paints,5.9,15,60.0,Exclusive,9.833333333333334,100.0,6.572769953051644,25.910328638497653,Tier 2,1833.0,1611.0,1611.0,0.0,20940.0
64,SIPA167,25.0,3.0,1.0,1.0,5.0,20.0,16,13.0,1.0,12.0,1.0,14.0,10,12,15,15,15,15,HHLHLH,AANNNN,Low Achievement,15,Emerging Performer,MATURI STEEL & CEMENT,Krishna,Machilipatnam,Non-Exclusive,6097627.0,69070.0,300.0,0.04919946726816842,12.666666666666666,0.2413793103448276,0.10333333333333333,0.00011444448683129142,0.016829047313700905,0.05185185185185185,1.2269653733890147e-07,SIPA167,Maturi Steel & Cement,27.0,9,300.0,Non-Exclusive,9.0,33.33333333333333,3.755868544600939,10.72018779342723,Tier 5,1333.0,952.0,952.0,0.0,14280.0
65,SIPA173,31.0,30.0,1.0,1.0,1.0,1.0,1,25.0,25.0,30.0,1.0,31.0,25,30,30,30,25,25,LHHHLH,NNNANA,Low Achievement,32,Emerging Performer,Jai Vasavi Steel Syndicate (V),East Godavari,Vaddigudem,Non-Exclusive,8274560.0,1.0,1000.0,0.1208523474359966,23.833333333333332,0.4246575342465753,0.035,3.8518532784641776e-05,0.02961604801680993,0.10148148148148148,3.018287378125933e-07,SIPA173,Jai Vasavi Steel Syndicate (V),45.9,19,1000.0,Non-Exclusive,4.59,41.394335511982575,8.450704225352112,14.267289637607782,Tier 4,1500.0,1110.0,1110.0,0.0,35520.0
66,SIPA174,53.0,54.0,54.0,12.0,41.0,41.0,45,40.0,45.0,25.0,1.0,13.0,40,40,45,45,60,60,HLHLLL,AAANNN,Moderate Achievement,33,Declining Performer,Sai Venkata Lakshmi Steels,Guntur,Macherla,Exclusive,6629265.0,55758.0,260.0,0.039220034196852896,41.0,0.07344632768361582,0.39615384615384613,0.00043980073268973,0.005112657217541565,0.17777777777777778,9.774795465307494e-08,SIPA174,Sai Venkata Lakshmi Steels,102.3,28,260.0,Exclusive,39.34615384615385,27.370478983382213,12.676056338028168,20.948960368724112,Tier 3,1667.0,1323.0,1323.0,0.0,43660.0
67,SIPA184,11.0,12.0,15.0,13.0,12.166666666666666,12.0,12,13.0,13.0,1.0,16.0,15.0,12,12,12,12,15,15,LHHLHH,AAANAA,High Achievement,19,Consistently Strong Performer,Sri Satyanarayana Stores,Prakasam,Tangutur,Exclusive,5954328.0,90270.0,50.0,0.008397253224881128,12.666666666666666,0.25862068965517243,0.58,0.0006440743126201157,0.01803194815303977,0.05185185185185185,2.0691002199864224e-08,SIPA184,Sri Satyanarayana Stores,18.0,11,50.0,Exclusive,36.0,61.111111111111114,4.694835680751173,22.23912363067293,Tier 3,1667.0,1323.0,1323.0,0.0,25140.0
68,SIPA187,14.0,13.0,10.0,2.0,3.0,10.0,2,10.0,2.0,1.0,10.0,14.0,10,10,10,10,10,10,LHLLHH,NANNAA,Moderate Achievement,13,Fluctuating Performer,Karthikeya Enterprises,Krishna,Agiripalli,Non-Exclusive,6097627.0,75381.0,50.0,0.008199911211361403,10.5,0.25,0.6,0.0006662965430727937,0.017430497733370336,0.042222222222222223,2.019764716591585e-08,SIPA187,Karthikeya Enterprises,27.7,6,50.0,Non-Exclusive,55.39999999999999,21.660649819494584,2.3474178403755865,16.82058066812427,Tier 4,1500.0,1110.0,1110.0,0.0,14430.0
69,SIPA190,1.0,21.0,1.0,12.0,13.0,15.0,15,16.0,12.0,12.0,19.0,1.0,15,15,15,15,18,18,HHHLHL,AANNAN,Moderate Achievement,17,Emerging Performer,Sri Bhavani Iron & Tiles,Guntur,Gurazala,Non-Exclusive,6629265.0,92260.0,40.0,0.006033851414900445,11.0,0.024390243902439025,0.7,0.0007774076953361834,0.0016901001649483605,0.044444444444444446,1.4782497673127373e-08,SIPA190,Sri Bhavani Iron & Tiles,18.3,12,40.0,Non-Exclusive,45.75,65.57377049180327,5.164319248826291,25.36334564765643,Tier 2,1833.0,1611.0,1611.0,0.0,27390.0
70,SIPA192,11.0,11.0,10.0,21.0,1.0,14.0,1,6.0,13.0,1.0,10.0,1.0,12,12,12,12,10,10,LLHLHL,NNANAN,Low Achievement,13,Consistently Weak Performer,M. Bharatha Raju,Anantapur,Amarapuram,Non-Exclusive,6321948.0,67721.0,100.0,0.01581790928998467,9.333333333333334,0.015625,0.33,0.0003662964319616415,0.0010785644486076417,0.03703703703703704,3.92426423682281e-08,SIPA192,M. Bharatha Raju,34.6,5,100.0,Non-Exclusive,34.6,14.45086705202312,1.8779342723004695,10.936933973784907,Tier 5,1333.0,952.0,952.0,0.0,12380.0
71,SIPA202,58.0,83.0,56.0,19.0,33.0,66.0,60,40.0,40.0,51.0,52.0,53.0,45,50,70,60,60,60,HLLHHH,ANNNNN,Low Achievement,54,Emerging Performer,Mahesh Enterprises,Guntur,Vinukonda,Non-Exclusive,6629265.0,52773.0,300.0,0.04525388561175334,56.666666666666664,0.292817679558011,0.30666666666666664,0.0003403704964335171,0.02041781224874503,0.24740740740740738,1.1283258319488358e-07,SIPA202,Mahesh Enterprises,71.2,50,350.0,Non-Exclusive,20.34285714285714,70.22471910112358,23.004694835680752,31.916332150204596,Tier 1,2000.0,2000.0,2000.0,0.0,108000.0
72,SIPA206,13.0,1.0,20.0,20.0,12.0,31.0,24,12.0,7.0,12.0,12.0,1.0,20,20,20,20,20,20,HLLLLL,ANNNNN,Low Achievement,14,Consistently Weak Performer,Sree Rama Devi Steel & Cement,Cuddapah,Duvvuru,Exclusive,4111686.0,64599.0,90.0,0.021888831005091345,10.833333333333334,0.03225806451612903,0.3,0.0003329630862826245,0.0022390242301069297,0.0437037037037037,5.441994666058032e-08,SIPA206,Sree Rama Devi Steel & Cement,13.2,11,90.0,Exclusive,14.666666666666666,83.33333333333334,4.694835680751173,22.416901408450705,Tier 3,1667.0,1323.0,1323.0,0.0,18520.0
73,SIPA208,11.5,1.0,1.0,1.0,1.0,1.0,1,15.5,1.0,1.0,11.6,1.0,20,30,30,30,20,20,LHLLHL,NNNNNN,No Achievement,13,Consistently Weak Performer,Suresh And Ramesh Traders,Srikakulam,Pathapattanam,Non-Exclusive,4798722.0,80593.0,100.0,0.020838881685582122,5.166666666666667,0.007518796992481203,0.68,0.0007551854648835055,0.0005130088613150973,0.018518518518518517,5.179507336101421e-08,SIPA208,Suresh And Ramesh Traders,162.4,9,100.0,Non-Exclusive,100.0,5.541871921182265,3.755868544600939,23.361895510997016,Tier 2,1833.0,1611.0,1611.0,0.0,20940.0
74,SIPA212,55.0,56.0,71.0,23.0,59.0,19.0,51,34.0,24.0,25.0,51.0,51.0,50,50,50,50,50,50,HLLLHH,ANNNAA,Moderate Achievement,48,Declining Performer,Yaswanthi Iron Mart,Anantapur,Dharmavaram,Non-Exclusive,6321948.0,50605.0,250.0,0.03954477322496167,39.833333333333336,0.2602040816326531,0.344,0.00038185199327851597,0.018142418638285175,0.1725925925925926,9.855980222359216e-08,SIPA212,Yaswanthi Iron Mart,45.0,39,250.0,Non-Exclusive,18.0,86.66666666666667,17.84037558685446,31.637558685446013,Tier 1,2000.0,2000.0,2000.0,0.0,96000.0
75,SIPA213,12.0,12.0,32.0,1.0,25.0,40.0,39,14.0,13.0,25.0,35.0,24.0,20,24,24,24,25,25,HLLHHL,ANNAAN,Moderate Achievement,33,Fluctuating Performer,Sri Vasavi Agencies,Prakasam,Parchur,Non-Exclusive,5954328.0,68043.0,120.0,0.020153407739714708,19.166666666666668,0.4528301886792453,0.18333333333333332,0.0002033334086420032,0.03158160477729076,0.08074074074074075,5.0081388495827916e-08,SIPA213,Sri Vasavi Agencies,24.2,25,120.0,Non-Exclusive,20.166666666666664,100.0,11.267605633802818,30.793896713615023,Tier 1,2000.0,2000.0,2000.0,0.0,66000.0
76,SIPA215,1.0,15.0,1.0,13.0,5.0,10.0,12,11.0,1.0,11.0,1.0,11.0,10,12,12,12,10,10,HHLHLH,ANNNNA,Low Achievement,13,Emerging Performer,Raghavendra Traders,Chittoor,Kuppam,Non-Exclusive,6588204.0,120479.0,170.0,0.02580369399611791,8.166666666666666,0.10185185185185185,0.3176470588235294,0.00035257093668204624,0.007094460891643793,0.031851851851851846,6.420710414110373e-08,SIPA215,Raghavendra Traders,45.0,7,170.0,Non-Exclusive,26.47058823529412,15.555555555555555,2.8169014084507045,10.095369603240357,Tier 5,1333.0,952.0,952.0,0.0,12380.0
77,SIPA217,1.0,1.0,1.0,10.0,1.0,1.0,1,1.0,5.333333333333333,1.0,1.0,1.0,5,1,1,12,10,10,LLHLLL,NAANNN,Low Achievement,0,Consistently Weak Performer,Capital Building Enterprises,Guntur,Mandadam,Non-Exclusive,6629265.0,6588.0,100.0,0.015084628537251113,1.722222222222222,0.030303030303030304,0.16,0.00017740747311387894,0.0021026249169463153,0.003209876543209876,3.740944048584034e-08,SIPA217,Capital Building Enterprises,17.3,2,100.0,Non-Exclusive,17.3,11.560693641618498,0.4694835680751174,6.05382886916877,Tier 6,,,,,
78,SIPA232,25.0,24.0,21.0,12.0,13.0,12.0,12,1.0,1.0,12.0,12.0,1.0,12,12,15,12,20,20,LLLHHL,ANNANN,Low Achievement,14,Consistently Weak Performer,Sri Hari Hara Cement & Steels,Nellore,Atmakur,Non-Exclusive,4538626.0,90636.0,135.0,0.02974468484514917,10.666666666666666,0.024390243902439025,0.15555555555555556,0.00017246919967995052,0.0016901001649483605,0.04296296296296296,7.405958126665863e-08,SIPA232,Sri Hari Hara Cement & Steels,24.0,6,60.0,Non-Exclusive,40.0,25.0,2.3474178403755865,14.408450704225352,Tier 4,1500.0,1110.0,1110.0,0.0,15540.0
79,SIPA233,50.0,70.0,25.0,31.0,50.0,62.0,52,25.0,10.0,21.0,48.0,55.0,40,45,50,50,50,50,HLLLHH,ANNNNA,Low Achievement,45,Declining Performer,Sri Vigneswara Agencies,Nellore,Kota,Non-Exclusive,4538626.0,71463.0,200.0,0.04406619977059137,45.333333333333336,0.2777777777777778,0.64,0.0007107410039781496,0.019368504641194065,0.19703703703703704,1.0986336859108155e-07,SIPA233,Sri Vigneswara Agencies,67.8,35,200.0,Non-Exclusive,33.9,51.622418879056056,15.96244131455399,26.681948564543603,Tier 2,1833.0,1611.0,1611.0,0.0,72500.0
80,SIPA234,65.0,51.0,55.0,34.0,32.0,42.0,103,68.0,48.0,50.0,48.0,53.0,45,55,60,50,50,50,HHLLLL,AANANA,Moderate Achievement,55,Target-Oriented Performer,Lakshmi Iron & Cements,Prakasam,Chirala,Non-Exclusive,5954328.0,85626.0,250.0,0.04198626612440564,54.5,0.27319587628865977,0.284,0.00031518530192048216,0.019048833398666438,0.23777777777777778,1.046635344740462e-07,SIPA234,Lakshmi Iron & Cements,115.2,62,30.0,Non-Exclusive,100.0,53.81944444444444,28.638497652582164,47.94698748043818,Tier 1,2000.0,2000.0,2000.0,0.0,110000.0
81,SIPA235,60.0,61.0,66.33333333333333,31.0,60.0,74.0,92,39.0,33.0,30.0,56.0,63.0,60,65,65,55,65,65,HLLLHH,ANNNNN,Low Achievement,54,Declining Performer,Maddileti Agencies Nandyal,Kurnool,Nandyal,Exclusive,6203936.0,68852.0,1100.0,0.17730679362262924,55.0,0.2775330396475771,0.11454545454545455,0.00012690240390324725,0.01935142969046434,0.24,4.4296485332181653e-07,SIPA235,Maddileti Agencies Nandyal,121.7,52,3000.0,Exclusive,4.056666666666667,42.72801972062448,23.943661971830984,23.72313446055682,Tier 2,1833.0,1611.0,1611.0,0.0,86990.0
82,SIPA236,24.0,25.0,32.0,20.833333333333332,26.0,29.0,28,24.0,25.0,25.0,11.0,11.0,24,24,30,24,25,25,HLLLLL,AANANN,Moderate Achievement,18,Fluctuating Performer,Siva Sankar Traders,Prakasam,Cumbum,Non-Exclusive,5954328.0,48698.0,100.0,0.016794506449762256,23.0,0.3548387096774194,0.05,5.518520562415023e-05,0.024744910901608276,0.09777777777777778,4.168413526840972e-08,SIPA236,Siva Sankar Traders,10.2,21,100.0,Non-Exclusive,10.2,100.0,9.389671361502346,27.673802816901407,Tier 2,1833.0,1611.0,1611.0,0.0,29000.0
83,SIPA237,1.0,24.0,1.0,7.0,17.0,14.0,26,1.0,1.0,13.0,21.0,13.0,12,12,12,12,15,15,HLLHHH,ANNAAN,Moderate Achievement,18,Emerging Performer,Sri Sai Durga Traders,Guntur,Modukur,Non-Exclusive,6629265.0,6354.0,40.0,0.006033851414900445,9.0,0.17333333333333334,1.175,0.0013051856685872846,0.012081598667776852,0.035555555555555556,1.4782497673127373e-08,SIPA237,Sri Sai Durga Traders,31.6,12,40.0,Non-Exclusive,79.0,37.974683544303794,5.164319248826291,26.493528258156537,Tier 2,1833.0,1611.0,1611.0,0.0,29000.0
84,SIPA238,1.0,1.0,1.0,1.0,1.0,2.6666666666666665,1,13.0,1.0,1.0,13.0,12.0,1,12,10,10,10,10,LHLLHH,AANNAA,Moderate Achievement,15,Target-Oriented Performer,Kalyan Traders,Cuddapah,Jammalamadugu,Non-Exclusive,4111686.0,32257.0,230.0,0.055938123679677876,5.111111111111112,4.0,0.004347826086956522,4.460549156081008e-06,0.2790614302895735,0.018271604938271607,1.3954317837276502e-07,SIPA238,Kalyan Traders,0.3,6,230.0,Non-Exclusive,0.13043478260869565,100.0,2.3474178403755865,21.43453766074709,Tier 3,1667.0,1323.0,1323.0,0.0,19840.0
85,SIPA241,13.0,15.0,24.0,20.0,15.0,20.0,20,20.0,22.0,1.0,23.0,20.0,15,15,15,20,20,20,HHHLHH,AAANAA,High Achievement,28,Consistently Strong Performer,Sree Ranga Traders Atmakur,Kurnool,Atmakur,Non-Exclusive,6203936.0,121731.0,80.0,0.012895039536191219,18.333333333333332,0.31746031746031744,0.425,0.0004718520266118617,0.0221370859380851,0.07703703703703703,3.1935467981536744e-08,SIPA241,Sree Ranga Traders Atmakur,32.0,17,60.0,Non-Exclusive,53.333333333333336,53.125,7.511737089201878,25.798708920187796,Tier 2,1833.0,1611.0,1611.0,0.0,45110.0
86,SIPA243,25.0,7.0,25.0,12.0,24.0,24.0,12,12.0,12.0,12.0,12.0,14.166666666666666,20,24,24,24,30,30,LLLLLH,NNNNNN,No Achievement,12,Consistently Weak Performer,Sri Balaji Cement Agencies,Prakasam,Kandukuru,Non-Exclusive,5954328.0,44750.0,140.0,0.02351230902966716,15.694444444444445,0.4166666666666667,0.21428571428571427,0.00023772495577114764,0.0290585391803127,0.06530864197530864,5.8478641723246115e-08,SIPA243,Sri Balaji Cement Agencies,30.8,14,140.0,Non-Exclusive,22.0,45.45454545454545,6.103286384976526,17.152880921895008,Tier 4,1500.0,1110.0,1110.0,0.0,13320.0
87,SIPA244,49.0,40.0,18.0,22.0,51.0,45.0,51,54.0,30.0,25.0,25.0,25.0,50,50,50,50,50,50,HHLLLL,AANNNN,Low Achievement,28,Consistently Weak Performer,Sri Balaji Agencies,Guntur,Ponnur,Non-Exclusive,6629265.0,1.0,140.0,0.021118479952151558,40.5,0.16025641025641027,0.5285714285714286,0.0005869314343132296,0.011169244646555221,0.17555555555555555,5.249406902764899e-08,SIPA244,Sri Balaji Agencies,90.6,35,140.0,Non-Exclusive,64.71428571428571,38.63134657836645,15.96244131455399,30.246591247262828,Tier 1,2000.0,2000.0,2000.0,0.0,56000.0
88,SIPA249,21.0,20.0,1.0,13.0,1.0,1.0,19,15.0,12.0,1.0,1.0,12.0,12,15,20,12,15,15,HHHLLH,AANNNN,Low Achievement,15,Emerging Performer,MANIKANTA STEEL CEMENT AND HARDWARE,Krishna,GAMPALAGUDEM ,Non-Exclusive,6097627.0,79800.0,80.0,0.013119857938178244,13.5,0.14634146341463414,0.5125,0.0005690742848423276,0.010198423174906187,0.05555555555555555,3.249751398667412e-08,SIPA249,Manikanta Steel Cement And Hardware,37.8,10,80.0,Non-Exclusive,47.25,26.45502645502646,4.225352112676056,17.276216558610926,Tier 4,1500.0,1110.0,1110.0,0.0,16650.0
89,SIPA252,15.0,12.0,1.0,13.0,1.0,15.0,20,7.0,1.0,10.0,14.0,1.0,12,15,15,15,15,15,HLLHHL,ANNNNN,Low Achievement,17,Fluctuating Performer,SRI RAJA RAJESWARI STEELS & CEMENT,Nellore,SULLURPET,Non-Exclusive,4538626.0,83760.0,180.0,0.03965957979353223,8.5,0.024390243902439025,0.11666666666666667,0.00012925930713307673,0.0016901001649483605,0.03333333333333333,9.884681864510528e-08,SIPA252,Sri Raja Rajeswari Steels & Cement,18.6,9,180.0,Non-Exclusive,10.333333333333334,48.387096774193544,3.755868544600939,13.99760714826594,Tier 4,1500.0,1110.0,1110.0,0.0,18870.0
90,SIPA253,8.0,1.0,1.0,1.0,1.0,1.0,1,1.0,2.6666666666666665,1.0,1.0,1.0,5,12,12,12,10,10,LHHLLL,NNNNNN,No Achievement,0,Consistently Weak Performer,BEERAN SAAB TRADERS,Anantapur,O.D. CHERUVU,Non-Exclusive,6321948.0,1.0,80.0,0.012654327431987735,2.444444444444444,0.03571428571428571,0.1625,0.00018018525192046368,0.0024801587301587296,0.006419753086419753,3.1333687720846225e-08,SIPA253,Beeran Saab Traders,13.2,1,80.0,Non-Exclusive,16.499999999999996,7.575757575757576,0.0,4.8151515151515145,Tier 6,,,,,
91,SIPA255,13.0,4.0,1.0,1.0,1.0,1.0,12,1.0,1.0,1.0,1.0,1.0,10,12,12,12,10,10,HLLLLL,ANNNNN,Low Achievement,14,Consistently Weak Performer,SRI SIRI TRADERS,Krishna,Avanigadda,Non-Exclusive,6097627.0,64723.0,70.0,0.011479875695905964,3.5,0.01818181818181818,0.38571428571428573,0.00042820121679410146,0.0012569491753505074,0.01111111111111111,2.83975583797547e-08,SIPA255,Sri Siri Traders,28.1,2,250.0,Non-Exclusive,11.24,7.117437722419928,0.4694835680751174,3.9531776853290563,Tier 6,,,,,
92,SIPA257,13.0,15.0,1.0,12.0,13.0,1.0,24,1.0,12.0,1.0,4.0,11.0,10,12,12,12,10,10,HLHLLH,ANANNA,Moderate Achievement,18,Fluctuating Performer,SRI SRINIVASA ENTERPRISES,Krishna,Nagayalanka,Non-Exclusive,6097627.0,57220.0,70.0,0.011479875695905964,8.833333333333334,0.2558139534883721,0.5,0.000555185390809404,0.01783612708617065,0.03481481481481482,2.83975583797547e-08,SIPA257,Sri Srinivasa Enterprises,16.4,8,70.0,Non-Exclusive,23.428571428571427,48.78048780487806,3.286384976525822,16.41364283260539,Tier 4,1500.0,1110.0,1110.0,0.0,19980.0
93,SIPA260,14.0,5.0,1.0,6.0,1.0,1.0,28,1.0,1.0,12.0,1.0,1.0,10,12,15,15,10,10,HLLHLL,ANNNNN,Low Achievement,23,Consistently Weak Performer,SRI SRINIVASA AGENCIES,Guntur,NIJAMPATNAM,Non-Exclusive,6629265.0,80955.0,80.0,0.01206770282980089,3.8333333333333335,0.014084507042253521,0.4875,0.0005412964967764802,0.0009710869528392484,0.012592592592592593,2.986712621493602e-08,SIPA260,Sri Srinivasa Agencies,35.3,7,80.0,Non-Exclusive,44.125,19.8300283286119,2.8169014084507045,14.481146510792803,Tier 4,1500.0,1110.0,1110.0,0.0,25530.0
94,SIPA263,9.0,10.0,1.0,13.0,1.0,13.0,12,13.0,1.0,1.0,12.0,1.0,10,12,12,12,10,10,HHLLHL,AANNAN,Moderate Achievement,14,Fluctuating Performer,BALA PRAGATHI TRADERS,Prakasam,YERRAGONDAPALEM,Non-Exclusive,5954328.0,64063.0,60.0,0.010076703869857354,7.833333333333333,0.017857142857142856,0.5833333333333334,0.0006477780176955621,0.0012342971465577625,0.030370370370370367,2.4889628813573323e-08,SIPA263,Bala Pragathi Traders,24.1,6,60.0,Non-Exclusive,40.166666666666664,24.896265560165972,2.3474178403755865,14.42103714959188,Tier 4,1500.0,1110.0,1110.0,0.0,15540.0
95,SIPA265,20.0,1.0,20.0,15.0,16.0,5.0,15,1.0,10.0,1.0,11.0,10.0,15,15,20,20,20,20,HLLLHH,ANNNNN,Low Achievement,12,Declining Performer,RAMANA STEEL,Anantapur,PAMIDI,Non-Exclusive,6321948.0,82189.0,90.0,0.014236118360986203,7.833333333333333,0.13333333333333333,0.37777777777777777,0.0004193828713763721,0.009290868720510685,0.030370370370370367,3.5288165044537165e-08,SIPA265,Ramana Steel,32.2,8,90.0,Non-Exclusive,35.77777777777778,24.844720496894407,3.286384976525822,14.096330640849931,Tier 4,1500.0,1110.0,1110.0,0.0,13320.0
96,SIPA270,13.0,14.0,13.0,13.0,15.166666666666666,17.0,13,20.0,10.0,12.0,10.0,12.0,12,15,20,20,20,20,LHLLLL,AANNNN,Low Achievement,13,Consistently Weak Performer,SRI SRINIVASA STEELS (T),Guntur,THULLUR,Non-Exclusive,6629265.0,61875.0,90.0,0.013576165683526,14.333333333333334,4.0,0.011111111111111112,1.1975313077276448e-05,0.2790614302895735,0.05925925925925926,3.3638283350388176e-08,SIPA270,Sri Srinivasa Steels (T),7.7,14,90.0,Non-Exclusive,8.555555555555555,100.0,6.103286384976526,25.373082942097028,Tier 2,1833.0,1611.0,1611.0,0.0,20940.0
97,SIPA271,7.0,1.0,1.0,1.0,1.0,13.0,1,1.0,1.0,1.0,12.0,12.0,1,1,1,1,1,10,LLLLHH,AAAAAA,High Achievement,15,Target-Oriented Performer,Sri Kishore Traders,Nellore,UDAYAGIRI,Non-Exclusive,4538626.0,36378.0,60.0,0.013219859931177408,5.833333333333333,0.22641509433962265,0.5833333333333334,0.0006477780176955621,0.015785020170123776,0.02148148148148148,3.274751896924757e-08,SIPA271,Sri Kishore Traders,13.4,4,60.0,Non-Exclusive,22.333333333333332,29.850746268656714,1.4084507042253522,11.281886342933221,Tier 5,1333.0,952.0,952.0,0.0,14280.0
98,SIPA273,21.0,20.0,1.0,19.0,1.0,48.0,71,25.0,32.0,3.0,21.0,29.0,20,30,35,30,20,20,HLHLLL,ANNNAA,Moderate Achievement,32,Declining Performer,VIZAG STEELS,Krishna,VIJAYAWADA,Non-Exclusive,6097627.0,141039.0,5000.0,0.8199911211361404,29.166666666666668,0.04662379421221865,0.061,6.740743237312309e-05,0.003241296032037134,0.12518518518518518,2.0496756725910315e-06,SIPA273,Vizag Steels,102.0,30,5000.0,Non-Exclusive,2.04,29.411764705882355,13.615023474178404,14.459367025683513,Tier 4,1500.0,1110.0,1110.0,0.0,35520.0
99,SIPA274,15.0,33.0,1.0,1.0,25.0,23.0,25,16.0,13.0,1.0,15.0,18.0,12,15,20,20,15,15,HLLLLH,AANNAA,Moderate Achievement,18,Target-Oriented Performer,M V STEEL TRADERS (C),Krishna,Challapalli,Non-Exclusive,6097627.0,70607.0,220.0,0.03607960932999017,19.666666666666668,0.28125,0.12727272727272726,0.00014104382328222412,0.01961075550467203,0.08296296296296296,8.989689248354608e-08,SIPA274,M V Steel Traders (C),38.2,14,220.0,Non-Exclusive,17.363636363636363,36.64921465968586,6.103286384976526,14.46454203565036,Tier 4,1500.0,1110.0,1110.0,0.0,19980.0
100,SIPA275,1.0,26.0,26.0,8.0,1.0,1.0,21,12.0,1.0,1.0,1.0,16.0,20,20,20,20,15,15,HLLLLH,ANNNNA,Low Achievement,19,Consistently Weak Performer,KHAJA BANDE NAWAZ TRADERS,Kurnool,ORVAKAL,Exclusive,6203936.0,63306.0,40.0,0.006447519768095609,9.5,2.0,0.075,8.296299368999766e-05,0.13952493292626514,0.03777777777777778,1.5816668556427737e-08,SIPA275,Khaja Bande Nawaz Traders,8.5,8,40.0,Exclusive,21.25,94.11764705882352,3.286384976525822,25.0453603976802,Tier 2,1833.0,1611.0,1611.0,0.0,30610.0
101,SIPA276,18.0,1.0,1.0,1.0,5.0,1.0,23,1.0,1.0,15.0,11.0,10.0,12,15,15,15,10,10,HLLHHH,ANNAAA,Moderate Achievement,14,Consistently Strong Performer,NAGA SAI STEEL CORPORATION,Guntur,PIDUGURALLA,Non-Exclusive,6629265.0,59216.0,120.0,0.018101554244701334,5.333333333333333,0.1724137931034483,0.2916666666666667,0.00032370382359400875,0.012017443956345446,0.019259259259259257,4.495175475674466e-08,SIPA276,Naga Sai Steel Corporation,23.8,10,120.0,Non-Exclusive,19.833333333333332,42.016806722689076,4.225352112676056,14.905239278810116,Tier 4,1500.0,1110.0,1110.0,0.0,15540.0
102,SIPA278,12.0,11.0,1.0,15.0,1.0,11.0,1,10.0,12.0,12.0,12.0,10.0,10,12,12,12,10,10,LHHHHH,NNAAAA,Moderate Achievement,13,Consistently Strong Performer,SRI MUTHUMARIYAMMAN TRADERS,Chittoor,PAKALA,Non-Exclusive,6588204.0,78232.0,60.0,0.00910718611627691,11.0,0.16393442622950818,0.5333333333333333,0.0005922224415638672,0.011425853379621412,0.044444444444444446,2.246583442888991e-08,SIPA278,Sri Muthumariyamman Traders,30.8,9,60.0,Non-Exclusive,51.33333333333333,29.22077922077922,3.755868544600939,18.364343637583072,Tier 3,1667.0,1323.0,1323.0,0.0,17200.0
103,SIPA281,20.0,20.0,1.0,12.0,1.0,13.0,20,1.0,13.666666666666666,1.0,13.4,1.0,12,20,25,25,15,15,HLHLHL,ANNNNN,Low Achievement,18,Fluctuating Performer,Maha Ganapathi Steels,Guntur,Narasaraopet,Non-Exclusive,6629265.0,95698.0,650.0,0.09805008549213223,11.444444444444443,0.0070921985815602835,0.10461538461538461,0.00011586898878338615,0.0004832458372947681,0.04641975308641975,2.4482308293570925e-07,SIPA281,Maha Ganapathi Steels,75.7,11,650.0,Non-Exclusive,11.646153846153846,14.53104359313078,4.694835680751173,8.05234089630763,Tier 6,,,,,
104,SIPA282,52.0,50.0,56.0,25.0,29.0,24.0,50,29.0,26.0,20.0,18.0,46.0,45,50,45,40,50,50,HLLLLH,ANNNNN,Low Achievement,32,Consistently Weak Performer,SHOAIB STEELS,Anantapur,GOOTY,Non-Exclusive,6321948.0,88887.0,200.0,0.03163581857996934,37.833333333333336,0.21800947867298578,0.53,0.0005885187364884209,0.01519857508597145,0.1637037037037037,7.878741560513748e-08,SIPA282,Shoaib Steels,83.8,32,200.0,Non-Exclusive,41.9,38.18615751789976,14.553990610328638,24.749625869777134,Tier 2,1833.0,1611.0,1611.0,0.0,51550.0
105,SIPA287,11.0,25.0,13.0,13.0,1.0,11.0,13,12.0,1.0,1.0,13.0,12.0,10,12,12,12,10,10,HLLLHH,AANNAA,Moderate Achievement,14,Target-Oriented Performer,SAI KEERTHI ENTERPRISES,Krishna,BANTUMILLI ,Non-Exclusive,6097627.0,53237.0,100.0,0.016399822422722806,12.0,0.19672131147540983,0.25,0.00027740751015092966,0.013713336942954337,0.048888888888888885,4.069742520051297e-08,SIPA287,Sai Keerthi Enterprises,26.1,8,100.0,Non-Exclusive,26.1,30.65134099616858,3.286384976525822,13.32209918514921,Tier 5,1333.0,952.0,952.0,0.0,13330.0
106,SIPA290,13.0,25.0,1.0,1.0,14.0,22.0,1,27.5,1.0,21.5,1.0,18.666666666666668,20,25,24,24,25,25,LHLHLH,NANNNN,Low Achievement,25,Fluctuating Performer,Sai Steels,Kurnool,Adhoni,Non-Exclusive,6203936.0,102942.0,250.0,0.040296998550597554,17.86111111111111,0.2604166666666667,0.184,0.00020407414965709246,0.018157250323804237,0.07493827160493827,1.0044036553825004e-07,SIPA290,Sai Steels,43.7,18,250.0,Non-Exclusive,17.48,41.18993135011441,7.981220657276995,16.52271866438908,Tier 4,1500.0,1110.0,1110.0,0.0,27750.0
107,SIPA291,25.0,25.0,30.0,30.0,22.5,30.0,1,24.0,1.0,1.0,25.0,1.0,20,25,25,25,25,25,LHLLHL,NNNNAN,Low Achievement,28,Consistently Weak Performer,HSN Cement and Steels,Chittoor,Kalikiri,Non-Exclusive,6588204.0,61794.0,110.0,0.016696507879841,17.666666666666668,0.011363636363636364,0.4636363636363636,0.0005147813354408987,0.0007812565707028654,0.07407407407407408,4.143913884353256e-08,SIPA291,Hsn Cement And Steels,40.8,8,110.0,Non-Exclusive,37.09090909090909,19.607843137254903,3.286384976525822,13.31158143154829,Tier 5,1333.0,952.0,952.0,0.0,26660.0
108,SIPA300,1.0,31.0,25.0,1.0,1.0,1.0,26,12.0,1.0,1.0,20.0,1.0,20,20,25,20,20,20,HLLLHL,ANNNAN,Low Achievement,23,Consistently Weak Performer,Sri Venkateswara Fertilizers,Chittoor,Pichatoor,Non-Exclusive,6588204.0,36144.0,75.0,0.011383982645346137,7.833333333333333,0.015384615384615385,0.5733333333333334,0.0006366669024692231,0.001061793234982244,0.030370370370370367,2.8157825753282702e-08,SIPA300,Sri Venkateswara Fertilzers,22.4,10,75.0,Non-Exclusive,29.866666666666664,44.642857142857146,4.225352112676056,17.437116029510396,Tier 4,1500.0,1110.0,1110.0,0.0,25530.0
109,SIPA302,1.0,10.0,1.0,1.0,1.0,1.0,1,3.0,3.0,4.0,15.0,12.0,15,15,15,10,10,10,LHHHHH,NNNNAA,Low Achievement,16,Emerging Performer,Sesha Sai Traders,West Godavari,Tadepalligudem,Non-Exclusive,6422436.0,88256.0,500.0,0.0778520798027415,5.0,0.09917355371900827,0.12,0.00013296301220852303,0.006907600721467952,0.017777777777777778,1.943280686969763e-07,SIPA302,Sesha Sai Traders,60.7,6,500.0,Non-Exclusive,12.14,9.884678747940692,2.3474178403755865,5.813386453813491,Tier 6,,,,,
110,SIPA308,12.0,1.0,1.0,1.0,1.0,1.0,13,25.0,1.0,14.0,18.0,20.0,12,20,15,20,10,10,HHLHHH,AANNAA,Moderate Achievement,20,Consistently Strong Performer,Mahalakshmi Steel Enterprises,West Godavari,Narsapuram,Non-Exclusive,6422436.0,1.0,600.0,0.09342249576328983,10.0,0.2247191011235955,0.07333333333333333,8.11111411522745e-05,0.015666693693665596,0.04,2.3325410861010788e-07,SIPA308,Mahalakshmi Steel Enterprises,46.8,15,600.0,Non-Exclusive,7.8,32.05128205128205,6.572769953051644,11.913918382087397,Tier 5,1333.0,952.0,952.0,0.0,19040.0
111,SIPA309,54.0,45.0,1.0,30.0,40.0,40.0,1,26.0,41.0,1.0,56.0,1.0,30,30,40,40,45,45,LLHLHL,NNANAN,Low Achievement,45,Consistently Weak Performer,Basha Agencies,Nellore,Naidupeta,Non-Exclusive,4538626.0,79648.0,230.0,0.05067612973618007,34.5,0.0072992700729927005,0.41304347826086957,0.0004585669975368912,0.000497692852603906,0.14888888888888888,1.2638819351004596e-07,SIPA309,Basha Agencies,39.3,20,230.0,Non-Exclusive,17.08695652173913,50.89058524173028,8.92018779342723,18.94762102875022,Tier 3,1667.0,1323.0,1323.0,0.0,59540.0
112,SIPA310,25.0,13.0,37.0,18.0,12.0,41.0,63,9.0,1.0,12.0,27.0,32.0,20,24,24,24,30,30,HLLLHH,ANNNNA,Low Achievement,27,Declining Performer,SRI VENKATA SAI STEELS,Prakasam,Kandukur,Non-Exclusive,5954328.0,1.0,140.0,0.02351230902966716,20.166666666666668,0.42105263157894735,0.21428571428571427,0.00023772495577114764,0.029364540271021707,0.08518518518518518,5.8478641723246115e-08,SIPA310,Sri Venkata Sai Steels,37.8,24,140.0,Non-Exclusive,26.999999999999996,63.4920634920635,10.7981220657277,24.57728593784932,Tier 2,1833.0,1611.0,1611.0,0.0,43500.0
113,SIPA315,1.0,21.0,1.0,1.0,12.0,16.0,40,12.0,13.0,1.0,14.0,16.0,12,20,20,12,15,15,HLLLLH,ANNNNA,Low Achievement,17,Consistently Weak Performer,Vemuri Steels,Krishna,Tiruvuru,Non-Exclusive,6097627.0,76731.0,80.0,0.013119857938178244,13.166666666666666,0.3137254901960784,0.35,0.0003885186624143194,0.02187651358073065,0.05407407407407407,3.249751398667412e-08,SIPA315,Vemuri Steels,60.5,16,80.0,Non-Exclusive,75.625,26.446280991735538,7.042253521126761,24.639608311023164,Tier 2,1833.0,1611.0,1611.0,0.0,27390.0
114,SIPA317,20.0,4.0,10.0,13.0,12.0,1.0,1,13.0,12.0,1.0,14.0,1.0,12,12,24,24,15,15,LHHLHL,NANNNN,Low Achievement,15,Fluctuating Performer,CHALLA VENKATA SUBBAIAH AND COMPANY,Krishna,Krishna,Exclusive,6097627.0,1.0,5000.0,0.8199911211361404,8.5,0.015873015873015872,0.0066,6.962965541839089e-06,0.0010958680817132107,0.03333333333333333,2.0496756725910315e-06,SIPA317,Challa Venkata Subbaiah And Company,27.6,6,5000.0,Exclusive,0.552,21.73913043478261,2.3474178403755865,5.866676791181875,Tier 6,,,,,
115,SIPA318,11.0,1.0,25.0,20.0,1.0,17.0,15,1.0,25.0,1.0,1.0,8.0,15,20,25,25,22,22,HLHLLL,ANANNN,Low Achievement,23,Consistently Weak Performer,URUKUNDU ERANNA SWAMY AGENCIES,Kurnool,PATTIKONDA,Non-Exclusive,6203936.0,98304.0,70.0,0.011283159594167315,10.5,0.14545454545454545,0.42857142857142855,0.00047582028204983987,0.010136544462106493,0.042222222222222223,2.7905768125259494e-08,SIPA318,Urukundu Eranna Swamy Agencies,60.0,8,70.0,Non-Exclusive,85.71428571428571,13.333333333333334,3.286384976525822,21.781354795439302,Tier 3,1667.0,1323.0,1323.0,0.0,30430.0
116,SIPA319,42.0,42.0,1.0,1.0,1.0,1.0,33,38.0,13.0,16.0,30.0,36.0,30,50,60,60,25,25,HHHHHH,ANNNAA,Moderate Achievement,32,Emerging Performer,Gayatri Steels,East Godavari,Samarlakota,Non-Exclusive,8274560.0,1.0,200.0,0.02417046948719932,28.666666666666668,0.20454545454545456,0.425,0.0004718520266118617,0.014259213702386059,0.12296296296296297,6.012404286757364e-08,SIPA319,Gayatri Steels,99.7,27,200.0,Non-Exclusive,49.85,27.081243731193577,12.206572769953052,22.71019240821055,Tier 3,1667.0,1323.0,1323.0,0.0,42340.0
117,SIPA320,53.0,12.0,17.0,14.0,14.0,26.0,31,12.0,1.0,13.0,25.0,1.0,25,25,30,30,30,30,HLLLHL,ANNNNN,Low Achievement,20,Consistently Weak Performer,VANAMA APPANNA & SONS IRON COMPANY,Guntur,Guntur,Non-Exclusive,6629265.0,131781.0,850.0,0.12821934256663445,17.5,0.005714285714285714,0.0976470588235294,0.00010812640170258885,0.0003871112697091048,0.07333333333333333,3.202462256447524e-07,SIPA320,Vanama Appanna & Sons Iron Company,56.5,13,0.0,Non-Exclusive,100.0,23.008849557522122,5.633802816901409,27.98205160164527,Tier 2,1833.0,1611.0,1611.0,0.0,32220.0
118,SIPA321,1.0,21.0,1.0,7.0,1.0,16.0,8,10.0,1.0,9.0,21.0,25.0,15,15,15,15,20,20,HHLHHH,NNNNAA,Low Achievement,22,Emerging Performer,LALITHA SAI TRADERS,Prakasam,Parchur,Non-Exclusive,5954328.0,68043.0,120.0,0.020153407739714708,12.333333333333334,0.32051282051282054,0.35833333333333334,0.0003977779251029352,0.022350053730153644,0.05037037037037037,5.0081388495827916e-08,SIPA321,Lalitha Sai Traders,38.0,12,120.0,Non-Exclusive,31.666666666666664,31.57894736842105,5.164319248826291,15.747714356313319,Tier 4,1500.0,1110.0,1110.0,0.0,24420.0
119,SIPA324,10.0,11.0,1.0,16.0,1.0,6.0,1,1.0,1.0,1.0,10.0,10.0,5,5,5,10,10,10,LLLLHH,NNNNAA,Low Achievement,12,Consistently Weak Performer,Sri Balaji Traders (T),Anantapur,Thimmampalli,Non-Exclusive,6321948.0,1.0,50.0,0.007908954644992335,6.5,0.4166666666666667,0.24,0.00026629639492459066,0.0290585391803127,0.024444444444444442,1.9470255749773415e-08,SIPA324,Sri Balaji Traders (T),12.6,3,50.0,Non-Exclusive,25.2,23.80952380952381,0.9389671361502347,10.365285043594902,Tier 5,1333.0,952.0,952.0,0.0,11420.0
120,SIPA327,18.0,1.0,17.0,1.0,18.0,19.0,1,1.0,1.0,1.0,4.2,1.0,15,12,20,20,17,17,LLLLLL,NNNNNN,No Achievement,0,Consistently Weak Performer,SRI KRISHNA CEMENTS & IRON,Krishna,GUDIVADA,Non-Exclusive,6097627.0,49571.0,400.0,0.06559928969089122,6.833333333333333,0.015384615384615385,0.105,0.00011629633936901457,0.001061793234982244,0.025925925925925925,1.6369609340809571e-07,SIPA327,Sri Krishna Cements & Iron,26.4,3,400.0,Non-Exclusive,6.6000000000000005,11.363636363636365,0.9389671361502347,4.156107554417414,Tier 6,,,,,
121,SIPA328,1.0,1.0,1.0,1.0,1.0,1.0,1,7.0,1.0,1.0,1.0,1.0,1,5,10,12,10,10,HHLLLL,AANNNN,Low Achievement,0,Consistently Weak Performer,Aditya Enterprises Nidadavole,West Godavari,Nidadavole,Non-Exclusive,6422436.0,70436.0,150.0,0.023355623940822457,2.0,0.014084507042253521,0.23333333333333334,0.00025888898477369806,0.0009710869528392484,0.0044444444444444444,5.808692900101601e-08,SIPA328,ADITYA ENTERPRISES NIDADAVOLE,35.0,3,150.0,Non-Exclusive,23.333333333333332,8.571428571428571,0.9389671361502347,6.944332662642522,Tier 6,,,,,
122,SIPA329,63.0,80.0,81.0,30.0,74.0,61.0,86,61.0,50.0,25.0,30.0,31.0,70,70,70,70,80,80,HLLLLL,ANNNNN,Low Achievement,32,Consistently Weak Performer,SREE RAMA STEELS,Cuddapah,Proddatur,Non-Exclusive,4111686.0,96162.0,750.0,0.18240692504242786,57.666666666666664,0.2366412213740458,0.11733333333333333,0.000130000048148166,0.016498479144111598,0.2518518518518519,4.5571518187516534e-07,SIPA329,Sree Rama Steels,59.5,47,750.0,Non-Exclusive,7.933333333333334,78.99159663865547,21.5962441314554,30.342732473271,Tier 1,2000.0,2000.0,2000.0,0.0,64000.0
123,SIPA330,1.0,21.0,20.0,28.0,13.0,15.0,30,12.0,14.0,13.0,21.0,23.0,15,15,20,20,18,18,HLLLHH,ANNNAA,Moderate Achievement,22,Declining Performer,SRI VENKATARAMANA IRON AND HARDWARE,Prakasam,Pamuru,Non-Exclusive,5954328.0,63017.0,170.0,0.028550660964595836,14.333333333333334,0.3026315789473684,0.2,0.00022185193401923483,0.02110251082187845,0.05925925925925926,7.107452156437341e-08,SIPA330,Sri Venkataramana Iron And Hardware,44.9,19,170.0,Non-Exclusive,26.41176470588235,42.3162583518931,8.450704225352112,18.81602714676636,Tier 3,1667.0,1323.0,1323.0,0.0,29110.0
124,SIPA331,12.0,13.0,12.0,1.0,13.0,12.0,28,12.0,16.0,14.0,17.0,16.0,12,12,15,15,15,15,HLHHHL,AAANAA,High Achievement,20,Consistently Strong Performer,M.B.S TRADERS,Krishna,MACHILIPATNAM,Non-Exclusive,6097627.0,69070.0,300.0,0.04919946726816842,13.5,0.25806451612903225,0.11333333333333333,0.00012555560205763038,0.01799314490015787,0.05555555555555555,1.2269653733890147e-07,SIPA331,M.B.S Traders,23.2,17,300.0,Non-Exclusive,7.733333333333333,73.27586206896552,7.511737089201878,20.708881333980898,Tier 3,1667.0,1323.0,1323.0,0.0,26460.0
125,SIPA332,20.0,6.0,11.0,12.0,21.0,12.0,12,13.0,12.0,1.0,21.0,13.0,12,20,24,24,20,20,LHLLHH,ANNNAN,Low Achievement,18,Fluctuating Performer,SAI SUDHA STEELS,Krishna,Vijayawada,Non-Exclusive,6097627.0,141039.0,5000.0,0.8199911211361404,12.666666666666666,0.0546218487394958,0.0266,2.9185195994517032e-05,0.0037993062892656363,0.05185185185185185,2.0496756725910315e-06,SIPA332,Sai Sudha Steels,110.4,12,5000.0,Non-Exclusive,2.208,10.869565217391305,5.164319248826291,5.714104592774036,Tier 6,,,,,
126,SIPA333,14.0,31.0,30.0,25.0,33.0,55.0,38,41.0,25.0,25.0,30.0,39.0,25,30,40,40,40,40,HHLLLH,AANNNN,Low Achievement,34,Declining Performer,KR STEELS AND CEMENT,Prakasam,Singarayakonda,Non-Exclusive,5954328.0,70708.0,160.0,0.02687121031961961,34.166666666666664,0.4148936170212766,0.25625,0.0002843519571673915,0.028934836611728205,0.1474074074074074,6.687589495066431e-08,SIPA333,Kr Steels And Cement,51.7,33,160.0,Non-Exclusive,32.3125,63.82978723404255,15.023474178403756,28.24254195385077,Tier 1,2000.0,2000.0,2000.0,0.0,68000.0
127,SIPA334,14.0,21.0,20.0,20.0,13.0,20.0,32,19.0,12.0,1.0,18.0,11.0,20,20,24,24,25,25,HLLLHL,ANNNNN,Low Achievement,16,Consistently Weak Performer,DSR & CO,Guntur,REPALLE,Non-Exclusive,6629265.0,61123.0,250.0,0.03771157134312778,16.166666666666668,0.2682926829268293,0.08,8.851855130316715e-05,0.018706746184864013,0.06740740740740742,9.397679751762276e-08,SIPA334,Dsr & Co,36.1,16,250.0,Non-Exclusive,14.44,44.32132963988919,7.042253521126761,15.977618040653894,Tier 4,1500.0,1110.0,1110.0,0.0,17760.0
128,SIPA336,1.0,29.0,24.0,18.0,11.0,19.0,25,12.0,1.0,9.0,1.0,24.0,20,20,30,24,22,22,HLLLLH,ANNNNA,Low Achievement,23,Consistently Weak Performer,SRI RAGHAVENDRA STEEL CORPORATION,Guntur,TENALI,Non-Exclusive,6629265.0,75094.0,400.0,0.06033851414900445,14.333333333333334,0.1095890410958904,0.28,0.0003107408558299466,0.007634271034918896,0.05925925925925926,1.505441545494052e-07,SIPA336,Sri Raghavendra Steel Corporation,120.6,12,400.0,Non-Exclusive,30.15,9.950248756218906,5.164319248826291,11.118641300539556,Tier 5,1333.0,952.0,952.0,0.0,21900.0
129,SIPA338,30.0,33.0,39.0,1.0,35.0,1.0,1,10.5,1.0,1.0,1.0,6.0,25,25,30,30,25,25,LLLLLH,NNNNNN,No Achievement,10,Consistently Weak Performer,DEVI STEELS,Guntur,Sattenapalli,Non-Exclusive,6629265.0,73887.0,200.0,0.030169257074502225,13.583333333333334,0.061855670103092786,0.56,0.0006218520821674379,0.004303997337079733,0.05592592592592593,7.512101184036196e-08,SIPA338,Devi Steels,95.8,5,150.0,Non-Exclusive,63.86666666666666,5.219206680584551,1.8779342723004695,14.943935232830526,Tier 4,1500.0,1110.0,1110.0,0.0,11100.0
130,SIPA339,51.0,20.0,1.0,26.0,42.0,31.0,45,26.0,28.0,26.0,1.0,23.0,40,45,50,50,40,40,HLLLLL,ANNNNN,Low Achievement,29,Consistently Weak Performer,Sri Balaji Agencies (B),Guntur,Bapatla,Non-Exclusive,6629265.0,73048.0,150.0,0.02262694280587667,29.833333333333332,0.11794871794871795,0.6533333333333333,0.0007255558242799349,0.008217511048485237,0.12814814814814815,5.626522616310115e-08,SIPA339,Sri Balaji Agencies(B),103.0,25,100.0,Non-Exclusive,100.0,24.271844660194176,11.267605633802818,31.614932312320526,Tier 1,2000.0,2000.0,2000.0,0.0,58000.0
131,SIPA342,12.0,30.0,27.0,12.0,12.0,16.0,27,15.0,1.0,1.0,11.0,13.0,15,15,20,20,20,20,HLLLLH,AANNNN,Low Achievement,15,Consistently Weak Performer,ANJANEYA STEEL & CEMENTS,Krishna,Machilipatnam,Non-Exclusive,6097627.0,69070.0,300.0,0.04919946726816842,14.5,0.18571428571428572,0.17333333333333334,0.00019222229341566425,0.012945396032406856,0.06,1.2269653733890147e-07,SIPA342,Anjaneya Steel & Cements,28.2,11,300.0,Non-Exclusive,9.4,39.00709219858156,4.694835680751173,12.498319848167016,Tier 5,1333.0,952.0,952.0,0.0,14280.0
132,SIPA343,50.0,47.0,53.0,21.0,40.0,48.0,39,35.0,23.0,16.0,25.0,40.0,45,45,50,50,45,45,LLLLLH,NNNNNN,No Achievement,27,Consistently Weak Performer,SREE LAKSHMI TRADERS,Chittoor,Chittoor,Non-Exclusive,6588204.0,59060.0,650.0,0.09866118292633319,40.5,0.14869888475836432,0.17076923076923076,0.00018937328951147475,0.010362896333462993,0.17555555555555555,2.463508265216732e-07,SIPA343,Sree Lakshmi Traders,123.2,30,650.0,Non-Exclusive,18.953846153846154,24.350649350649352,13.615023474178404,16.82991318540614,Tier 4,1500.0,1110.0,1110.0,0.0,29970.0
133,SIPA344,1.0,12.0,12.0,13.0,13.0,13.0,11,1.0,12.0,1.0,12.0,1.0,5,12,10,10,10,10,HLHLHL,ANANAN,Moderate Achievement,13,Fluctuating Performer,SRIRAM STEEL AND CEMENT,Krishna,Vissannapeta,Non-Exclusive,6097627.0,77650.0,65.0,0.010659884574769825,6.666666666666667,0.022727272727272728,0.3230769230769231,0.00035860412142032984,0.0015740775784489356,0.025185185185185185,2.6347580576294993e-08,SIPA344,Sriram Steel And Cement,100.7,6,65.0,Non-Exclusive,100.0,5.958291956305859,2.3474178403755865,22.600109095486523,Tier 3,1667.0,1323.0,1323.0,0.0,17200.0
134,SIPA345,20.0,11.0,25.0,27.0,22.0,21.0,48,10.0,10.0,13.0,25.0,30.0,15,20,24,20,20,20,HLLLHH,ANNNAA,Moderate Achievement,27,Declining Performer,SREE NARAYANA SWAMY STEEL SYNDICATE,Prakasam,Kanigiri,Non-Exclusive,5954328.0,92466.0,120.0,0.020153407739714708,17.0,0.32608695652173914,0.31666666666666665,0.0003514816116598561,0.02273895143740924,0.07111111111111111,5.0081388495827916e-08,SIPA345,Sree Narayana Swamy Steel Syndicate,51.7,23,140.0,Non-Exclusive,36.92857142857143,44.48742746615087,10.328638497652582,22.48038287753601,Tier 3,1667.0,1323.0,1323.0,0.0,35720.0
135,SIPA346,1.0,3.0,1.0,1.0,1.0,1.0,1,1.0,12.0,7.0,26.0,22.0,12,12,15,12,10,10,LLHHHH,NNNNAA,Low Achievement,23,Emerging Performer,Onkar Sri Jagannadh Traders,West Godavari,Chintalpudi,Non-Exclusive,6422436.0,1.0,100.0,0.015570415960548301,6.666666666666667,0.2018348623853211,0.58,0.0006440743126201157,0.014070100434483326,0.025185185185185185,3.862390904445024e-08,SIPA346,Onkar Sri Jagannadh Traders,51.4,11,100.0,Non-Exclusive,51.4,21.400778210116734,4.694835680751173,17.37705705047405,Tier 4,1500.0,1110.0,1110.0,0.0,25530.0
136,SIPA347,12.0,31.0,13.0,13.0,26.0,23.0,13,13.0,13.0,13.0,26.0,27.0,20,20,24,25,30,30,LLLLHH,NNNNNN,No Achievement,22,Consistently Weak Performer,SURAKSHA STEELS & CEMENT,Nellore,Atmakur,Non-Exclusive,4538626.0,90636.0,135.0,0.02974468484514917,19.833333333333332,9.0,0.007407407407407408,7.860085215669422e-06,0.6279026736978444,0.0837037037037037,7.405958126665863e-08,SIPA347,Suraksha Steels & Cement,162.4,17,60.0,Non-Exclusive,100.0,10.467980295566502,7.511737089201878,26.600638312634427,Tier 2,1833.0,1611.0,1611.0,0.0,35440.0
137,SIPA349,12.0,25.0,1.0,1.0,20.0,12.0,1,1.0,19.0,1.0,13.0,21.0,15,15,20,20,20,20,LLHLHH,NNNNNA,Low Achievement,21,Fluctuating Performer,MAADHURI STEELS AND CEMENTS,Prakasam,ONGOLE,Exclusive,5954328.0,48376.0,400.0,0.06717802579904902,15.0,0.4375,0.065,7.18518784636587e-05,0.030512044361180494,0.06222222222222222,1.676429336796827e-07,SIPA349,Maadhuri Steels And Cements,20.2,9,1200.0,Exclusive,1.6833333333333331,44.554455445544555,3.755868544600939,11.501078882536142,Tier 5,1333.0,952.0,952.0,0.0,19990.0
138,SIPA350,13.0,12.0,1.0,1.0,1.0,1.0,16,1.0,5.0,1.0,1.0,13.0,15,20,15,12,10,10,HLHLLH,ANNNNA,Low Achievement,17,Fluctuating Performer,Sri Venkata Durga Traders,Visakhapatnam,Narsipatnam,Non-Exclusive,4845879.0,91612.0,150.0,0.03095413649412212,7.5,0.04100946372239748,1.0533333333333332,0.0011700004333334937,0.0028495940262422974,0.028888888888888888,7.708321039000453e-08,SIPA350,Sri Venkata Durga Traders,159.4,6,150.0,Non-Exclusive,100.0,3.7641154328732744,2.3474178403755865,22.161273790800006,Tier 3,1667.0,1323.0,1323.0,0.0,22490.0
139,SIPA351,1.0,1.0,1.0,13.0,8.0,1.0,12,12.0,1.0,1.0,8.0,1.0,10,12,12,12,10,10,HHLLHL,AANNNN,Low Achievement,14,Fluctuating Performer,MAHALAKSHMI GENERAL TRADERS,Krishna,NIDUMOLU,Non-Exclusive,6097627.0,5999.0,60.0,0.009839893453633683,2.8333333333333335,0.02127659574468085,0.5166666666666667,0.0005737039161866356,0.0014728663859707137,0.008148148148148147,2.4297602772835276e-08,SIPA351,Mahalakshmi General Traders,15.7,5,60.0,Non-Exclusive,26.166666666666664,31.84713375796179,1.8779342723004695,12.729520648305973,Tier 5,1333.0,952.0,952.0,0.0,13330.0
140,SIPA352,1.0,1.0,1.0,1.0,1.0,1.0,1,1.0,2.3333333333333335,2.75,1.0,4.5,10,5,5,5,10,10,HHHHLH,NNNNNN,No Achievement,0,Emerging Performer,Parameswari Steel Traders,Visakhapatnam,Ramatakies - Vizag Town,Non-Exclusive,4845879.0,1.0,5000.0,1.0318045498040707,1.8055555555555556,0.03731343283582089,0.0402,4.429631270233803e-05,0.002591728424212547,0.0035802469135802475,2.5792092444208457e-06,SIPA352,Parameswari Steel Traders,201.3,4,10000.0,Non-Exclusive,2.0130000000000003,1.987083954297069,1.4084507042253522,1.6450872133946253,Tier 6,,,,,
141,SIPA354,7.0,12.0,1.0,1.0,1.0,12.0,12,12.0,1.0,1.0,13.0,14.0,10,12,12,12,10,10,HHLLHH,AANNAA,Moderate Achievement,15,Consistently Strong Performer,B T TRADERS,Guntur,BHATTIPROLU,Non-Exclusive,6629265.0,61344.0,70.0,0.010559239976075779,9.666666666666666,0.2641509433962264,0.37142857142857144,0.0004123281950421886,0.018417784271318273,0.038518518518518514,2.609596907948386e-08,SIPA354,B T Traders,28.0,8,70.0,Non-Exclusive,40.0,28.57142857142857,3.286384976525822,15.686116700201207,Tier 4,1500.0,1110.0,1110.0,0.0,16650.0
142,SIPA356,1.0,13.0,1.0,1.0,12.0,13.0,1,12.0,12.0,13.0,1.0,1.0,5,12,12,12,10,10,LHHHLL,NAAANN,Moderate Achievement,14,Momentum Gainer,SRI SIVAGANESH TRADERS,Cuddapah,Kalasipadu,Non-Exclusive,4111686.0,35826.0,30.0,0.007296277001697114,8.666666666666666,0.037037037037037035,0.36666666666666664,0.000407037187791551,0.0025724447733884307,0.03407407407407407,1.793856164107259e-08,SIPA356,Sri Sivaganesh Traders,14.5,6,30.0,Non-Exclusive,48.333333333333336,41.37931034482759,2.3474178403755865,19.35097943985754,Tier 3,1667.0,1323.0,1323.0,0.0,18520.0
143,SIPA357,25.0,24.0,1.0,1.0,20.0,25.0,1,16.0,25.0,1.0,25.0,30.0,15,20,20,20,20,20,LHHLHH,NNANAA,Moderate Achievement,32,Emerging Performer,TIRUMALA AGENCIES,Cuddapah,Sundupalli,Non-Exclusive,4111686.0,72155.0,100.0,0.024320923338990382,24.166666666666668,0.5882352941176471,0.22,0.00024407416447191278,0.041028581846282774,0.10296296296296296,6.050017749716494e-08,SIPA357,Tirumala Agencies,60.0,16,100.0,Non-Exclusive,60.0,26.666666666666668,7.042253521126761,21.55868544600939,Tier 3,1667.0,1323.0,1323.0,0.0,42340.0
144,SIPA361,22.0,20.0,12.0,12.0,6.0,20.0,27,1.0,13.0,1.0,1.0,12.0,15,20,24,20,20,20,HLHLLH,ANNNNN,Low Achievement,20,Fluctuating Performer,KAARTHIKEYA TRADERS,Prakasam,MARKAPUR,Non-Exclusive,5954328.0,51892.0,300.0,0.05038351934928677,14.666666666666666,0.0967741935483871,0.18,0.00019962970356655687,0.006740201564407198,0.060740740740740734,1.2565666754259168e-07,SIPA361,KAARTHIKEYA TRADERS,55.8,9,300.0,Non-Exclusive,18.6,16.129032258064516,3.755868544600939,9.199327578373468,Tier 6,,,,,
145,SIPA362,1.0,12.0,1.0,10.0,1.0,1.0,13,1.0,1.0,12.0,12.0,13.0,12,12,12,12,10,10,HLLHHH,ANNAAA,Moderate Achievement,14,Consistently Strong Performer,VINAYAKA STEEL AND TILES,Guntur,CHERUKUPALLI,Non-Exclusive,6629265.0,60385.0,100.0,0.015084628537251113,4.833333333333333,0.24528301886792453,0.26,0.00028851862537726867,0.017101402220721023,0.017037037037037035,3.740944048584034e-08,SIPA362,Vinayaka Steel And Tiles,30.2,8,100.0,Non-Exclusive,30.2,26.490066225165563,3.286384976525822,13.309844230948606,Tier 5,1333.0,952.0,952.0,0.0,13330.0
146,SIPA363,12.0,33.0,60.0,12.0,31.0,53.0,13,48.0,27.0,16.0,41.0,78.0,30,35,60,45,40,40,LHLLHH,NANNAA,Moderate Achievement,51,Fluctuating Performer,RAGHU RAM STEEL TRADERS,Krishna,VIJAYAWADA,Non-Exclusive,6097627.0,141039.0,5000.0,0.8199911211361404,41.833333333333336,0.09443099273607748,0.082,9.074077434843494e-05,0.006576720547422928,0.1814814814814815,2.0496756725910315e-06,SIPA363,Raghu Ram Steel Traders,401.7,37,5000.0,Non-Exclusive,8.033999999999999,9.210853871048046,16.901408450704224,13.589815844632144,Tier 5,1333.0,952.0,952.0,0.0,48550.0
147,SIPA364,20.0,20.0,25.0,19.666666666666668,25.0,34.0,1,25.0,25.0,16.0,25.0,25.0,20,25,25,25,25,25,LHHLHH,NAANAA,Moderate Achievement,26,Consistently Strong Performer,NAGARJUNA AGENCIES,Cuddapah,CHITVEL,Non-Exclusive,4111686.0,51047.0,100.0,0.024320923338990382,24.833333333333332,0.5555555555555556,0.3,0.0003329630862826245,0.038748573719431335,0.10592592592592592,6.050017749716494e-08,SIPA364,Nagarjuna Agencies,16.6,19,100.0,Non-Exclusive,16.6,100.0,8.450704225352112,28.39042253521127,Tier 1,2000.0,2000.0,2000.0,0.0,52000.0
148,SIPA365,1.0,1.0,1.0,1.0,1.0,1.0,8,1.0,1.0,1.0,1.0,1.0,5,1,1,1,1,1,HLLLLL,AAAAAA,High Achievement,0,Target-Oriented Performer,SRI SAI TRADERS,Chittoor,PENUMURU MAIN ROAD,Non-Exclusive,6588204.0,1.0,45.0,0.006830389587207682,1.0,0.022222222222222223,0.5111111111111111,0.000567531074394225,0.001538841089215777,0.0,1.6773843104497113e-08,SIPA365,Sri Sai Traders,20.4,1,45.0,Non-Exclusive,45.33333333333333,4.901960784313726,0.0,10.047058823529412,Tier 5,1333.0,952.0,952.0,0.0,0.0
149,SIPA367,13.0,12.0,1.0,14.0,1.0,14.0,25,1.0,13.0,1.0,14.0,12.0,12,12,12,12,10,10,HLHLHH,ANANAA,Moderate Achievement,15,Consistently Strong Performer,SRI SAI SRINIVASA TRADERS,Prakasam,PODILI,Non-Exclusive,5954328.0,67017.0,120.0,0.020153407739714708,10.833333333333334,0.22641509433962265,0.225,0.00024962972208508223,0.015785020170123776,0.0437037037037037,5.0081388495827916e-08,SIPA367,Sri Sai Srinivasa Traders,22.2,11,120.0,Non-Exclusive,18.5,49.549549549549546,4.694835680751173,16.426811318360613,Tier 4,1500.0,1110.0,1110.0,0.0,16650.0
150,SIPA368,11.0,15.0,18.0,11.0,13.0,22.0,23,15.0,16.0,1.0,22.0,20.0,15,15,15,15,20,20,HLLLHH,AAANAA,High Achievement,25,Target-Oriented Performer,NAGA SAI ASSOCIATES,Guntur,PIDUGURALLA,Non-Exclusive,6629265.0,59216.0,120.0,0.018101554244701334,16.5,0.2898550724637681,0.30833333333333335,0.00034222234897124035,0.02021111634024786,0.06888888888888889,4.495175475674466e-08,SIPA368,Naga Sai Associates,38.6,16,120.0,Non-Exclusive,32.166666666666664,41.45077720207254,7.042253521126761,18.948840886423895,Tier 3,1667.0,1323.0,1323.0,0.0,33080.0
151,SIPA369,13.0,6.0,13.0,1.0,13.0,13.0,5,1.0,1.0,1.0,1.0,1.0,12,1,1,1,1,1,LLLLLL,NAAAAA,High Achievement,0,Target-Oriented Performer,Sri Lakshmi Timber Depot,Krishna,Gudivada,Non-Exclusive,6097627.0,49571.0,1.0,0.0001639982242272281,5.833333333333333,0.023809523809523808,18.0,0.019999637036902607,0.0016495843410914183,0.02148148148148148,1.0786469201066796e-10,SIPA369,Sri Lakshmi Timber Depot,21.0,1,400.0,Non-Exclusive,5.25,4.761904761904762,0.0,2.0023809523809524,Tier 6,,,,,
152,SIPA371,1.0,1.0,1.0,1.0,1.0,1.0,13,15.0,36.0,16.0,15.0,16.0,10,12,10,20,10,10,HHHHHH,AAANAA,High Achievement,20,Consistently Strong Performer,Srinivasa Trading Co,Srikakulam,Rajam,Non-Exclusive,4798722.0,54332.0,250.0,0.0520972042139553,11.666666666666666,0.05128205128205128,0.628,0.0006974076657065428,0.0035662944697082907,0.047407407407407405,1.2994087970555742e-07,SIPA371,Srinivasa Trading Co,151.5,18,250.0,Non-Exclusive,60.6,11.881188118811881,7.981220657276995,19.284970018128575,Tier 3,1667.0,1323.0,1323.0,0.0,26460.0
153,SIPA373,25.0,1.0,1.0,1.0,1.0,1.0,1,41.0,21.0,21.0,30.0,28.0,30,40,50,40,25,25,LHHHHH,NANNAA,Moderate Achievement,31,Emerging Performer,S S Enterprises,East Godavari,Tapeswaram,Exclusive,8274560.0,7411.0,750.0,0.09063926057699745,19.5,0.3333333333333333,0.050666666666666665,5.5925946639239494e-05,0.023244518456841515,0.08222222222222222,2.2629602064227467e-07,SIPA373,S S Enterprises,38.7,24,750.0,Exclusive,5.160000000000001,62.01550387596899,10.7981220657277,19.91397401463042,Tier 3,1667.0,1323.0,1323.0,0.0,41010.0
154,SIPA375,12.0,12.0,1.0,6.0,1.0,24.0,15,13.0,20.0,12.0,1.0,13.0,12,12,15,15,10,10,HHHLLL,AAANNA,Moderate Achievement,18,Target-Oriented Performer,PARAMESWARI TRADERS,Guntur,Gullapalli,Non-Exclusive,6629265.0,1.0,70.0,0.010559239976075779,15.666666666666666,0.1780821917808219,0.5142857142857142,0.0005710584125613168,0.012412918204895209,0.06518518518518518,2.609596907948386e-08,SIPA375,Parameswari Traders,38.2,12,70.0,Non-Exclusive,54.57142857142857,31.413612565445025,5.164319248826291,20.295599776670496,Tier 3,1667.0,1323.0,1323.0,0.0,23810.0
155,SIPA377,20.0,1.0,1.0,17.0,1.0,16.0,1,20.0,1.0,13.0,15.0,14.0,12,12,12,12,10,10,LHLHHH,NANAAA,Moderate Achievement,16,Consistently Strong Performer,RENUKA STEEL AND CEMENT,Chittoor,MULAKALACHERUVU,Non-Exclusive,6588204.0,53772.0,75.0,0.011383982645346137,12.0,0.208955223880597,0.4533333333333333,0.0005033335197531554,0.014566875585989009,0.048888888888888885,2.8157825753282702e-08,SIPA377,Renuka Steel And Cement,30.9,11,75.0,Non-Exclusive,41.199999999999996,35.59870550161812,4.694835680751173,18.17664250877433,Tier 3,1667.0,1323.0,1323.0,0.0,21170.0
156,SIPA378,13.0,12.0,12.0,13.0,13.0,1.0,12,12.0,13.0,1.0,12.0,13.0,10,12,12,12,10,10,HHHLHH,AAANAA,High Achievement,16,Consistently Strong Performer,SRI RAGAVENDRA TRADERS,Prakasam,ULAVAPADU,Non-Exclusive,5954328.0,53918.0,60.0,0.010076703869857354,10.666666666666666,0.18571428571428572,0.5,0.000555185390809404,0.012945396032406856,0.04296296296296296,2.4889628813573323e-08,SIPA378,Sri Ragavendra Traders,30.3,10,60.0,Non-Exclusive,50.5,33.003300330033,4.225352112676056,19.235871333612234,Tier 3,1667.0,1323.0,1323.0,0.0,21170.0
157,SIPA379,33.0,19.0,1.0,1.0,12.0,14.0,16,15.0,1.0,1.0,1.0,1.0,15,15,15,15,20,20,HHLLLL,AANNNN,Low Achievement,18,Consistently Weak Performer,SRI GURU LAKSHMI NARAYANA TRADERS,Kurnool,KOLAKUNTLA,Non-Exclusive,6203936.0,1.0,60.0,0.009671279652143414,13.833333333333334,0.015873015873015872,0.2833333333333333,0.0003144445609053929,0.0010958680817132107,0.05703703703703704,2.3876068268982244e-08,SIPA379,Sri Guru Lakshmi Narayana Traders,25.4,5,60.0,Non-Exclusive,42.33333333333333,19.68503937007874,1.8779342723004695,13.530435104062697,Tier 5,1333.0,952.0,952.0,0.0,17140.0
158,SIPA381,1.0,12.0,1.0,1.0,1.0,1.0,1,5.0,5.0,1.0,1.0,1.0,5,12,12,12,10,10,LHHLLL,NNNNNN,No Achievement,0,Consistently Weak Performer,M S TRADERS,Anantapur,PARIGI,Non-Exclusive,6321948.0,70839.0,35.0,0.005536268251494635,4.166666666666667,0.034482758620689655,0.45714285714285713,0.0005075663255536655,0.002394237241634525,0.014074074074074076,1.3538539764237007e-08,SIPA381,M S Traders,12.4,2,35.0,Non-Exclusive,35.42857142857143,16.129032258064516,0.4694835680751174,10.59321087817226,Tier 5,1333.0,952.0,952.0,0.0,0.0
159,SIPA382,1.0,12.0,1.0,1.0,10.0,10.0,7,1.0,1.0,11.0,9.0,20.0,10,12,15,15,10,10,HLLHHH,NNNNNA,Low Achievement,18,Emerging Performer,SRI VENKATESWARA TRADERS,Chittoor,SANTHIPURAM,Non-Exclusive,6588204.0,61789.0,100.0,0.015178643527128183,7.5,0.3225806451612903,0.3,0.0003329630862826245,0.022494322234458138,0.028888888888888888,3.764447796060403e-08,SIPA382,Sri Venkateswara Traders,32.5,8,100.0,Non-Exclusive,32.5,24.615384615384617,3.286384976525822,13.394907908992415,Tier 5,1333.0,952.0,952.0,0.0,17140.0
160,SIPA384,1.0,1.0,24.0,1.0,15.0,10.0,24,7.0,12.0,12.0,10.0,1.0,12,15,20,20,15,15,HLLHLL,ANNNNN,Low Achievement,13,Consistently Weak Performer,KUSUMA IRON AND HARDWARES,Nellore,Kavali,Non-Exclusive,4538626.0,67997.0,250.0,0.055082749713239204,5.333333333333333,0.021739130434782608,0.088,9.740744348423832e-05,0.001505136621253625,0.019259259259259257,1.3740474345602224e-07,SIPA384,Kusuma Iron And Hardwares,21.9,11,250.0,Non-Exclusive,8.76,50.228310502283115,4.694835680751173,14.61456350890733,Tier 4,1500.0,1110.0,1110.0,0.0,14430.0
161,SIPA385,12.0,14.0,1.0,1.0,13.0,11.0,1,12.0,9.0,1.0,12.0,1.0,12,12,12,12,10,10,LHHLHL,NANNAN,Low Achievement,14,Fluctuating Performer,SRI SAI ENTERPRISES,Cuddapah,SIMHADRIPURAM,Non-Exclusive,4111686.0,36545.0,50.0,0.012160461669495191,9.833333333333334,0.043478260869565216,0.2,0.00022185193401923483,0.0030218376795504544,0.03925925925925926,3.009902331424183e-08,SIPA385,Sri Sai Enterprises,12.6,6,50.0,Non-Exclusive,25.2,47.61904761904762,2.3474178403755865,15.972260228034877,Tier 4,1500.0,1110.0,1110.0,0.0,15540.0
162,SIPA386,13.0,12.0,1.0,1.0,10.0,13.0,12,1.0,11.0,1.0,13.0,13.0,10,5,10,10,10,10,HLHLHH,ANANAA,Moderate Achievement,14,Consistently Strong Performer,GIRI TRADERS,Nellore,SANGAM,Non-Exclusive,4538626.0,55433.0,50.0,0.011016549942647842,10.5,0.2653061224489796,0.66,0.0007329632344308276,0.018498379090742596,0.042222222222222223,2.7239243996259435e-08,SIPA386,Giri Traders,11.5,8,50.0,Non-Exclusive,23.0,69.56521739130434,3.286384976525822,20.48487446417636,Tier 3,1667.0,1323.0,1323.0,0.0,18520.0
163,SIPA387,15.0,3.0,16.0,13.0,13.0,1.0,27,13.0,1.0,12.0,12.0,13.0,10,12,10,10,10,10,HHLHHH,AANAAA,High Achievement,16,Consistently Strong Performer,SRI SRINIVASA STEEL SYNDICATE,Krishna,NUZVID,Non-Exclusive,6097627.0,1.0,100.0,0.016399822422722806,7.666666666666667,0.34210526315789475,0.2,0.00022185193401923483,0.023856520638259538,0.02962962962962963,4.069742520051297e-08,SIPA387,Sri Srinivasa Steel Syndicate,19.1,13,100.0,Non-Exclusive,19.1,68.06282722513089,5.633802816901409,20.812847135167022,Tier 3,1667.0,1323.0,1323.0,0.0,21170.0
164,SIPA389,12.0,25.0,19.0,16.0,20.0,21.0,25,1.0,24.0,1.0,25.0,20.0,20,20,25,20,20,20,HLHLHH,ANNNAA,Moderate Achievement,27,Emerging Performer,SRI SAI RAM BRAHMAIAH CUNTRY WOOD DEPOT,Nellore,PODALAKUR,Non-Exclusive,4538626.0,84810.0,120.0,0.026439719862354816,17.166666666666668,0.32786885245901637,0.2916666666666667,0.00032370382359400875,0.022863271196286027,0.07185185185185186,6.579716880717641e-08,SIPA389,Sri Sai Ram Brahmaiah Cuntry Wood Depot,22.3,16,120.0,Non-Exclusive,18.583333333333336,71.74887892376681,7.042253521126761,22.291794564096087,Tier 3,1667.0,1323.0,1323.0,0.0,35720.0
165,SIPA390,6.0,1.0,1.0,10.0,3.0,8.0,1,1.0,3.0,1.0,1.0,1.0,5,6,6,6,10,10,LLLLLL,NNNNNN,No Achievement,0,Consistently Weak Performer,HANUMAN TRADERS,Anantapur,KOTHACHERUVU,Non-Exclusive,6321948.0,53610.0,60.0,0.009490745573990801,3.3333333333333335,0.041666666666666664,0.21666666666666667,0.00024037045939646646,0.002895445924692385,0.01037037037037037,2.342473307346435e-08,SIPA390,Hanuman Traders (K),16.1,1,60.0,Non-Exclusive,26.833333333333336,6.211180124223602,0.0,6.608902691511387,Tier 6,,,,,
166,SIPA391,49.0,51.0,61.333333333333336,57.5,51.0,46.833333333333336,48,30.0,26.0,20.0,29.0,1.0,55,50,55,60,60,60,LLLLLL,NNNNNN,No Achievement,25,Consistently Weak Performer,SRI SRINIVASA STEELS,Cuddapah,PULIVENDLA,Non-Exclusive,4111686.0,1.0,600.0,0.14592554003394226,33.97222222222222,0.3333333333333333,0.0016666666666666668,1.4814820301785297e-06,0.023244518456841515,0.1465432098765432,3.6451171932639596e-07,SIPA391,Sri Srinivasa Steels,46.1,26,600.0,Non-Exclusive,7.683333333333334,56.399132321041215,11.737089201877934,19.85874665200167,Tier 3,1667.0,1323.0,1323.0,0.0,33080.0
167,SIPA392,11.0,12.0,10.0,10.833333333333334,11.0,10.0,1,6.5,1.0,5.75,1.0,1.0,10,12,12,12,15,15,LLLLLL,NNNNNN,No Achievement,0,Consistently Weak Performer,BABA TRADERS,Chittoor,KALAKADA,Non-Exclusive,6588204.0,45787.0,90.0,0.013660779174415364,6.916666666666667,0.014084507042253521,0.4111111111111111,0.0004564199221308353,0.0009710869528392484,0.026296296296296297,3.3849817077675495e-08,SIPA392,Baba Traders,30.8,4,90.0,Non-Exclusive,34.22222222222222,12.987012987012985,1.4084507042253522,10.286917464382254,Tier 5,1333.0,952.0,952.0,0.0,0.0
168,SIPA393,25.0,25.0,38.0,14.0,24.0,24.0,24,1.0,12.0,1.0,13.0,12.0,24,24,24,20,30,30,LLLLLL,ANNNNN,Low Achievement,14,Consistently Weak Performer,LAKSHMI STEELS,Nellore,VINJAMUR,Non-Exclusive,4538626.0,62031.0,90.0,0.019829789896766117,16.5,0.15584415584415584,0.3333333333333333,0.0003700001370370877,0.010861409383474328,0.06888888888888889,4.9272343888212e-08,SIPA393,Lakshmi Steels,34.2,10,90.0,Non-Exclusive,38.0,29.239766081871345,4.225352112676056,15.983164483979904,Tier 4,1500.0,1110.0,1110.0,0.0,15540.0
169,SIPA395,77.0,66.0,85.0,28.0,51.0,77.0,95,30.0,49.0,12.0,56.0,25.0,60,65,70,55,65,65,HLLLHL,ANNNNN,Low Achievement,34,Consistently Weak Performer,M S ENTERPRISES,Kurnool,Nandyal,Non-Exclusive,6203936.0,68852.0,1100.0,0.17730679362262924,54.0,0.15151515151515152,0.07909090909090909,8.750844991895451e-05,0.010559382332904398,0.23555555555555555,4.4296485332181653e-07,SIPA395,M S Enterprises,82.5,45,3000.0,Non-Exclusive,2.75,54.54545454545454,20.657276995305164,23.853457106274007,Tier 2,1833.0,1611.0,1611.0,0.0,54770.0
170,SIPA396,31.0,21.0,35.0,16.0,19.0,33.0,21,15.0,25.0,1.0,25.0,25.0,25,25,30,30,20,20,LLHLHH,NNNNAA,Low Achievement,28,Fluctuating Performer,SRI SAI LAKSHMI TRADERS,Chittoor,Madanapally,Non-Exclusive,6588204.0,97284.0,650.0,0.09866118292633319,25.0,0.2032520325203252,0.11076923076923077,0.00012270659815344094,0.014168973912886504,0.10666666666666666,2.463508265216732e-07,SIPA396,Sri Sai Lakshmi Traders,74.4,19,650.0,Non-Exclusive,11.446153846153848,25.537634408602152,8.450704225352112,12.467180186162468,Tier 5,1333.0,952.0,952.0,0.0,26660.0
171,SIPA400,34.0,25.0,24.0,21.0,38.0,38.0,39,12.0,12.0,25.0,39.0,39.0,30,30,30,30,35,35,HLLLHH,ANNNAA,Moderate Achievement,39,Declining Performer,Sree Paavana Traders,Cuddapah,JAMMALAMADUGU,Non-Exclusive,4111686.0,32257.0,230.0,0.055938123679677876,26.666666666666668,0.5131578947368421,0.15217391304347827,0.0001687118177193528,0.03579056317591091,0.11407407407407408,1.3954317837276502e-07,SIPA400,Sree Paavana Traders,49.2,28,230.0,Non-Exclusive,21.391304347826086,56.91056910569105,12.676056338028168,23.26600849352033,Tier 2,1833.0,1611.0,1611.0,0.0,62830.0
172,SIPA402,12.0,10.0,12.0,12.0,10.0,19.0,10,15.0,16.0,1.0,20.0,16.0,12,15,15,15,15,15,LHHLHH,NAANAA,Moderate Achievement,20,Consistently Strong Performer,S V Agencies,Chittoor,Punganur,Non-Exclusive,6588204.0,54956.0,220.0,0.033393015759682,14.666666666666666,0.22535211267605634,0.15454545454545454,0.00017134686480860313,0.015710857801076044,0.060740740740740734,8.31804085557464e-08,SIPA402,S V Agencies,44.7,13,220.0,Non-Exclusive,20.31818181818182,29.082774049217004,5.633802816901409,13.260472863620612,Tier 5,1333.0,952.0,952.0,0.0,19040.0
173,SIPA403,13.0,1.0,1.0,11.0,1.0,12.0,37,1.0,12.0,1.0,20.0,13.0,12,20,24,20,15,15,HLHLHL,ANNNAN,Low Achievement,18,Fluctuating Performer,Sri Venkata Lakshmi Padmavathi Agencies,Prakasam,Darsi,Non-Exclusive,5954328.0,120120.0,150.0,0.025191759674643384,8.666666666666666,0.15294117647058825,0.3,0.0003329630862826245,0.010658873596621552,0.03407407407407407,6.26772683369552e-08,SIPA403,Sri Venkata Lakshmi Padmavathi Agencies,34.3,14,150.0,Non-Exclusive,22.866666666666667,40.816326530612244,6.103286384976526,16.398570470441697,Tier 4,1500.0,1110.0,1110.0,0.0,19980.0
174,SIPA404,33.0,39.0,1.0,25.0,25.0,33.0,44,23.0,22.0,32.0,36.0,1.0,30,30,30,30,35,35,HLLHHL,ANNAAN,Moderate Achievement,36,Fluctuating Performer,Sree Lakshmi Prasanna Steel Mart Allagadda,Kurnool,Allagadda,Non-Exclusive,6203936.0,108915.0,170.0,0.027401959014406337,25.166666666666668,0.007462686567164179,0.3941176470588235,0.00043753828841287367,0.0005090941352079457,0.10740740740740741,6.820276668803202e-08,SIPA404,Sree Lakshmi Prasanna Steel Mart Allagadda,49.2,26,170.0,Non-Exclusive,28.941176470588236,52.84552845528455,11.737089201877934,23.39959450630132,Tier 2,1833.0,1611.0,1611.0,0.0,58000.0
175,SIPA406,26.0,24.0,20.0,21.666666666666668,25.0,25.0,26,1.0,24.0,20.0,1.0,20.0,20,20,20,20,25,25,HLHLLH,ANAANN,Moderate Achievement,25,Fluctuating Performer,VISHNU STEEL AND CEMENT,Cuddapah,Kodur,Non-Exclusive,4111686.0,95190.0,200.0,0.048641846677980764,20.0,1.6666666666666667,0.045,4.962964801098074e-05,0.11626885003238042,0.08444444444444445,1.2130248586301116e-07,SIPA406,Vishnu Steel And Cement,182.8,15,200.0,Non-Exclusive,91.4,8.205689277899344,6.572769953051644,23.864799827410856,Tier 2,1833.0,1611.0,1611.0,0.0,40280.0
176,SIPA407,1.0,26.0,12.0,1.0,1.0,1.0,1,12.0,13.0,12.0,13.0,13.0,10,12,12,12,10,10,LHHHHH,NAAAAA,High Achievement,16,Consistently Strong Performer,SREE VENKATA MARUTHI TRADERS,Guntur,Mangalagiri,Non-Exclusive,6629265.0,86690.0,300.0,0.04525388561175334,11.0,0.3023255813953488,0.06,6.629632085048919e-05,0.02108116190857317,0.044444444444444446,1.1283258319488358e-07,SIPA407,Sree Venkata Maruthi Traders,18.4,10,300.0,Non-Exclusive,6.133333333333333,54.34782608695653,4.225352112676056,14.631443151663607,Tier 4,1500.0,1110.0,1110.0,0.0,17760.0
177,SIPA408,20.0,25.0,1.0,12.0,1.0,1.0,20,21.0,1.0,11.0,13.0,1.0,20,20,25,25,20,20,HHLHHL,AANNNN,Low Achievement,18,Emerging Performer,SRI RAGHAVENDRA TRADERS,Prakasam,Addanki,Non-Exclusive,5954328.0,89769.0,400.0,0.06717802579904902,11.5,0.007936507936507936,0.13,0.00014407412743486204,0.000542151822335003,0.04666666666666667,1.676429336796827e-07,SIPA408,Sri Raghavendra Traders,44.4,11,400.0,Non-Exclusive,11.1,24.774774774774773,4.694835680751173,9.99185636340566,Tier 6,,,,,
178,SIPA409,15.0,13.0,12.0,10.0,10.5,8.666666666666666,1,6.5,1.0,6.25,7.6,1.0,12,12,12,12,15,15,LLLLHL,NNNNNN,No Achievement,0,Consistently Weak Performer,SRI BHAVANI TRADERS,Prakasam,Addanki,Non-Exclusive,5954328.0,89769.0,400.0,0.06717802579904902,7.527777777777778,0.011363636363636364,0.105,0.00011629633936901457,0.0007812565707028654,0.02901234567901234,1.676429336796827e-07,SIPA409,Sri Bhavani Traders,40.7,6,400.0,Non-Exclusive,10.175,14.742014742014742,2.3474178403755865,6.391853652628301,Tier 6,,,,,
179,SIPA410,12.0,14.0,12.0,18.0,11.5,18.0,32,1.0,12.0,1.0,14.0,16.0,12,15,17,20,15,15,HLLLHH,ANNNNA,Low Achievement,16,Declining Performer,Vasavi Steels,Guntur,Narasaraopet,Non-Exclusive,6629265.0,95698.0,650.0,0.09805008549213223,12.166666666666666,0.14035087719298245,0.09538461538461539,0.00010561257472830403,0.0097804704656451,0.04962962962962963,2.4482308293570925e-07,SIPA410,Vasavi Steels,3.2,12,650.0,Non-Exclusive,0.49230769230769234,100.0,5.164319248826291,23.197053087757315,Tier 2,1833.0,1611.0,1611.0,0.0,25780.0
180,SIPA413,26.0,26.0,25.0,24.0,25.0,25.0,26,25.0,12.0,12.0,12.0,27.0,24,24,30,24,30,30,HLLLLH,AANNNN,Low Achievement,20,Consistently Weak Performer,Sri Lalithananda Iron & Cement,Prakasam,Chirala,Non-Exclusive,5954328.0,85626.0,250.0,0.04198626612440564,23.5,0.1875,0.268,0.00029740751755833985,0.013069982190766953,0.1,1.046635344740462e-07,SIPA413,Sri Lalithananda Iron & Cement,75.1,19,30.0,Non-Exclusive,100.0,25.299600532623174,8.450704225352112,30.130342641735904,Tier 1,2000.0,2000.0,2000.0,0.0,40000.0
181,SIPA414,27.0,20.0,1.0,1.0,1.0,1.0,1,20.0,1.0,15.0,20.0,21.0,25,10,30,15,20,20,LHLHHH,NANAAA,Moderate Achievement,22,Consistently Strong Performer,Sri Lakshmi Narasimha Traders (M),East Godavari,Mummidivaram,Non-Exclusive,8274560.0,92318.0,400.0,0.04834093897439864,15.0,0.1640625,0.1625,0.00018018525192046368,0.011434788862290683,0.06222222222222222,1.2055021660382855e-07,SIPA414,Sri Lakshmi Narasimha Traders (M),73.9,13,400.0,Non-Exclusive,18.475,17.591339648173207,5.633802816901409,10.593549619775487,Tier 5,1333.0,952.0,952.0,0.0,20940.0
182,SIPA418,30.0,53.0,85.0,26.0,61.0,61.0,80,65.0,56.0,63.0,57.0,52.0,60,90,90,80,50,50,HHLHLL,ANNNAA,Moderate Achievement,63,Fluctuating Performer,Sreenidhi Steels,Anantapur,Anantapur,Non-Exclusive,6321948.0,127019.0,2500.0,0.3954477322496167,52.833333333333336,0.13577023498694518,0.0804,8.89629959122207e-05,0.009460887081092611,0.2303703703703704,9.88317200054053e-07,SIPA418,Sreenidhi Steels,215.2,62,2500.0,Non-Exclusive,8.607999999999999,28.81040892193309,28.638497652582164,24.666780375935915,Tier 2,1833.0,1611.0,1611.0,0.0,101490.0
183,SIPA419,34.833333333333336,44.0,47.333333333333336,31.0,31.0,24.0,48,30.0,10.0,14.0,44.0,45.0,50,60,60,60,45,45,HLLLHH,NNNNNA,Low Achievement,37,Declining Performer,Sai Ranganatha Steels Private Limited,Anantapur,Anantapur,Non-Exclusive,6321948.0,127019.0,2500.0,0.3954477322496167,31.305555555555557,0.225,0.0356,3.918519969822211e-05,0.01568629151632898,0.13469135802469137,9.88317200054053e-07,SIPA419,Sai Ranganatha Steels Private Limited,86.6,32,2500.0,Non-Exclusive,3.4639999999999995,36.95150115473441,14.553990610328638,16.815494597144063,Tier 4,1500.0,1110.0,1110.0,0.0,41070.0
184,SIPA420,1.0,15.0,9.0,1.0,6.0,20.0,14,1.0,9.0,1.0,16.0,15.0,12,12,15,15,15,15,HLHLHH,ANNNAA,Moderate Achievement,18,Emerging Performer,Mubarak Agencies,Chittoor,Piler,Non-Exclusive,6588204.0,73016.0,150.0,0.022767965290692273,10.166666666666666,0.23076923076923078,0.24,0.00026629639492459066,0.016088800643338525,0.04074074074074074,5.6617782375246674e-08,SIPA420,Mubarak Agencies,28.2,9,150.0,Non-Exclusive,18.8,31.914893617021278,3.755868544600939,12.39649985016482,Tier 5,1333.0,952.0,952.0,0.0,17140.0
185,SIPA421,12.0,1.0,1.0,1.0,1.0,1.0,20,13.0,18.0,23.0,1.0,1.0,15,25,15,12,10,10,HHHHLL,ANAANN,Moderate Achievement,21,Emerging Performer,Sri Satyanarayana Traders,Srikakulam,Narasannapeta,Non-Exclusive,4798722.0,77321.0,500.0,0.1041944084279106,7.666666666666667,0.004739336492890996,0.212,0.0002351852722908416,0.000319090769978853,0.02962962962962963,2.601838902797961e-07,SIPA421,Sri Satyanarayana Traders,102.7,12,500.0,Non-Exclusive,20.54,11.684518013631937,5.164319248826291,9.543495152022162,Tier 6,,,,,
186,SIPA422,1.0,6.0,1.0,1.0,1.0,1.0,1,1.0,4.666666666666667,1.0,1.0,1.0,10,10,10,12,10,10,LLHLLL,NNNNNN,No Achievement,0,Consistently Weak Performer,Kanaka Durga Traders,West Godavari,Palangi,Non-Exclusive,6422436.0,5352.0,1200.0,0.18684499152657966,2.4444444444444446,0.015873015873015872,0.02666666666666667,2.925927009602596e-05,0.0010958680817132107,0.006419753086419754,4.6681034808889704e-07,SIPA422,Kanaka Durga Traders,31.6,2,1200.0,Non-Exclusive,2.6333333333333333,6.329113924050632,0.4694835680751174,2.0741795923218636,Tier 6,,,,,
187,SIPA424,1.0,21.0,23.0,25.0,1.0,24.0,15,12.0,13.0,1.0,10.0,13.0,12,15,20,20,15,15,LLLLLH,ANNNNN,Low Achievement,14,Consistently Weak Performer,Nagarjuna Traders Markapur,Prakasam,Markapur,Non-Exclusive,5954328.0,51892.0,300.0,0.05038351934928677,14.0,0.1625,0.12666666666666668,0.0001403704223594157,0.011325775973725598,0.057777777777777775,1.2565666754259168e-07,SIPA424,Nagarjuna Traders Markapur,49.7,11,300.0,Non-Exclusive,16.56666666666667,22.132796780684103,4.694835680751173,10.556794097920859,Tier 5,1333.0,952.0,952.0,0.0,13330.0
188,SIPA425,25.0,1.0,1.0,1.0,1.0,1.0,24,74.0,1.0,1.0,32.0,26.0,30,60,50,60,25,25,HHLLHH,NANNAA,Moderate Achievement,50,Emerging Performer,Maturu Rama Rao Steel India Private Limited,Srikakulam,Srikakulam,Non-Exclusive,4798722.0,94393.0,2500.0,0.520972042139553,21.333333333333332,0.0248565965583174,0.2052,0.00022762971393693108,0.0017226367730170328,0.09037037037037036,1.3021279748737054e-06,SIPA425,Maturu Rama Rao Steel India Private Limited,510.3,26,2500.0,Non-Exclusive,20.412,5.095042132079168,11.737089201877934,12.143661947542594,Tier 5,1333.0,952.0,952.0,0.0,47600.0
189,SIPA426,10.0,1.0,11.0,21.0,10.0,20.0,41,30.0,16.0,16.0,20.0,30.0,15,30,25,25,25,25,HHLLLH,AANNNA,Moderate Achievement,26,Declining Performer,Sri Sai Ganesh Agencies,Chittoor,Chittoor,Non-Exclusive,6588204.0,59060.0,650.0,0.09866118292633319,17.833333333333332,0.22727272727272727,0.10153846153846154,0.00011245018409835877,0.015844855717878196,0.0748148148148148,2.463508265216732e-07,SIPA426,Sri Sai Ganesh Agencies,63.8,26,650.0,Non-Exclusive,9.815384615384614,40.75235109717868,11.737089201877934,17.15580066363942,Tier 4,1500.0,1110.0,1110.0,0.0,28860.0
190,SIPA427,13.0,16.0,14.5,13.0,14.0,14.0,12,11.0,1.0,12.0,14.0,16.0,12,12,12,12,15,15,LLLHHH,ANNANA,Moderate Achievement,16,Fluctuating Performer,SRI VIGNESWARA STEELS,Krishna,Avanigadda,Non-Exclusive,6097627.0,64723.0,70.0,0.011479875695905964,11.833333333333334,0.3018867924528302,0.4,0.00044407423854601424,0.02105054837251277,0.04814814814814815,2.83975583797547e-08,SIPA427,Sri Vigneswara Steels,23.5,11,250.0,Non-Exclusive,9.4,46.808510638297875,4.694835680751173,14.05860353611028,Tier 4,1500.0,1110.0,1110.0,0.0,17760.0
191,SIPA428,81.0,123.0,101.0,61.0,92.0,121.0,104,95.0,62.0,91.0,108.0,122.0,100,120,110,110,110,110,HLLHHH,ANNNNA,Low Achievement,110,Emerging Performer,SRI SURYA MARKETING,Kurnool,Kurnool,Non-Exclusive,6203936.0,110700.0,2700.0,0.4352075843464536,100.66666666666667,0.4420289855072464,0.03888888888888889,4.283952203932915e-05,0.03082802374832567,0.442962962962963,1.087716830326177e-06,SIPA428,Sri Surya Marketing,165.7,97,0.0,Non-Exclusive,100.0,58.539529269764635,45.07042253521127,58.75015937507969,Tier 1,2000.0,2000.0,2000.0,0.0,220000.0
192,SIPA429,12.666666666666666,12.0,12.0,13.0,13.0,8.666666666666666,24,1.0,1.0,10.0,1.0,6.0,12,12,12,12,15,15,HLLLLL,ANNNNN,Low Achievement,20,Consistently Weak Performer,Satya Sri Traders,Prakasam,Tripuranthakam,Non-Exclusive,5954328.0,73019.0,60.0,0.010076703869857354,6.888888888888888,0.17142857142857143,0.25,0.00027740751015092966,0.011948706765526082,0.026172839506172836,2.4889628813573323e-08,SIPA429,Satya Sri Traders,13.0,7,60.0,Non-Exclusive,21.666666666666668,53.84615384615385,2.8169014084507045,16.792704947634526,Tier 4,1500.0,1110.0,1110.0,0.0,22200.0
193,SIPA430,1.0,31.0,29.0,1.0,40.0,36.0,15,14.0,1.0,31.0,13.0,13.0,25,25,30,30,30,30,LLLHLL,NNNANN,Low Achievement,22,Consistently Weak Performer,Balaji Steels & Cements,Nellore,Naidupeta,Non-Exclusive,4538626.0,79648.0,230.0,0.05067612973618007,16.0,0.13,0.2608695652173913,0.00028948480930999376,0.009058307891571839,0.06666666666666667,1.2638819351004596e-07,SIPA430,Balaji Steels & Cements,39.2,14,230.0,Non-Exclusive,17.043478260869566,35.71428571428571,6.103286384976526,14.213524626016971,Tier 4,1500.0,1110.0,1110.0,0.0,24420.0
194,SIPA431,25.0,20.0,1.0,1.0,1.0,1.0,20,10.0,1.0,1.0,1.0,1.0,20,15,25,10,20,20,HHLLLL,ANNNNN,Low Achievement,18,Consistently Weak Performer,Svn Siri Enterprises,Visakhapatnam,Anakapalle,Non-Exclusive,4845879.0,100418.0,4000.0,0.8254436398432565,9.666666666666666,0.0011098779134295228,0.1125,0.00012462967578876882,6.586980122722164e-05,0.038518518518518514,2.0633069693629405e-06,SIPA431,Svn Siri Enterprises,65.5,5,4000.0,Non-Exclusive,1.6375000000000002,7.633587786259542,1.8779342723004695,2.9809781206321904,Tier 6,,,,,
195,SIPA432,1.0,4.333333333333333,1.0,1.0,1.0,1.0,1,7.0,1.0,1.0,1.0,1.0,10,12,20,12,10,10,LHLLLL,NNNNNN,No Achievement,0,Consistently Weak Performer,Sri Mangal Enterprises,East Godavari,Sunkarapalem,Non-Exclusive,8274560.0,3756.0,600.0,0.07251140846159795,2.5555555555555554,0.013513513513513514,0.06333333333333334,7.000002592593553e-05,0.0009312497343305003,0.00691358024691358,1.8097639034008347e-07,SIPA432,Sri Mangal Enterprises,37.6,2,600.0,Non-Exclusive,6.266666666666667,5.319148936170213,0.4694835680751174,2.5988532614124464,Tier 6,,,,,
196,SIPA433,6.0,7.0,6.0,6.0,7.0,10.0,1,13.0,1.0,12.0,1.0,12.0,10,10,12,10,10,10,LHLHLH,NANANA,Moderate Achievement,14,Fluctuating Performer,Siva Agencies,Kurnool,Velgode,Non-Exclusive,6203936.0,70898.0,60.0,0.009671279652143414,8.166666666666666,0.4444444444444444,0.18333333333333332,0.0002033334086420032,0.03099654608813642,0.031851851851851846,2.3876068268982244e-08,SIPA433,Siva Agencies,11.0,6,60.0,Non-Exclusive,18.333333333333332,54.54545454545454,2.3474178403755865,15.984208279982926,Tier 4,1500.0,1110.0,1110.0,0.0,15540.0
197,SIPA434,1.0,1.0,11.0,1.0,1.0,23.0,1,11.0,10.0,3.0,11.0,1.0,12,12,15,15,10,10,LHHLHL,NNNNAN,Low Achievement,12,Fluctuating Performer,Vijay Traders,Cuddapah,Rayachoti,Non-Exclusive,4111686.0,33331.0,750.0,0.18240692504242786,7.833333333333333,0.05555555555555555,0.014666666666666666,1.5925931824419195e-05,0.0038644493786042485,0.030370370370370367,4.5571518187516534e-07,SIPA434,Vijay Traders,31.3,6,750.0,Non-Exclusive,4.173333333333334,19.169329073482427,2.3474178403755865,6.076983185588505,Tier 6,,,,,
198,SIPA435,31.0,5.0,32.0,1.0,1.0,1.0,31,30.0,1.0,16.0,15.0,26.0,30,35,30,30,25,25,HHLHHH,ANNNNA,Low Achievement,22,Emerging Performer,SHREE LAKSHMI SREENIVASA STEELS,Chittoor,Tirupathi,Non-Exclusive,6588204.0,237195.0,2500.0,0.37946608817820454,15.666666666666666,0.15757575757575756,0.0324,3.5629642825793633e-05,0.0109822202037023,0.06518518518518518,9.483630898634512e-07,SIPA435,Shree Lakshmi Sreenivasa Steels,74.5,20,2500.0,Non-Exclusive,2.98,26.845637583892618,8.92018779342723,11.317240192834863,Tier 5,1333.0,952.0,952.0,0.0,20940.0
199,SIPA438,110.0,110.0,62.0,59.0,91.0,81.0,101,13.0,53.0,89.0,121.0,122.0,100,100,100,100,120,120,HLLHHH,ANNNAA,Moderate Achievement,116,Emerging Performer,Vinayaka Traders (Huf),Cuddapah,Rayachoti,Non-Exclusive,4111686.0,33331.0,750.0,0.18240692504242786,81.5,0.5674418604651162,0.136,0.00015074079657066542,0.03957786039626753,0.3577777777777778,4.5571518187516534e-07,SIPA438,Vinayaka Traders (Huf),25.0,83,750.0,Non-Exclusive,3.3333333333333335,100.0,38.497652582159624,43.76525821596244,Tier 1,2000.0,2000.0,2000.0,0.0,232000.0
200,SIPA440,30.0,32.0,1.0,20.0,25.0,30.0,32,1.0,31.0,25.0,26.0,1.0,20,25,25,25,22,22,HLHHHL,ANAAAN,Moderate Achievement,32,Consistently Strong Performer,Sri Venkata Lakshmi Narasimha Steel And Cement,Nellore,Gudur,Non-Exclusive,4538626.0,55705.0,180.0,0.03965957979353223,20.833333333333332,0.02631578947368421,0.09444444444444444,0.00010456793996343455,0.0018244421072108523,0.08814814814814814,9.884681864510528e-08,SIPA440,Sri Venkata Lakshmi Narasimha Steel And Cement,17.5,19,100.0,Non-Exclusive,17.5,100.0,8.450704225352112,28.570422535211268,Tier 1,2000.0,2000.0,2000.0,0.0,64000.0
201,SIPA441,15.0,11.666666666666666,13.0,12.0,9.0,12.0,10,12.0,16.0,12.0,15.0,15.0,10,12,15,15,15,15,LHHHHH,AAANAA,High Achievement,18,Consistently Strong Performer,Sri Venkateswara Iron And Cements,Nellore,Nellore,Non-Exclusive,4538626.0,132216.0,2400.0,0.5287943972470964,13.611111111111109,0.13392857142857142,0.024166666666666666,2.6481491289441217e-05,0.00933239743996405,0.056049382716049374,1.3216838626484726e-06,SIPA441,Sri Venkateswara Iron And Cements,55.1,13,0.0,Non-Exclusive,100.0,23.593466424682394,5.633802816901409,28.098974975077322,Tier 2,1833.0,1611.0,1611.0,0.0,29000.0
202,SIPA442,1.0,10.0,1.0,1.0,1.0,1.0,1,12.0,1.0,13.0,1.0,1.0,1,12,12,12,10,10,LHLHLL,AANANN,Moderate Achievement,15,Fluctuating Performer,M G B Traders,Nellore,Udayagiri,Non-Exclusive,4538626.0,36378.0,60.0,0.013219859931177408,4.333333333333333,0.023809523809523808,0.31666666666666665,0.0003514816116598561,0.0016495843410914183,0.014814814814814812,3.274751896924757e-08,SIPA442,M G B Traders,18.5,4,60.0,Non-Exclusive,30.833333333333336,21.62162162162162,1.4084507042253522,11.336061413526204,Tier 5,1333.0,952.0,952.0,0.0,14280.0
203,SIPA443,12.0,1.0,13.0,12.0,1.0,12.0,1,1.0,1.0,1.0,3.2,4.666666666666667,12,12,12,12,10,10,LLLLHH,NNNNNN,No Achievement,0,Consistently Weak Performer,Sri Prasanna Traders,Prakasam,East Gangavaram,Non-Exclusive,5954328.0,2101.0,60.0,0.010076703869857354,5.277777777777778,0.3333333333333333,0.31666666666666665,0.0003514816116598561,0.023244518456841515,0.019012345679012343,2.4889628813573323e-08,SIPA443,Sri Prasanna Traders,16.7,4,60.0,Non-Exclusive,27.833333333333332,23.952095808383234,1.4084507042253522,11.202156250878526,Tier 5,1333.0,952.0,952.0,0.0,0.0
204,SIPA444,1.0,22.0,20.0,20.0,13.0,17.0,21,12.0,1.0,1.0,14.0,15.0,15,15,20,20,20,20,HLLLHH,ANNNNN,Low Achievement,16,Declining Performer,Sri Sai Balaji Cement & Iron Traders,Prakasam,Pamuru,Non-Exclusive,5954328.0,63017.0,170.0,0.028550660964595836,11.333333333333334,0.29411764705882354,0.14705882352941177,0.00016302838282096968,0.020508508704619784,0.045925925925925926,7.107452156437341e-08,SIPA444,Sri Sai Balaji Cement & Iron Traders,26.9,10,170.0,Non-Exclusive,15.823529411764707,37.17472118959108,4.225352112676056,13.134861387876791,Tier 5,1333.0,952.0,952.0,0.0,15230.0
205,SIPA445,1.0,20.0,13.0,20.0,12.0,12.0,20,20.0,19.0,21.0,12.0,22.0,20,20,20,20,20,20,HHHHLH,AANANA,Moderate Achievement,21,Consistently Strong Performer,Balaji Steels And Cements,Nellore,Buchireddypalem,Non-Exclusive,4538626.0,78470.0,100.0,0.022033099885295684,15.666666666666666,0.1774193548387097,0.88,0.000977407769410285,0.012366673232282537,0.06518518518518518,5.478061886120014e-08,SIPA445,Balaji Steels And Cements,37.2,19,100.0,Non-Exclusive,37.2,51.075268817204304,8.450704225352112,22.72547629865213,Tier 3,1667.0,1323.0,1323.0,0.0,27780.0
206,SIPA446,51.0,52.0,51.0,42.833333333333336,51.0,44.333333333333336,67,45.0,33.0,43.0,50.0,52.0,40,45,50,50,50,50,HLLLHH,AANNAA,Moderate Achievement,55,Target-Oriented Performer,Mahalakshmi Steel Traders,Prakasam,Addanki,Non-Exclusive,5954328.0,89769.0,400.0,0.06717802579904902,46.22222222222223,0.32298136645962733,0.1475,0.0001635185790809552,0.02252227985765255,0.20098765432098767,1.676429336796827e-07,SIPA446,Mahalakshmi Steel Traders,74.5,48,400.0,Non-Exclusive,18.625,64.42953020134227,22.065727699530516,29.850342659986765,Tier 1,2000.0,2000.0,2000.0,0.0,110000.0
207,SIPA447,20.0,13.0,20.0,11.0,21.166666666666668,20.0,16,15.0,30.0,1.0,19.0,1.0,15,15,20,20,20,20,LLHLHL,AAANNN,Moderate Achievement,25,Fluctuating Performer,Sri Vijayalakshmi Traders,Chittoor,V Kota,Non-Exclusive,6588204.0,101124.0,200.0,0.030357287054256367,16.5,0.01694915254237288,0.175,0.0001940741459533874,0.0011709482524763575,0.06888888888888889,7.559108678988934e-08,SIPA447,Sri Vijayalakshmi Traders,24.9,13,200.0,Non-Exclusive,12.45,52.208835341365464,5.633802816901409,16.31204875841394,Tier 4,1500.0,1110.0,1110.0,0.0,27750.0
208,SIPA448,10.0,13.0,13.0,12.833333333333334,14.0,13.0,14,17.0,15.0,16.0,20.0,1.0,12,12,12,12,15,15,HHHHHL,AAAAAN,High Achievement,22,Consistently Strong Performer,Sri Sai Balaji Agencies (M),Prakasam,Marrichetlapalem,Non-Exclusive,5954328.0,1.0,90.0,0.015115055804786032,11.5,0.023809523809523808,0.25555555555555554,0.00028358035194334016,0.0016495843410914183,0.04666666666666667,3.748550865470062e-08,SIPA448,Sri Sai Balaji Agencies (M),21.7,14,90.0,Non-Exclusive,24.11111111111111,64.51612903225806,6.103286384976526,21.387419859659754,Tier 3,1667.0,1323.0,1323.0,0.0,29110.0
209,SIPA449,12.0,6.0,1.0,1.0,1.0,10.0,5,1.0,3.6666666666666665,5.75,1.0,1.0,5,10,10,10,10,10,LLHHLL,ANNNNN,Low Achievement,0,Consistently Weak Performer,Balaji Building Materials,Krishna,Kaikaluru,Non-Exclusive,6097627.0,98946.0,60.0,0.009839893453633683,5.611111111111111,0.05555555555555555,0.15,0.00016629635788753997,0.0038644493786042485,0.020493827160493826,2.4297602772835276e-08,SIPA449,BALAJI BUILDING MATERIALS,7.8,4,60.0,Non-Exclusive,13.0,51.28205128205129,1.4084507042253522,13.70148067894547,Tier 4,1500.0,1110.0,1110.0,0.0,0.0
210,SIPA451,1.0,70.0,1.0,1.0,1.0,1.0,50,33.0,1.0,10.0,40.0,40.0,40,60,60,70,40,40,HHLLHH,ANNNAA,Moderate Achievement,36,Emerging Performer,JAYASHANKAR IRON AND PAINTS,Srikakulam,Palasa,Exclusive,4798722.0,40044.0,400.0,0.08335552674232849,24.333333333333332,0.125,0.3975,0.0004412964597394295,0.008709466648163567,0.1037037037037037,2.0808668605010068e-07,SIPA451,JAYASHANKAR IRON AND PAINTS,157.9,29,400.0,Exclusive,39.475,18.36605446485117,13.145539906103288,19.455534836632207,Tier 3,1667.0,1323.0,1323.0,0.0,47630.0
211,SIPA452,16.0,15.0,12.0,1.0,11.0,1.0,23,16.0,5.0,4.0,10.0,1.0,15,15,20,20,15,15,HHLLHL,AANNNN,Low Achievement,19,Fluctuating Performer,Sri Sankar Steels,Guntur,Repalle,Non-Exclusive,6629265.0,61123.0,250.0,0.03771157134312778,9.0,0.012987012987012988,0.144,0.00015962968875173658,0.0008945167146665897,0.035555555555555556,9.397679751762276e-08,SIPA452,Sri Sankar Steels,43.7,10,250.0,Non-Exclusive,17.48,22.88329519450801,4.225352112676056,10.607870306507236,Tier 5,1333.0,952.0,952.0,0.0,18090.0
212,SIPA453,1.0,12.0,11.0,10.0,22.0,1.0,24,1.0,12.0,1.0,12.0,13.0,10,12,12,12,10,10,HLHLHH,ANANAA,Moderate Achievement,14,Consistently Strong Performer,Khasim Cement & Steel Corporation,Guntur,Prathipadu,Non-Exclusive,6629265.0,63695.0,80.0,0.01206770282980089,6.666666666666667,0.21311475409836064,0.325,0.00036074087434847195,0.014857078724620798,0.025185185185185185,2.986712621493602e-08,SIPA453,KHASIM CEMENT & STEEL CORPORATION,33.5,10,80.0,Non-Exclusive,41.875,29.850746268656714,4.225352112676056,16.880360521336975,Tier 4,1500.0,1110.0,1110.0,0.0,15540.0
213,SIPA454,50.0,41.0,37.0,25.0,43.0,30.0,42,21.0,26.0,25.0,50.0,56.0,40,40,40,40,50,50,HLLLHH,ANNNAA,Moderate Achievement,50,Declining Performer,SRI BHAVANI IRON STORES,Guntur,Dachepalli,Exclusive,6629265.0,94275.0,250.0,0.03771157134312778,37.333333333333336,0.2066420664206642,0.576,0.0006396298665295801,0.014405490641084595,0.1614814814814815,9.397679751762276e-08,SIPA454,SRI BHAVANI IRON STORES,136.1,37,250.0,Exclusive,54.44,27.18589272593681,16.901408450704224,26.4660236156099,Tier 2,1833.0,1611.0,1611.0,0.0,80550.0
214,SIPA455,15.0,1.0,13.0,1.0,1.0,11.0,1,1.0,4.666666666666667,1.0,1.0,1.0,12,12,12,12,10,10,LLLLLL,NNNNNN,No Achievement,0,Consistently Weak Performer,SRINIVASA STEEL AGENCIES,Guntur,Narasaraopet,Non-Exclusive,6629265.0,95698.0,650.0,0.09805008549213223,5.611111111111112,0.005847953216374269,0.13230769230769232,0.00014663823094863257,0.0003964370172354746,0.02049382716049383,2.4482308293570925e-07,SIPA455,SRINIVASA STEEL AGENCIES,82.2,2,650.0,Non-Exclusive,12.646153846153846,2.4330900243309,0.4694835680751174,3.29753891494202,Tier 6,,,,,
215,SIPA457,21.666666666666668,1.0,1.0,1.0,1.0,1.0,31,1.0,18.0,1.0,1.0,1.0,50,50,25,12,15,15,HLHLLL,NNNNNN,No Achievement,24,Consistently Weak Performer,SRI VIJAYALAKSHMI STEEL ENTERPRISES,Visakhapatnam,Gajuwaka,Non-Exclusive,4845879.0,1.0,2000.0,0.41272181992162826,7.277777777777779,0.0001657550140891762,1.5015,0.0016679635807272523,0.0,0.027901234567901237,1.0315024192471295e-06,SIPA457,SRI VIJAYALAKSHMI STEEL ENTERPRISES,3009.4,9,2000.0,Non-Exclusive,100.0,0.29906293613344853,3.755868544600939,22.313333713987255,Tier 3,1667.0,1323.0,1323.0,0.0,31750.0
216,SIPA459,1.0,1.0,1.0,1.0,1.0,1.0,5,1.0,1.0,1.0,1.0,1.0,5,12,10,5,10,10,HLLLLL,ANNNNN,Low Achievement,0,Consistently Weak Performer,LAKSHMI NARASIMHA AGENCIES (NEW),West Godavari,Ganapavaram,Non-Exclusive,6422436.0,81207.0,200.0,0.031140831921096603,1.0,0.00819672131147541,0.305,0.000338518643895794,0.0005603064537900262,0.0,7.754994895758176e-08,SIPA459,LAKSHMI NARASIMHA AGENCIES (NEW),61.7,1,200.0,Non-Exclusive,30.85,1.6207455429497568,0.0,6.494149108589952,Tier 6,,,,,
217,SIPA460,5.0,5.0,1.0,1.0,1.0,9.0,1,1.0,2.6666666666666665,1.0,1.0,2.5,1,6,6,6,10,10,LLHLLL,ANNNNN,Low Achievement,0,Consistently Weak Performer,SRI GANESH STEEL & CEMENTS,Chittoor,Kanipakam,Non-Exclusive,6588204.0,4960.0,60.0,0.00910718611627691,4.194444444444444,0.078125,0.5166666666666667,0.0005737039161866356,0.005439079991211027,0.014197530864197526,2.246583442888991e-08,SIPA460,SRI GANESH STEEL & CEMENTS,31.0,2,60.0,Non-Exclusive,51.66666666666667,6.451612903225806,0.4694835680751174,11.905346054823568,Tier 5,1333.0,952.0,952.0,0.0,0.0
218,SIPA461,12.0,13.0,11.0,7.0,10.0,12.666666666666666,15,24.0,14.0,1.0,25.0,14.0,10,15,15,15,10,10,HHHLHL,AANNAA,Moderate Achievement,21,Consistently Strong Performer,Manjunatha Traders,Kurnool,Guduru,Non-Exclusive,6203936.0,1.0,60.0,0.009671279652143414,14.944444444444443,0.3888888888888889,0.23333333333333334,0.00025888898477369806,0.02712053227248897,0.0619753086419753,2.3876068268982244e-08,SIPA461,Manjunatha Traders,17.0,15,60.0,Non-Exclusive,28.333333333333332,88.23529411764706,6.572769953051644,27.25738746202707,Tier 2,1833.0,1611.0,1611.0,0.0,33830.0
219,SIPA463,10.0,12.0,11.5,11.0,9.0,10.0,10,9.0,4.0,10.0,9.0,14.0,10,12,12,12,10,10,LLLHHH,ANNNNA,Low Achievement,13,Declining Performer,BHASKAR TRADERS,Chittoor,Srikalahasti,Non-Exclusive,6588204.0,57581.0,270.0,0.04098233752324609,9.833333333333334,4.666666666666667,0.003703703703703704,3.7448573540623946e-06,0.32557359607734293,0.03925925925925926,1.0215371297038905e-07,SIPA463,BHASKAR TRADERS,9.2,9,270.0,Non-Exclusive,3.407407407407407,97.82608695652175,3.755868544600939,22.500219999546395,Tier 3,1667.0,1323.0,1323.0,0.0,17200.0
220,SIPA464,1.0,11.0,1.0,1.0,1.0,1.0,1,1.0,4.666666666666667,1.0,1.0,1.0,10,15,20,12,1,10,LLHLLL,NNNNAN,Low Achievement,0,Consistently Weak Performer,Sri Vasudeva Traders,East Godavari,Seethanagaram,Non-Exclusive,8274560.0,80526.0,300.0,0.03625570423079898,3.277777777777778,0.003436426116838488,0.5133333333333333,0.0005700002111111893,0.00022818899485251405,0.01012345679012346,9.03371297357011e-08,SIPA464,Sri Vasudeva Traders,135.5,2,300.0,Non-Exclusive,45.166666666666664,1.4760147601476015,0.4694835680751174,9.610226426207923,Tier 6,,,,,
221,SIPA465,25.0,28.0,54.0,20.0,35.0,40.0,36,42.0,25.0,20.0,20.0,1.0,24,30,40,24,25,25,HHLLLL,AANNNN,Low Achievement,24,Consistently Weak Performer,R S Steel Syndicate,Krishna,Vijayawada,Exclusive,6097627.0,141039.0,5000.0,0.8199911211361404,26.833333333333332,0.0008928571428571428,0.1112,0.00012318523080934475,5.072864213684362e-05,0.11481481481481481,2.0496756725910315e-06,SIPA465,R S Steel Syndicate,591.5,24,5000.0,Exclusive,11.83,4.057480980557903,10.7981220657277,9.6563694355482,Tier 6,,,,,
222,SIPA467,5.0,10.0,10.0,17.0,6.0,7.0,10,8.0,16.0,1.0,10.0,10.0,10,10,10,10,10,10,HLHLHH,ANANAA,Moderate Achievement,14,Consistently Strong Performer,Bakshu Traders,Chittoor,Gurramkonda,Non-Exclusive,6588204.0,53414.0,80.0,0.012142914821702546,9.333333333333334,0.11363636363636363,0.525,0.0005829631788752515,0.007916645640417497,0.03703703703703704,3.0055156194746967e-08,SIPA467,Bakshu Traders,47.3,9,80.0,Non-Exclusive,59.12499999999999,19.027484143763214,3.755868544600939,17.884017955513205,Tier 3,1667.0,1323.0,1323.0,0.0,18520.0
223,SIPA468,1.0,14.0,1.0,1.0,11.0,12.0,1,7.0,1.0,1.0,1.0,1.0,5,12,12,12,10,10,LHLLLL,NNNNNN,No Achievement,0,Consistently Weak Performer,Supraja Steels (New),Guntur,Sattenapalli,Non-Exclusive,6629265.0,73887.0,200.0,0.030169257074502225,6.0,0.004219409282700422,0.625,0.0006940743311386412,0.0002828163590819183,0.02222222222222222,7.512101184036196e-08,SIPA468,Supraja Steels (New),162.4,2,150.0,Non-Exclusive,100.0,1.231527093596059,0.4694835680751174,20.527995559564285,Tier 3,1667.0,1323.0,1323.0,0.0,0.0
224,SIPA469,30.0,1.0,1.0,1.0,1.0,1.0,1,1.0,25.0,30.0,51.0,1.0,1,1,1,20,20,20,LHHHHL,AAAAAN,High Achievement,42,Consistently Strong Performer,Balaji Agencies,Cuddapah,Cuddapah,Non-Exclusive,4111686.0,1.0,2100.0,0.510739390118798,9.833333333333334,0.007751937984496124,0.029523809523809525,3.2433874446408525e-05,0.0005292747000238819,0.03925925925925926,1.276546344814089e-06,SIPA469,Balaji Agencies,53.1,18,2100.0,Non-Exclusive,2.5285714285714285,33.89830508474576,7.981220657276995,12.074107697029635,Tier 5,1333.0,952.0,952.0,0.0,39980.0
225,SIPA470,20.0,20.0,20.0,21.0,1.0,41.0,30,30.0,35.0,1.0,1.0,1.0,20,30,25,25,20,20,HHHLLL,AAANNN,Moderate Achievement,36,Momentum Gainer,Yelukuru Steels,Kurnool,Kurnool,Non-Exclusive,6203936.0,110700.0,2700.0,0.4352075843464536,24.5,0.013513513513513514,0.014814814814814815,1.6090540938883476e-05,0.0009312497343305003,0.10444444444444444,1.087716830326177e-06,SIPA470,Yelukuru Steels,45.0,16,0.0,Non-Exclusive,100.0,35.55555555555556,7.042253521126761,31.336463223787167,Tier 1,2000.0,2000.0,2000.0,0.0,72000.0
226,SIPA471,6.0,6.0,5.0,8.0,13.0,1.0,5,5.0,1.0,1.0,5.0,12.0,10,10,12,10,10,10,LLLLHH,NNNNNA,Low Achievement,14,Consistently Weak Performer,Sri Manikanta Paints Iron & Hardware,Kurnool,Atmakur,Non-Exclusive,6203936.0,121731.0,80.0,0.012895039536191219,5.166666666666667,0.3870967741935484,0.2,0.00022185193401923483,0.026995499568758408,0.018518518518518517,3.1935467981536744e-08,SIPA471,Sri Manikanta Paints iron & Hardware,18.2,4,60.0,Non-Exclusive,30.333333333333336,21.978021978021978,1.4084507042253522,11.307341484806276,Tier 5,1333.0,952.0,952.0,0.0,13330.0
227,SIPA472,26.0,1.0,24.0,1.0,25.0,26.0,1,25.0,25.0,1.0,1.0,1.0,20,25,25,25,20,20,LHHLLL,NAANNN,Low Achievement,28,Consistently Weak Performer,G S K Tarading Company,Cuddapah,Rly.Kodur,Non-Exclusive,4111686.0,20471.0,200.0,0.048641846677980764,17.333333333333332,0.043478260869565216,0.05,5.518520562415023e-05,0.0030218376795504544,0.07259259259259258,1.2130248586301116e-07,SIPA472,G S K TRADING COMPANY,12.7,8,200.0,Non-Exclusive,6.35,62.99212598425197,3.286384976525822,15.840256182765888,Tier 4,1500.0,1110.0,1110.0,0.0,31080.0
228,SIPA473,19.0,19.0,20.0,15.0,20.0,53.0,37,1.0,24.0,1.0,20.0,23.0,20,24,25,25,20,20,HLLLLH,ANNNAA,Moderate Achievement,26,Declining Performer,Srinivasa Enterprises,Prakasam,Addanki,Non-Exclusive,5954328.0,89769.0,400.0,0.06717802579904902,23.166666666666668,0.19008264462809918,0.13,0.00014407412743486204,0.013250168783436515,0.09851851851851852,1.676429336796827e-07,SIPA473,Srinivasa Enterprises,60.0,17,400.0,Non-Exclusive,15.0,28.333333333333332,7.511737089201878,13.173708920187796,Tier 5,1333.0,952.0,952.0,0.0,24750.0
229,SIPA474,13.0,27.0,18.0,8.0,19.0,21.0,31,20.0,20.0,20.0,16.0,20.0,20,20,20,20,15,15,HLHHLL,AAAAAA,High Achievement,24,Target-Oriented Performer,Karthikeya Traders,Guntur,Macherla,Non-Exclusive,6629265.0,55758.0,260.0,0.039220034196852896,20.166666666666668,0.11173184357541899,0.3730769230769231,0.0004141596975520247,0.0077837706111863105,0.08518518518518518,9.774795465307494e-08,SIPA474,Karthikeya Traders,88.0,21,260.0,Non-Exclusive,33.84615384615385,23.863636363636363,9.389671361502346,17.17576085885945,Tier 4,1500.0,1110.0,1110.0,0.0,26640.0
230,SIPA475,6.0,7.0,11.0,12.0,1.0,6.0,5,1.0,1.0,5.0,10.0,11.0,5,7,7,7,10,10,LLLHHH,ANNNAA,Moderate Achievement,12,Declining Performer,S.A.R. Steel Traders,Prakasam,Martur,Non-Exclusive,5954328.0,95296.0,90.0,0.015115055804786032,5.333333333333333,0.4074074074074074,0.13333333333333333,0.00014777783251030834,0.028412536877704786,0.019259259259259257,3.748550865470062e-08,SIPA475,S.A.R. Steel Traders,12.2,5,90.0,Non-Exclusive,13.555555555555554,40.98360655737705,1.8779342723004695,12.034592985966803,Tier 5,1333.0,952.0,952.0,0.0,11420.0
231,SIPA477,1.0,1.0,1.0,1.0,1.0,1.0,12,30.0,1.0,12.0,1.0,35.0,10,20,20,25,10,10,HHLHLH,AANNNA,Moderate Achievement,30,Emerging Performer,Pavan Traders,West Godavari,Bhimavaram,Non-Exclusive,6422436.0,84313.0,1000.0,0.155704159605483,11.5,0.17326732673267325,0.101,0.00011185189327847899,0.012076993502847369,0.04666666666666667,3.8895826826263387e-07,SIPA477,Pavan Traders,101.8,15,1000.0,Non-Exclusive,10.18,14.734774066797643,6.572769953051644,8.926616785190514,Tier 6,,,,,
232,SIPA478,1.0,20.0,26.0,21.0,1.0,37.0,1,30.0,34.0,1.0,1.0,1.0,20,30,25,25,20,20,LHHLLL,NAANNN,Low Achievement,35,Consistently Weak Performer,Yelukuru Steel Traders,Kurnool,Kurnool,Non-Exclusive,6203936.0,110700.0,2700.0,0.4352075843464536,20.5,0.014084507042253521,0.012592592592592593,1.3621404221919258e-05,0.0009710869528392484,0.08666666666666667,1.087716830326177e-06,SIPA478,Yelukuru Steel Traders,45.0,11,0.0,Non-Exclusive,100.0,24.444444444444443,4.694835680751173,27.705790297339593,Tier 2,1833.0,1611.0,1611.0,0.0,56380.0
233,SIPA479,1.0,13.0,1.0,1.0,13.0,14.0,1,1.0,4.666666666666667,1.0,5.6,1.0,10,15,15,15,10,10,LLLLLL,NNNNNN,No Achievement,0,Consistently Weak Performer,Ramesh Enterprises,Kurnool,Veldurthy,Non-Exclusive,6203936.0,81010.0,60.0,0.009671279652143414,5.777777777777779,0.023809523809523808,0.35,0.0003885186624143194,0.0016495843410914183,0.02123456790123457,2.3876068268982244e-08,SIPA479,Ramesh Enterprises,21.1,4,60.0,Non-Exclusive,35.16666666666667,18.95734597156398,1.4084507042253522,11.669872950181343,Tier 5,1333.0,952.0,952.0,0.0,0.0
234,SIPA480,1.0,6.0,6.0,1.0,7.0,1.0,1,8.0,1.0,1.0,9.0,1.0,5,6,6,6,10,10,LHLLHL,NANNNN,Low Achievement,0,Consistently Weak Performer,Slv Enterprises & Borewells,Chittoor,B Kothakota,Non-Exclusive,6588204.0,85656.0,80.0,0.012142914821702546,3.0,0.022727272727272728,0.275,0.0003051852982167771,0.0015740775784489356,0.008888888888888887,3.0055156194746967e-08,SIPA480,Slv Enterprises & Borewells,23.0,3,80.0,Non-Exclusive,28.749999999999996,13.043478260869565,0.9389671361502347,8.922075933864054,Tier 6,,,,,
235,SIPA481,20.0,1.0,12.0,1.0,33.0,1.0,16,1.0,20.0,1.0,13.0,12.0,12,15,20,20,10,10,HLHLHH,ANANAA,Moderate Achievement,18,Consistently Strong Performer,Vardhan Traders,Krishna,Challapalli,Non-Exclusive,6097627.0,70607.0,220.0,0.03607960932999017,9.166666666666666,0.06557377049180328,0.40454545454545454,0.0004491247454670774,0.004563402689622642,0.03629629629629629,8.989689248354608e-08,SIPA481,Vardhan Traders,56.5,10,220.0,Non-Exclusive,25.681818181818183,17.699115044247787,4.225352112676056,11.211397912818828,Tier 5,1333.0,952.0,952.0,0.0,17140.0
236,SIPA482,12.0,8.0,12.0,6.0,13.0,15.0,1,7.5,1.0,7.25,1.0,1.0,10,12,12,12,10,10,LLLHLL,NNNNNN,No Achievement,0,Consistently Weak Performer,Sri Lakshmi Kanakadurga Traders,Krishna,Koduru,Non-Exclusive,6097627.0,68398.0,80.0,0.013119857938178244,7.416666666666667,0.03333333333333333,0.1375,0.00015240746385461625,0.0023140438523452673,0.02851851851851852,3.249751398667412e-08,SIPA482,Sri Lakshmi Kanakadurga Traders,15.1,5,80.0,Non-Exclusive,18.875,33.11258278145696,1.8779342723004695,11.524277119671675,Tier 5,1333.0,952.0,952.0,0.0,0.0
237,SIPA483,12.0,11.0,1.0,8.0,1.0,1.0,6,7.5,1.0,1.0,1.0,1.0,5,5,5,5,10,10,HHLLLL,AANNNN,Low Achievement,0,Consistently Weak Performer,Sri Venkateswara Iron And Cements,Anantapur,Yadiki,Non-Exclusive,6321948.0,80140.0,30.0,0.004745372786995401,5.583333333333333,0.008928571428571428,1.9333333333333333,0.002147778573251323,0.0006113663547572789,0.02037037037037037,1.1561301102391536e-08,SIPA483,Sri Venkateswara Iron And Cements,55.1,3,30.0,Non-Exclusive,100.0,5.44464609800363,0.9389671361502347,21.652309501290866,Tier 3,1667.0,1323.0,1323.0,0.0,0.0
238,SIPA485,9.0,5.0,6.0,1.0,11.0,1.0,12,1.0,8.0,8.0,1.0,11.0,5,6,6,6,10,10,HLHHLH,ANAANA,Moderate Achievement,13,Consistently Strong Performer,Lakshmi Venkateswara Traders Angallu,Chittoor,Angallu,Non-Exclusive,6588204.0,8681.0,90.0,0.013660779174415364,5.833333333333333,0.14864864864864866,0.3888888888888889,0.0004317285549611932,0.01035939144806755,0.02148148148148148,3.3849817077675495e-08,SIPA485,Lakshmi Venkateswara Traders Angallu,37.9,7,90.0,Non-Exclusive,42.11111111111111,18.46965699208443,2.8169014084507045,13.80629446570953,Tier 4,1500.0,1110.0,1110.0,0.0,14430.0
239,SIPA487,14.0,31.0,26.0,14.0,14.0,24.0,19,25.0,1.0,22.0,20.0,1.0,20,25,20,20,15,15,LHLHHL,NANAAN,Moderate Achievement,26,Fluctuating Performer,Sri Lakshmi Venkateswara Traders,Cuddapah,Mydukur,Non-Exclusive,4111686.0,105862.0,160.0,0.0389134773423846,16.0,0.013333333333333334,0.21875,0.00024268527506862039,0.0009186788787121842,0.06666666666666667,9.698156251667264e-08,SIPA487,Sri Lakshmi Venkateswara Traders,51.0,14,120.0,Non-Exclusive,42.5,27.450980392156865,6.103286384976526,17.65216790941729,Tier 3,1667.0,1323.0,1323.0,0.0,34400.0
240,SIPA488,1.6666666666666667,1.0,1.0,2.5,1.0,1.0,6,1.0,1.0,1.0,1.0,1.0,6,6,6,6,10,10,HLLLLL,ANNNNN,Low Achievement,0,Consistently Weak Performer,Lakshmi Venkateswara Traders,Guntur,Cherukupalli,Non-Exclusive,6629265.0,60385.0,100.0,0.015084628537251113,1.1111111111111112,0.037037037037037035,0.01,1.074074471879434e-05,0.0025724447733884307,0.0004938271604938271,3.740944048584034e-08,SIPA488,Lakshmi Venkateswara Traders,26.6,1,100.0,Non-Exclusive,26.6,3.7593984962406015,0.0,6.071879699248121,Tier 6,,,,,
241,SIPA489,19.0,13.0,27.0,12.0,15.0,13.0,20,20.0,20.0,20.0,20.0,20.0,15,20,20,20,10,10,HHHHHH,AAAAAA,High Achievement,26,Consistently Strong Performer,Rajyalakshmi Agencies,Guntur,Mangalagiri,Non-Exclusive,6629265.0,86690.0,300.0,0.04525388561175334,17.5,0.6896551724137931,0.0033333333333333335,3.3333345679016916e-06,0.048104469136511396,0.07333333333333333,1.1283258319488358e-07,SIPA489,Rajyalakshmi Agencies,30.7,20,300.0,Non-Exclusive,10.233333333333333,65.14657980456026,8.92018779342723,20.428095303635057,Tier 3,1667.0,1323.0,1323.0,0.0,34400.0
242,SIPA490,19.0,14.0,1.0,20.0,1.0,25.0,1,20.0,1.0,19.0,20.0,1.0,15,20,20,25,15,15,LHLHHL,NANNAN,Low Achievement,23,Fluctuating Performer,Ananda Traders,Chittoor,Chittoor,Non-Exclusive,6588204.0,59060.0,650.0,0.09866118292633319,13.333333333333334,0.008,0.0015384615384615385,1.3390318349690557e-06,0.0005465815524100286,0.054814814814814816,2.463508265216732e-07,SIPA490,Ananda Traders,132.8,10,650.0,Non-Exclusive,20.430769230769233,7.53012048192771,4.225352112676056,8.127389210145022,Tier 6,,,,,
243,SIPA491,2.6666666666666665,3.0,1.0,4.166666666666667,3.0,4.0,11,5.0,4.0,3.0,2.0,6.0,5,10,10,10,10,10,HHLLLH,ANNNNN,Low Achievement,13,Declining Performer,Parvathi Parameswara Agencies,Krishna,Hanuman Jn,Non-Exclusive,6097627.0,100145.0,150.0,0.02459973363408421,4.111111111111112,0.05309734513274336,0.006666666666666667,7.037039643348016e-06,0.0036929443425136534,0.013827160493827161,6.11972032351101e-08,SIPA491,Parvathi Parameswara Agencies,114.4,5,150.0,Non-Exclusive,76.26666666666667,4.370629370629371,1.8779342723004695,17.254219770839487,Tier 4,1500.0,1110.0,1110.0,0.0,14430.0
244,SIPA496,2.6666666666666665,1.0,1.0,3.5,1.0,4.5,13,1.0,12.0,1.0,18.0,17.0,5,10,12,12,12,12,HLHLHH,ANANAA,Moderate Achievement,18,Consistently Strong Performer,Jai Shankar Steel ,Nellore,Kavali,Non-Exclusive,4538626.0,67997.0,250.0,0.055082749713239204,6.361111111111112,0.2982456140350877,0.004,4.074075582990957e-06,0.02079650973116944,0.023827160493827163,1.3740474345602224e-07,SIPA496,Jai Shankar Steel & Cement,56.0,10,250.0,Non-Exclusive,22.400000000000002,17.857142857142858,4.225352112676056,10.586639839034206,Tier 5,1333.0,952.0,952.0,0.0,17140.0
245,SIPA497,2.5,1.0,1.0,1.0,1.0,1.0,10,1.0,1.0,5.0,1.0,1.0,10,10,10,12,10,10,HLLHLL,ANNNNN,Low Achievement,12,Consistently Weak Performer,Sri Srinivasa Steels,Vizianagaram,S Kota,Non-Exclusive,3662958.0,1.0,100.0,0.027300340326042505,1.25,0.019230769230769232,0.01,1.074074471879434e-05,0.0013301326529886063,0.0011111111111111113,6.794871996704568e-08,SIPA497,Sri Srinivasa Steels,46.1,2,100.0,Non-Exclusive,46.1,4.3383947939262475,0.4694835680751174,10.36936909963032,Tier 5,1333.0,952.0,952.0,0.0,11420.0
246,SIPA498,1.6666666666666667,1.0,1.0,1.0,1.0,1.0,1,11.0,1.0,1.0,13.0,12.0,10,10,10,12,10,10,LHLLHH,NANNAA,Moderate Achievement,14,Fluctuating Performer,Sri Lakshmi Ganapathi Steels,West Godavari,Koyyalagudem,Non-Exclusive,6422436.0,75694.0,300.0,0.046711247881644914,4.611111111111111,0.11764705882352941,0.0033333333333333335,3.3333345679016916e-06,0.008196464819621992,0.01604938271604938,1.164759888707133e-07,SIPA498,Sri Lakshmi Ganapathi Steels,103.0,6,300.0,Non-Exclusive,34.333333333333336,5.825242718446602,2.3474178403755865,9.440165914581339,Tier 6,,,,,
247,SIPA499,1.0,13.0,12.0,1.0,14.0,21.0,30,19.0,18.0,15.0,23.0,37.0,15,12,12,15,10,10,HHHLHH,AAAAAA,High Achievement,32,Consistently Strong Performer,Sri Guru Narasimha Traders,Cuddapah,Porumamilla,Non-Exclusive,4111686.0,74138.0,150.0,0.036481385008485565,18.166666666666668,12.333333333333334,0.006666666666666667,7.037039643348016e-06,0.8604635026366916,0.0762962962962963,9.090133168008803e-08,SIPA499,Sri Guru Narasimha Traders,21.6,24,150.0,Non-Exclusive,14.400000000000002,100.0,10.7981220657277,29.358873239436623,Tier 1,2000.0,2000.0,2000.0,0.0,64000.0
248,SIPA500,1.0,1.8333333333333333,1.0,1.0,2.8333333333333335,1.0,4,1.0,3.3333333333333335,1.0,1.0,1.0,5,5,5,5,10,10,HLHLLL,NNNNNN,No Achievement,0,Consistently Weak Performer,Basheer Traders,Chittoor,Baireddipalli,Non-Exclusive,6588204.0,63763.0,40.0,0.006071457410851273,1.527777777777778,0.3333333333333333,0.025,2.7407417558302798e-05,0.023244518456841515,0.00234567901234568,1.4876512663032847e-08,SIPA500,Basheer Traders,16.8,1,40.0,Non-Exclusive,42.00000000000001,5.952380952380952,0.0,9.590476190476192,Tier 6,,,,,
249,SIPA502,1.0,5.0,5.0,7.0,1.0,6.0,7,5.0,5.0,6.0,12.0,14.0,5,6,6,6,12,12,HLLHHH,ANNAAA,Moderate Achievement,15,Consistently Strong Performer,Vijaya Hardwares And Paints,Chittoor,Chandragiri,Non-Exclusive,6588204.0,77585.0,50.0,0.007589321763564092,6.0,4.666666666666667,0.02,2.1851859945133313e-05,0.32557359607734293,0.02222222222222222,1.867117354596138e-08,SIPA502,Vijaya Hardwares And Paints,31.3,8,50.0,Non-Exclusive,62.6,25.559105431309902,3.286384976525822,19.603652072177475,Tier 3,1667.0,1323.0,1323.0,0.0,19840.0
250,SIPA503,1.0,7.0,8.0,6.0,8.0,1.0,8,8.0,1.0,7.0,1.0,1.0,5,6,6,6,10,10,HHLHLL,AANANN,Moderate Achievement,0,Fluctuating Performer,Madeena Hardwares,Chittoor,Thamballapalle,Non-Exclusive,6588204.0,48330.0,50.0,0.007589321763564092,3.1666666666666665,0.3333333333333333,0.02,2.1851859945133313e-05,0.023244518456841515,0.00962962962962963,1.867117354596138e-08,SIPA503,Madeena Hardwares,16.1,4,50.0,Non-Exclusive,32.2,24.844720496894407,1.4084507042253522,12.254014521914094,Tier 5,1333.0,952.0,952.0,0.0,0.0
251,SIPA504,1.0,4.0,6.833333333333333,1.0,1.0,8.333333333333334,1,15.0,1.0,10.0,12.0,1.0,10,10,12,12,10,10,LHLHHL,NANNAN,Low Achievement,14,Fluctuating Performer,Sri Lakshmi Prasanna Enterprises,Guntur,Nekarikallu,Non-Exclusive,6629265.0,74127.0,50.0,0.007542314268625556,5.055555555555556,0.3333333333333333,0.02,2.1851859945133313e-05,0.023244518456841515,0.018024691358024692,1.8553654808579535e-08,SIPA504,Sri Lakshmi Prasanna Enterprises,40.8,6,50.0,Non-Exclusive,81.6,14.705882352941178,2.3474178403755865,20.669627174813588,Tier 3,1667.0,1323.0,1323.0,0.0,18520.0
252,SIPA507,1.0,1.6666666666666667,1.0,2.1666666666666665,1.0,2.6666666666666665,5,5.0,5.0,1.0,1.0,5.333333333333333,5,5,5,5,10,10,HHHLLH,AAANNN,Moderate Achievement,0,Emerging Performer,Kiran Traders,Kurnool,Nandikotkur,Non-Exclusive,6203936.0,83748.0,140.0,0.02256631918833463,3.444444444444444,5.0,0.007142857142857143,7.566140368411776e-06,0.34882967897122763,0.010864197530864195,5.611366711920026e-08,SIPA507,Kiran Traders,21.2,5,140.0,Non-Exclusive,15.14285714285714,23.58490566037736,1.8779342723004695,8.872313124027182,Tier 6,,,,,
253,SIPA508,1.0,1.1666666666666667,2.0,1.0,3.6666666666666665,1.0,4,1.0,6.0,6.0,11.0,11.0,5,5,5,5,12,12,HLHHHH,NNAANN,Low Achievement,13,Emerging Performer,Sri Vinayaka Agencies,Chittoor,Yerpedu,Non-Exclusive,6588204.0,59588.0,40.0,0.006071457410851273,3.5277777777777772,3.6666666666666665,0.025,2.7407417558302798e-05,0.2558053473956887,0.011234567901234564,1.4876512663032847e-08,SIPA508,Sri Vinayaka Agencies,11.6,6,40.0,Non-Exclusive,28.999999999999996,51.724137931034484,2.3474178403755865,17.55327829043225,Tier 3,1667.0,1323.0,1323.0,0.0,17200.0
254,SIPA512,1.0,1.0,2.1666666666666665,1.0,1.0,3.0,1,2.5,3.3333333333333335,1.0,1.0,1.0,5,5,5,5,12,12,LHHLLL,NNNNNN,No Achievement,0,Consistently Weak Performer,Sai Traders,Chittoor,Kothapallimitta,Non-Exclusive,6588204.0,1.0,100.0,0.015178643527128183,1.9722222222222223,0.3333333333333333,0.01,1.074074471879434e-05,0.023244518456841515,0.004320987654320987,3.764447796060403e-08,SIPA512,Sai Traders,145.8,2,100.0,Non-Exclusive,100.0,1.3717421124828533,0.4694835680751174,20.55603856334164,Tier 3,1667.0,1323.0,1323.0,0.0,0.0
255,SIPA514,1.0,1.0,2.5,1.0,1.0,4.0,13,1.0,1.0,1.0,11.0,1.0,5,5,5,5,10,10,HLLLHL,ANNNAN,Low Achievement,14,Consistently Weak Performer,L R K Enterprises,Anantapur,Anantapur,Non-Exclusive,6321948.0,127019.0,2500.0,0.3954477322496167,1.5,0.3333333333333333,0.0004,7.407410150892654e-08,0.023244518456841515,0.002222222222222222,9.88317200054053e-07,SIPA514,L R K Enterprises,31.5,4,2500.0,Non-Exclusive,1.26,12.698412698412698,1.4084507042253522,3.636752962217751,Tier 6,,,,,
256,SIPA515,1.0,1.0,15.0,15.0,25.0,16.0,17,21.0,1.0,21.0,12.0,13.0,12,20,24,24,10,10,HHLHLL,AANNAA,Moderate Achievement,18,Target-Oriented Performer,Vijayalakshmi Iron Stores,Krishna,Gudivada,Non-Exclusive,6097627.0,49571.0,400.0,0.06559928969089122,8.833333333333334,4.333333333333333,0.0025,2.407408299040111e-06,0.3023175131834582,0.03481481481481482,1.6369609340809571e-07,SIPA515,Vijayalakshmi Iron Stores,100.0,14,400.0,Non-Exclusive,25.0,14.000000000000002,6.103286384976526,11.461971830985917,Tier 5,1333.0,952.0,952.0,0.0,17140.0
257,SIPA516,1.0,1.0,2.8333333333333335,1.0,5.333333333333333,7.333333333333333,15,11.0,12.0,1.0,12.0,12.0,8,10,12,12,10,10,HHHLHH,AAANAA,High Achievement,15,Consistently Strong Performer,Sai Rama Steel Corporation,Guntur,Pedanandipadu,Non-Exclusive,6629265.0,48070.0,70.0,0.010559239976075779,7.388888888888888,4.0,0.014285714285714285,1.5502651244368184e-05,0.2790614302895735,0.02839506172839506,2.609596907948386e-08,SIPA516,Sai Rama Steel Corporation,30.3,10,70.0,Non-Exclusive,43.28571428571429,33.003300330033,4.225352112676056,17.79301419075509,Tier 3,1667.0,1323.0,1323.0,0.0,19840.0
258,SIPA518,1.0,1.0,2.8333333333333335,1.0,4.5,5.333333333333333,21,1.0,1.0,7.0,1.0,8.0,10,7,7,7,10,10,HLLHLH,ANNANN,Low Achievement,24,Fluctuating Performer,Sri Kanakadurga Steel Traders,Prakasam,Kondepi,Non-Exclusive,5954328.0,1.0,60.0,0.010076703869857354,2.888888888888889,2.6666666666666665,0.016666666666666666,1.8148154869686987e-05,0.18603709871403457,0.008395061728395062,2.4889628813573323e-08,SIPA518,Sri Kanakadurga Steel Traders,27.8,6,60.0,Non-Exclusive,46.33333333333333,21.58273381294964,2.3474178403755865,14.991664133481947,Tier 4,1500.0,1110.0,1110.0,0.0,26640.0
259,SIPA519,1.0,1.0,1.6666666666666667,1.0,2.3333333333333335,2.6666666666666665,10,5.0,1.0,1.0,5.0,1.0,5,5,5,5,10,10,HHLLHL,AANNNN,Low Achievement,12,Fluctuating Performer,Padmaja Enterprises,Krishna,Vuyyuru,Non-Exclusive,6097627.0,123193.0,200.0,0.03279964484544561,1.9444444444444444,0.3333333333333333,0.005,5.185187105624854e-06,0.023244518456841515,0.00419753086419753,8.169698126970722e-08,SIPA519,Padmaja Enterprises,81.0,3,200.0,Non-Exclusive,40.5,3.7037037037037033,0.9389671361502347,9.40412102243088,Tier 6,,,,,
260,SIPA520,1.0,1.0,1.0,1.0,1.0,1.0,16,13.0,14.0,1.0,6.0,1.0,20,15,10,12,10,10,HHHLLL,NNANNN,Low Achievement,17,Declining Performer,Vamsadhara Steel Profiles,Srikakulam,Srikakulam,Non-Exclusive,4798722.0,94393.0,2500.0,0.520972042139553,5.166666666666667,0.3333333333333333,0.0004,7.407410150892654e-08,0.023244518456841515,0.018518518518518517,1.3021279748737054e-06,SIPA520,Vamsadhara Steel Profiles,56.5,8,2500.0,Non-Exclusive,2.26,14.15929203539823,3.286384976525822,5.255689392995139,Tier 6,,,,,
261,SIPA521,1.0,1.0,1.0,2.3333333333333335,1.0,3.1666666666666665,1,5.0,6.0,8.0,10.0,9.0,5,6,6,6,10,10,LHHHHH,NNAAAN,Moderate Achievement,12,Emerging Performer,Bhagavan Traders,Chittoor,Ramasamudram,Non-Exclusive,6588204.0,57712.0,50.0,0.007589321763564092,4.194444444444444,3.0,0.02,2.1851859945133313e-05,0.20929318160791932,0.014197530864197526,1.867117354596138e-08,SIPA521,Bhagavan Traders,16.3,6,50.0,Non-Exclusive,32.6,36.809815950920246,2.3474178403755865,15.2904138944094,Tier 4,1500.0,1110.0,1110.0,0.0,13320.0
262,SIPA522,1.0,1.0,1.0,1.0,1.0,1.0,1,12.0,1.0,13.0,27.0,28.0,20,12,20,12,20,20,HHLHHH,NANAAA,Moderate Achievement,27,Consistently Strong Performer,Sri Srinivasa Trading,East Godavari,Rajahmundry,Non-Exclusive,8274560.0,1.0,2000.0,0.2417046948719932,7.333333333333333,9.333333333333334,0.0005,1.851852537723163e-07,0.6511587565917291,0.028148148148148144,6.039596064938679e-07,SIPA522,Sri Srinivasa Trading,55.9,13,2000.0,Non-Exclusive,2.795,23.25581395348837,5.633802816901409,8.59044448083852,Tier 6,,,,,
263,SIPA523,1.0,1.0,1.0,1.0,1.0,1.0,1,12.0,10.0,5.0,16.0,21.0,12,12,10,12,10,10,HHHHHH,NAANAA,Moderate Achievement,18,Consistently Strong Performer,Sri Lakshmi Durga Agencies,West Godavari,Eluru,Non-Exclusive,6422436.0,115625.0,400.0,0.062281663842193205,7.666666666666667,7.0,0.0025,2.407408299040111e-06,0.488366176334536,0.02962962962962963,1.554020287838448e-07,SIPA523,Sri Lakshmi Durga Agencies,108.4,11,400.0,Non-Exclusive,27.1,10.14760147601476,4.694835680751173,10.266421703653657,Tier 5,1333.0,952.0,952.0,0.0,17140.0
264,SIPA524,1.0,1.0,1.0,1.6666666666666667,1.0,1.0,5,5.0,1.0,1.0,10.0,10.0,5,5,5,5,10,10,HHLLHH,AANNAA,Moderate Achievement,12,Consistently Strong Performer,Yamani Steel And Cements,Anantapur,Kadiri,Non-Exclusive,6321948.0,35944.0,180.0,0.028472236721972407,3.1666666666666665,3.3333333333333335,0.005555555555555556,5.802471284865908e-06,0.23254926450180405,0.00962962962962963,7.087846095775561e-08,SIPA524,Yamani Steel And Cements,62.3,5,180.0,Non-Exclusive,34.61111111111111,8.025682182985554,1.8779342723004695,9.654119222199615,Tier 6,,,,,
265,SIPA525,1.0,1.0,1.0,1.0,4.5,6.0,1,20.0,1.0,19.0,12.0,20.0,12,12,20,20,12,12,LHLHHH,NANNAA,Moderate Achievement,20,Emerging Performer,Heman Steels,Nellore,Gudur,Non-Exclusive,4538626.0,55705.0,180.0,0.03965957979353223,8.166666666666666,6.666666666666667,0.005555555555555556,5.802471284865908e-06,0.4651100934406513,0.031851851851851846,9.884681864510528e-08,SIPA525,Heman Steels,41.5,12,100.0,Non-Exclusive,41.5,28.915662650602407,5.164319248826291,17.18172407941626,Tier 4,1500.0,1110.0,1110.0,0.0,22200.0
266,SIPA536,1.0,1.0,1.0,1.0,2.8333333333333335,1.0,12,1.0,1.0,1.0,12.0,12.0,6,6,6,6,10,10,HLLLHH,ANNNAA,Moderate Achievement,14,Declining Performer,Sri Sai Raghavendra Agencies,Prakasam,Donakonda,Non-Exclusive,5954328.0,50176.0,80.0,0.013435605159809806,2.8333333333333335,4.0,0.0125,1.3518523525379083e-05,0.2790614302895735,0.008148148148148147,3.328688204099152e-08,SIPA536,Sri Sai Raghavendra Agencies,11.6,6,80.0,Non-Exclusive,14.499999999999998,51.724137931034484,2.3474178403755865,14.65327829043225,Tier 4,1500.0,1110.0,1110.0,0.0,15540.0
267,SIPA537,1.0,1.0,1.0,1.0,1.0,1.0,1,1.0,2.3333333333333335,3.0,1.0,1.0,12,10,10,5,10,10,HHHHLL,NNNNNN,No Achievement,0,Emerging Performer,Varalakshmi Traders,East Godavari,Kothapeta,Non-Exclusive,8274560.0,102398.0,150.0,0.01812785211539949,1.2222222222222223,0.3333333333333333,0.006666666666666667,7.037039643348016e-06,0.023244518456841515,0.000987654320987655,4.501749943350991e-08,SIPA537,Varalakshmi Traders,56.5,2,150.0,Non-Exclusive,37.666666666666664,3.5398230088495577,0.4694835680751174,8.522988075948314,Tier 6,,,,,
268,SIPA538,1.0,1.0,1.0,1.0,1.0,2.0,1,1.0,1.0,6.0,7.0,1.0,5,5,5,5,10,10,LLLHHL,NNNANN,Low Achievement,0,Consistently Weak Performer,Siva Enterprises,Anantapur,Muddigubba,Non-Exclusive,6321948.0,1.0,35.0,0.005536268251494635,1.1666666666666667,0.3333333333333333,0.02857142857142857,3.1375672996281e-05,0.023244518456841515,0.0007407407407407415,1.3538539764237007e-08,SIPA538,Siva Enterprises,10.0,2,35.0,Non-Exclusive,28.57142857142857,20.0,0.4694835680751174,9.995975855130785,Tier 5,1333.0,952.0,952.0,0.0,0.0
269,SIPA539,1.0,1.0,1.0,1.0,1.0,2.6666666666666665,14,1.0,1.0,1.0,1.0,1.0,12,12,12,12,1,10,HLLLLL,ANNNAN,Low Achievement,16,Consistently Weak Performer,Nagaraju Enterprises,Cuddapah,Yerraguntla,Non-Exclusive,4111686.0,77072.0,70.0,0.017024646337293264,1.2777777777777777,0.3333333333333333,0.014285714285714285,1.5502651244368184e-05,0.023244518456841515,0.0012345679012345677,4.2259484987411066e-08,SIPA539,Nagaraju Enterprises,20.0,2,70.0,Non-Exclusive,28.57142857142857,10.0,0.4694835680751174,7.9959758551307845,Tier 6,,,,,
270,SIPT001,22.0,32.0,1.0,26.0,25.0,29.0,52,42.0,51.0,40.0,35.0,30.0,35,40,50,40,45,45,HHHHLL,AAAANN,Moderate Achievement,40,Consistently Strong Performer,Meghraj Omprakash,Adilabad,Adilabad,Non-Exclusive,708972.0,157910.0,1000.0,1.410492939072347,34.333333333333336,0.03436838294064494,0.413,0.0004585186883402549,0.0023862574507460318,0.14814814814814817,3.5259302178775704e-06,SIPT001,Meghraj Omprakash,510.3,42,1000.0,Non-Exclusive,51.03,8.23045267489712,19.248826291079812,23.401386309627313,Tier 2,1833.0,1611.0,1611.0,0.0,64440.0
271,SIPT008,101.0,57.0,93.0,47.0,44.0,97.0,112,67.0,73.0,74.0,87.0,85.0,80,100,100,100,100,100,HLLHHH,ANNNNN,Low Achievement,86,Emerging Performer,Raj Trading Co.,Mancherial,Mancherial,Exclusive,807037.0,86911.0,800.0,0.9912804493474278,80.0,0.10426852259206228,0.435,0.0004829631418382006,0.007263067776828472,0.35111111111111115,2.4778989932486297e-06,SIPT008,Raj Trading Co.,401.7,83,800.0,Exclusive,50.21249999999999,20.6621857107294,38.497652582159624,37.273528691441655,Tier 1,2000.0,2000.0,2000.0,0.0,172000.0
272,SIPT010,46.0,25.0,50.0,1.0,25.0,39.0,51,68.0,42.0,48.0,42.0,20.0,35,40,50,40,40,40,HHHHLL,AANAAN,Moderate Achievement,42,Consistently Strong Performer,Sri Laxmi Narasimhaswamy Iron And Steel,Nirmal,Nirmal,Non-Exclusive,709418.0,32034.0,800.0,1.127684947379401,40.0,0.1032067096014831,0.09375,0.00010379633473938323,0.007188986944048332,0.17333333333333334,2.818910238431593e-06,SIPT010,Sri Laxmi Narasimhaswamy Iron And Steel,75.1,45,800.0,Non-Exclusive,9.3875,59.92010652463383,20.657276995305164,26.255887502109864,Tier 2,1833.0,1611.0,1611.0,0.0,67660.0
273,SIPT014,158.0,80.0,139.0,98.0,109.0,99.0,105,125.0,84.0,84.0,87.0,81.0,120,120,130,130,150,150,LHLLLL,NANNNN,Low Achievement,88,Consistently Weak Performer,Jairaj Steel Distributors,Hyderabad,Balkampet,Non-Exclusive,3943323.0,1.0,3000.0,0.7607796774446324,104.5,0.2657539424984671,0.043333333333333335,4.7777795473257584e-05,0.01852962271131987,0.46,1.9016470633175373e-06,SIPT014,Jairaj Steel Distributors,45.9,94,3000.0,Non-Exclusive,1.53,100.0,43.66197183098591,46.50318309859155,Tier 1,2000.0,2000.0,2000.0,0.0,176000.0
274,SIPT020,20.0,20.0,25.0,25.0,26.0,9.0,26,25.0,25.0,20.0,30.0,30.0,20,20,20,20,30,30,HHHLHH,AAAAAA,High Achievement,34,Consistently Strong Performer,Srinivasa Steel Traders (C),Rangareddy,Champapet,Non-Exclusive,2426243.0,369034.0,600.0,0.24729592213146004,21.5,0.04611314382212215,0.5333333333333333,0.0005922224415638672,0.003205668848631498,0.09111111111111111,6.179376746467583e-07,SIPT020,Srinivasa Steel Traders (C),333.4,26,600.0,Non-Exclusive,55.56666666666666,7.798440311937613,11.737089201877934,19.715274916847616,Tier 3,1667.0,1323.0,1323.0,0.0,44980.0
275,SIPT026,20.0,20.0,20.0,1.0,15.0,35.0,26,25.0,27.0,29.0,38.0,30.0,25,25,40,40,30,30,HHHHHH,AANNAA,Moderate Achievement,37,Consistently Strong Performer,Sri Rama Steel Agencies,Rangareddy,Hayath Nagar,Non-Exclusive,2426243.0,121590.0,1500.0,0.6182398053286502,26.166666666666668,0.11581493432305714,0.082,9.074077434843494e-05,0.008068640701857291,0.11185185185185186,1.5452973829199177e-06,SIPT026,Sri Rama Steel Agencies,33.7,29,1000.0,Non-Exclusive,3.37,86.05341246290801,13.145539906103288,25.772006436243576,Tier 2,1833.0,1611.0,1611.0,0.0,59610.0
276,SIPT031,29.0,39.0,58.0,21.0,36.0,26.0,40,60.0,58.0,32.0,59.0,51.0,50,50,60,60,50,50,HHHLHH,NANNAA,Moderate Achievement,54,Emerging Performer,Srinivasa Steel Traders (H),Medchal - Malkajgiri,Kukatpally,Non-Exclusive,2460095.0,254086.0,2500.0,1.0162209182978708,43.833333333333336,0.20367782193891454,0.04,4.407409039781126e-05,0.014198680494928662,0.19037037037037038,2.5402501656435752e-06,SIPT031,Srinivasa Steel Traders (H),333.4,50,2500.0,Non-Exclusive,13.335999999999999,14.997000599880025,23.004694835680752,19.469417021384455,Tier 3,1667.0,1323.0,1323.0,0.0,71440.0
277,SIPT035,64.0,61.0,91.0,39.0,69.0,55.0,54,40.0,43.0,40.0,36.0,37.0,50,60,60,60,60,60,LLLLLL,ANNNNN,Low Achievement,41,Consistently Weak Performer,Nagarjuna Steel Enterprises,Rangareddy,Narsingi,Non-Exclusive,2426243.0,57330.0,800.0,0.3297278961752801,50.0,0.04119734367287838,0.52,0.000577407621262082,0.002862702081349746,0.21777777777777776,8.240176098185715e-07,SIPT035,Nagarjuna Steel Enterprises,16.6,42,800.0,Non-Exclusive,2.075,100.0,19.248826291079812,31.964295774647887,Tier 1,2000.0,2000.0,2000.0,0.0,82000.0
278,SIPT036,1.0,1.0,1.0,1.0,14.0,1.0,1,5.5,1.0,1.0,1.0,1.0,10,10,10,10,10,10,LHLLLL,NNNNNN,No Achievement,0,Consistently Weak Performer,Nagarjuna Steel Suppliers,Medchal - Malkajgiri,Nizampet,Non-Exclusive,2460095.0,48835.0,300.0,0.12194651019574447,1.75,0.0036798197463296135,0.25333333333333335,0.000281111215226376,0.0002451701421223813,0.003333333333333333,3.0456414471278947e-07,SIPT036,Nagarjuna Steel Suppliers,16.6,2,300.0,Non-Exclusive,5.533333333333334,12.048192771084336,0.4694835680751174,3.7979953617286046,Tier 6,,,,,
279,SIPT042,35.0,26.0,25.0,26.0,10.0,22.0,13,40.0,15.0,25.0,12.0,33.0,20,20,20,20,30,30,LHLHLH,NANANA,Moderate Achievement,27,Fluctuating Performer,Baheti Steels,Rangareddy,Saroornagar,Non-Exclusive,2426243.0,1.0,2000.0,0.8243197404382001,28.5,0.47471852461747627,0.0005,1.851852537723163e-07,0.03310871564225684,0.12222222222222223,2.0604972208494505e-06,SIPT042,Baheti Steels,30.8,23,2000.0,Non-Exclusive,1.54,74.67532467532467,10.328638497652582,21.440248033656484,Tier 3,1667.0,1323.0,1323.0,0.0,35720.0
280,SIPT044,13.0,1.0,37.0,19.0,20.0,42.0,27,51.0,10.0,21.0,50.0,52.0,50,50,50,40,50,50,HHLLHH,NANNAA,Moderate Achievement,47,Emerging Performer,Mahalaxmi Steels,Medchal - Malkajgiri,Suraram,Exclusive,2460095.0,383654.0,250.0,0.10162209182978706,28.166666666666668,0.1807793271499318,0.524,0.0005818520673526175,0.012601092616055354,0.12074074074074073,2.537530987825443e-07,SIPT044,Mahalaxmi Steels,74.5,35,250.0,Exclusive,29.799999999999997,46.97986577181208,15.96244131455399,24.93343794309481,Tier 2,1833.0,1611.0,1611.0,0.0,75720.0
281,SIPT047,91.0,79.0,93.0,82.66666666666667,79.0,72.0,78,84.0,81.0,81.0,74.0,76.0,120,120,120,120,110,110,LHLHLL,NNNNNN,No Achievement,77,Consistently Weak Performer,Mallikarjuna Steel Traders,Medchal - Malkajgiri,Neredmet,Non-Exclusive,2460095.0,1.0,500.0,0.2032441836595741,80.5,0.14576764149736857,0.51,0.0005662965060357429,0.010158388624683419,0.35333333333333333,5.0780832843377e-07,SIPT047,Mallikarjuna Steel Traders,42.6,79,600.0,Non-Exclusive,7.1000000000000005,100.0,36.61971830985916,43.3918309859155,Tier 1,2000.0,2000.0,2000.0,0.0,154000.0
282,SIPT056,63.0,61.0,53.0,40.0,61.0,61.0,1,72.0,61.0,31.0,61.0,60.0,60,60,60,60,60,60,LHHLHH,NAANAA,Moderate Achievement,55,Consistently Strong Performer,Mahalakshmi Iron & Hardware Merchants,Karimnagar,Jammikunta,Exclusive,1162156.0,72666.0,400.0,0.34418787150778385,63.0,0.09262318966698686,0.765,0.0008496299443073867,0.0064505932933311555,0.2755555555555556,8.601675481607529e-07,SIPT056,Mahalakshmi Iron & Hardware Merchants,15.7,48,400.0,Exclusive,3.925,100.0,22.065727699530516,34.02443661971831,Tier 1,2000.0,2000.0,2000.0,0.0,110000.0
283,SIPT067,14.0,62.0,33.0,20.0,27.0,18.0,58,20.0,19.0,20.0,27.0,12.0,25,25,25,20,30,30,HLLLHL,ANNANN,Low Achievement,23,Consistently Weak Performer,Ramakrishna Agencies,Rajanna Sircilla,Sircilla,Non-Exclusive,552037.0,92001.0,400.0,0.7245891126862873,24.166666666666668,0.05782976460110889,0.195,0.00021629637640606535,0.004023116960848482,0.10296296296296296,1.811170651394339e-06,SIPT067,Ramakrishna Agencies,30.7,26,400.0,Non-Exclusive,7.675,84.69055374592834,11.737089201877934,25.51536427031243,Tier 2,1833.0,1611.0,1611.0,0.0,37050.0
284,SIPT071,15.0,1.0,1.0,12.0,1.0,14.0,1,13.0,16.0,1.0,1.0,15.0,10,20,15,10,10,10,LHHLLH,NNANNA,Low Achievement,17,Fluctuating Performer,Sri Kanakadurga Steel Syndicate,Khammam,Kalluru,Non-Exclusive,1401639.0,63828.0,150.0,0.10701757014466635,12.333333333333334,0.0847489992826371,0.42,0.00046629646899869215,0.005901224820429151,0.05037037037037037,2.672417945738179e-07,SIPT071,Sri Kanakadurga Steel Syndicate,186.9,7,150.0,Non-Exclusive,100.0,3.7453183520599254,2.8169014084507045,22.43920451548241,Tier 3,1667.0,1323.0,1323.0,0.0,22490.0
285,SIPT073,1.0,61.0,30.0,1.0,20.0,1.0,46,30.0,1.0,12.0,30.0,1.0,20,30,30,15,15,15,HHLLHL,AANNAN,Moderate Achievement,28,Fluctuating Performer,Sumedha Steels & Generals,Khammam,Khammam,Non-Exclusive,1401639.0,356857.0,2000.0,1.426900935262218,15.833333333333334,0.005899825046997125,0.0315,3.4629642455423134e-05,0.00040005602401394267,0.06592592592592593,3.566950208364641e-06,SIPT073,Sumedha Steels & Generals,162.4,20,150.0,Non-Exclusive,100.0,12.31527093596059,8.92018779342723,27.815166863248457,Tier 2,1833.0,1611.0,1611.0,0.0,45110.0
286,SIPT077,19.0,1.0,20.0,13.0,25.0,20.0,30,11.0,1.0,10.0,1.0,20.0,15,20,20,20,20,20,HLLLLH,ANNNNA,Low Achievement,16,Consistently Weak Performer,Kinnera Agencies,Bhadradri Kothagudem,Palvancha,Non-Exclusive,1069261.0,113872.0,380.0,0.3553856354996582,12.0,0.07441929126174318,0.25263157894736843,0.0002803314878420715,0.005180539182418546,0.048888888888888885,8.881619581488967e-07,SIPT077,Kinnera Agencies,33.5,12,380.0,Non-Exclusive,8.81578947368421,35.82089552238806,5.164319248826291,12.025928548510228,Tier 5,1333.0,952.0,952.0,0.0,15230.0
287,SIPT080,10.0,23.0,44.0,8.0,1.0,10.0,50,15.0,20.0,1.0,23.0,23.0,20,20,20,10,22,22,HLLLHH,ANANAA,Moderate Achievement,26,Target-Oriented Performer,Sri Sri Sri Venkata Sai Rama Iron Syndicate,Khammam,Wyra,Non-Exclusive,1401639.0,54320.0,65.0,0.04637428039602209,16.833333333333332,0.4278054164359176,0.3384615384615385,0.0003756981448454667,0.029835670244216513,0.07037037037037036,1.1563357015640171e-07,SIPT080,Sri Sri Sri Venkata Sai Rama Iron Syndicate,92.1,22,65.0,Non-Exclusive,100.0,23.8870792616721,9.859154929577464,30.6929088100809,Tier 1,2000.0,2000.0,2000.0,0.0,52000.0
288,SIPT083,22.0,30.0,30.0,14.0,10.0,35.0,44,46.0,25.0,24.0,31.0,32.0,25,25,25,25,30,30,HHLLHL,AAANAA,High Achievement,37,Target-Oriented Performer,Jayalaxmi Cement Hardware & Electricals,Wanaparthy,Atmakur,Exclusive,577758.0,38467.0,80.0,0.13846627826875613,31.666666666666668,0.753571518965609,0.1875,0.0002079630399863111,0.05256380069756127,0.1362962962962963,3.458635649077964e-07,SIPT083,Jayalaxmi Cement Hardware & Electricals,202.5,34,60.0,Exclusive,100.0,16.790123456790123,15.492957746478872,32.653799339245346,Tier 1,2000.0,2000.0,2000.0,0.0,74000.0
289,SIPT087,1.0,30.0,1.0,12.0,25.0,16.0,29,1.0,1.0,1.0,1.0,1.0,25,1,1,1,1,1,HLLLLL,AAAAAA,High Achievement,37,Target-Oriented Performer,New Laxmi Agencies,Mahabubnagar,Jadcherla,Non-Exclusive,905660.0,104141.0,1.0,0.0011041671267363027,8.333333333333334,0.006728321861076659,59.0,0.06555520946489239,0.0004578587957706018,0.0325925925925926,2.45828694899349e-09,SIPT087,New Laxmi Agencies,40.0,5,300.0,Non-Exclusive,13.333333333333334,12.5,1.8779342723004695,6.293427230046949,Tier 6,,,,,
290,SIPT089,1.0,12.0,1.0,15.0,1.0,10.0,1,20.0,11.0,1.0,1.0,13.0,10,10,10,10,10,10,LHHLLH,NAANNA,Moderate Achievement,17,Fluctuating Performer,Balaji Traders (K),Nagarkurnool,Kollapur,Non-Exclusive,861766.0,55466.0,40.0,0.04641631254888218,11.166666666666666,0.21652621531729557,0.775,0.0008607410595337258,0.01509509039931127,0.04518518518518518,1.1573865053858368e-07,SIPT089,Balaji Traders (K),37.2,7,40.0,Non-Exclusive,93.0,18.817204301075268,2.8169014084507045,24.05358170528548,Tier 2,1833.0,1611.0,1611.0,0.0,27390.0
291,SIPT090,11.0,23.0,31.0,9.0,22.0,18.0,6,1.0,19.0,1.0,11.0,11.0,15,15,15,15,20,20,LLHLLH,NNANNN,Low Achievement,16,Consistently Weak Performer,Pragathi Traders,Wanaparthy,Kothakota,Non-Exclusive,577758.0,59331.0,50.0,0.08654142391797258,13.833333333333334,0.09761256555154199,0.98,0.0010885189216736748,0.006798693310811046,0.05703703703703704,2.1605142899161729e-07,SIPT090,Pragathi Traders,101.8,8,50.0,Non-Exclusive,100.0,7.858546168958743,3.286384976525822,23.54354021970724,Tier 2,1833.0,1611.0,1611.0,0.0,25780.0
292,SIPT092,50.0,30.0,47.0,1.0,1.0,23.0,48,35.0,39.0,1.0,35.0,15.0,25,30,40,30,40,40,HHHLHL,AANNNN,Low Achievement,34,Emerging Performer,Quadeeriya Traders,Mahabubnagar,Marikal,Non-Exclusive,905660.0,1.0,80.0,0.08833337013890423,32.0,0.1847032910748584,0.1,0.00011074078175584509,0.01287486070698747,0.13777777777777778,2.2053129454529992e-07,SIPT092,Quadeeriya Traders,101.8,29,80.0,Non-Exclusive,100.0,28.487229862475445,13.145539906103288,33.58476991615706,Tier 1,2000.0,2000.0,2000.0,0.0,68000.0
293,SIPT095,22.0,25.0,15.0,1.0,21.0,1.0,17,26.0,20.0,17.0,22.0,13.0,15,15,20,20,25,25,HHHHHL,AAANNN,Moderate Achievement,20,Emerging Performer,Bhagvathi Sanitary & Hardware,Wanaparthy,Pebbair,Exclusive,577758.0,48749.0,75.0,0.12981213587695886,17.833333333333332,0.1279253320440218,0.6266666666666667,0.0006959261836763643,0.008913561941687291,0.0748148148148148,3.2422820892176656e-07,SIPT095,Bhagvathi Sanitary & Hardware,16.3,19,75.0,Exclusive,21.733333333333334,100.0,8.450704225352112,29.417089201877936,Tier 1,2000.0,2000.0,2000.0,0.0,40000.0
294,SIPT098,15.0,1.0,25.0,18.0,12.0,27.0,12,1.0,25.0,27.0,1.0,10.0,20,20,20,25,25,25,LLHHLL,NNAANN,Low Achievement,23,Consistently Weak Performer,Sohail Iron & Hardware,Mahabubnagar,Shanthinagar,Non-Exclusive,905660.0,1.0,80.0,0.08833337013890423,13.166666666666666,0.09641269535453494,0.525,0.0005829631788752515,0.006714980468520552,0.05407407407407407,2.2053129454529992e-07,SIPT098,Sohail Iron & Hardware,23.0,12,80.0,Non-Exclusive,28.749999999999996,52.17391304347826,5.164319248826291,19.283374157991428,Tier 3,1667.0,1323.0,1323.0,0.0,30430.0
295,SIPT099,30.0,22.0,1.0,22.0,1.0,30.0,40,27.0,1.0,11.0,1.0,1.0,30,35,40,30,20,20,HHLLLL,ANNNNN,Low Achievement,29,Consistently Weak Performer,Shiva Shankar Traders,Wanaparthy,Wanaparthi,Non-Exclusive,577758.0,1.0,250.0,0.43270711958986285,18.5,0.0051107951783871145,0.344,0.00038185199327851597,0.00034500679192350656,0.07777777777777778,1.0814656684328113e-06,SIPT099,Shiva Shankar Traders,60.7,13,250.0,Non-Exclusive,24.28,21.4168039538715,5.633802816901409,12.519642480915147,Tier 5,1333.0,952.0,952.0,0.0,27610.0
296,SIPT105,20.0,21.0,35.0,10.0,20.0,21.0,34,37.0,12.0,27.0,1.0,32.0,20,20,20,20,20,20,HHLHLH,AANANA,Moderate Achievement,28,Consistently Strong Performer,Medak Steel Corporation,Medak,Ramachandrapuram,Non-Exclusive,766153.0,1.0,350.0,0.4568278137656578,23.833333333333332,0.11795065992744973,0.2542857142857143,0.0002821694166765035,0.00821764653694033,0.10148148148148148,1.1417674038905178e-06,SIPT105,Medak Steel Corporation,510.3,24,350.0,Non-Exclusive,100.0,4.703115814226925,10.7981220657277,27.419496402282004,Tier 2,1833.0,1611.0,1611.0,0.0,45110.0
297,SIPT109,25.0,26.0,28.0,27.166666666666668,28.333333333333332,30.0,1,30.0,30.0,15.0,31.0,30.0,30,30,25,30,30,30,LHHLHH,NAANAA,Moderate Achievement,30,Consistently Strong Performer,Siddeshwara Traders,Yadadri Bhuvanagiri,Bhongir,Non-Exclusive,770833.0,1.0,450.0,0.5837840362309346,28.5,0.11649741602239436,0.23555555555555555,0.00026135812149066226,0.008116256254777328,0.12222222222222223,1.459157960149603e-06,SIPT109,Siddeshwara Traders,90.7,23,450.0,Non-Exclusive,20.15555555555556,25.358324145534727,10.328638497652582,15.299959038809607,Tier 4,1500.0,1110.0,1110.0,0.0,33300.0
298,SIPT111,30.5,30.0,36.333333333333336,31.0,31.0,30.0,30,30.0,1.0,30.0,41.0,30.0,30,30,30,30,40,40,LLLHHH,AANAAN,Moderate Achievement,38,Target-Oriented Performer,Jagannadh Traders,Yadadri Bhuvanagiri,Choutuppal,Non-Exclusive,770833.0,73336.0,400.0,0.5189191433163862,25.25,0.3029456023672555,0.04,4.407409039781126e-05,0.021124419685928996,0.10777777777777778,1.296995727814238e-06,SIPT111,Jagannadh Traders,24.4,27,400.0,Non-Exclusive,6.1,100.0,12.206572769953052,28.54394366197183,Tier 1,2000.0,2000.0,2000.0,0.0,76000.0
299,SIPT113,59.0,1.0,25.0,26.0,47.0,39.0,1,56.0,75.0,51.0,65.0,25.0,20,50,40,50,45,45,LHHHHL,NAAAAN,Moderate Achievement,54,Consistently Strong Performer,Srinivasa Steel Syndicate,Suryapet,Kodad,Non-Exclusive,1099560.0,111940.0,375.0,0.341045509112736,42.5,0.06755469924696549,0.44266666666666665,0.0004914816635117272,0.004701608619633439,0.18444444444444444,8.523116421707598e-07,SIPT113,Srinivasa Steel Syndicate,82.2,45,375.0,Non-Exclusive,21.92,54.74452554744526,20.657276995305164,27.72727130667215,Tier 2,1833.0,1611.0,1611.0,0.0,86990.0
300,SIPT116,10.0,10.0,21.0,1.0,1.0,17.0,18,19.5,1.0,1.0,1.0,1.0,15,15,15,20,15,15,HHLLLL,AANNNN,Low Achievement,22,Consistently Weak Performer,Maruthi Venkateshwara Traders,Nalgonda,Miryalaguda,Non-Exclusive,1618416.0,175838.0,450.0,0.2780496485452443,9.75,0.006666666666666667,0.15555555555555556,0.00017246919967995052,0.00045355722083448974,0.03888888888888889,6.94821990704448e-07,SIPT116,Maruthi Venkateshwara Traders,17.0,6,450.0,Non-Exclusive,3.7777777777777777,35.294117647058826,2.3474178403755865,9.222829789192673,Tier 6,,,,,
301,SIPT120,20.0,1.0,31.0,11.0,10.0,11.0,31,1.0,20.0,15.0,20.0,19.0,20,25,25,30,20,20,HLHHHH,ANNNAN,Low Achievement,21,Emerging Performer,Svs Enterprises,Nalgonda,Nalgonda,Non-Exclusive,1618416.0,207076.0,800.0,0.49431048630265645,12.0,0.18560661943837709,0.03125,3.4351864574764656e-05,0.012937884344894636,0.048888888888888885,1.2354740852613262e-06,SIPT120,Svs Enterprises,68.9,18,800.0,Non-Exclusive,8.6125,26.12481857764876,7.981220657276995,11.73619610989595,Tier 5,1333.0,952.0,952.0,0.0,19990.0
302,SIPT121,15.0,61.0,1.0,29.0,35.0,20.0,61,38.0,1.0,30.0,41.0,40.0,30,40,40,25,40,40,HHLLHH,ANNAAA,Moderate Achievement,42,Consistently Strong Performer,Mathaji Steel Cement Syndicate,Nalgonda,Nalgonda,Exclusive,1618416.0,207076.0,800.0,0.49431048630265645,29.166666666666668,0.139056195670523,0.1375,0.00015240746385461625,0.009690142803222605,0.12518518518518518,1.2354740852613262e-06,SIPT121,Mathaji Steel Cement Syndicate,17.0,35,800.0,Exclusive,2.125,100.0,15.96244131455399,30.002464788732397,Tier 1,2000.0,2000.0,2000.0,0.0,84000.0
303,SIPT123,101.0,81.0,100.0,61.0,65.0,75.0,100,101.0,91.0,74.0,51.0,1.0,70,80,90,85,90,90,HHHLLL,AAANNN,Moderate Achievement,79,Momentum Gainer,Sri Ramakrishna Enterprises,Suryapet,Suryapet,Exclusive,1099560.0,155422.0,550.0,0.5002000800320128,75.0,0.001746637650563412,0.18363636363636363,0.0002036701091034074,0.00011029541291804356,0.3288888888888889,1.2501980695891654e-06,SIPT123,Sri Ramakrishna Enterprises,100.7,69,600.0,Exclusive,16.783333333333335,68.52035749751738,31.92488262910798,36.21566774363494,Tier 1,2000.0,2000.0,2000.0,0.0,158000.0
304,SIPT124,1.0,1.0,26.0,1.0,25.0,25.0,15,25.0,1.0,23.0,1.0,1.0,20,20,25,20,20,20,HHLHLL,NANANN,Low Achievement,24,Fluctuating Performer,SRI VINAYAKA STEELS - S,Suryapet,Suryapet,Non-Exclusive,1099560.0,155422.0,550.0,0.5002000800320128,9.0,0.001634255201956796,0.06909090909090909,7.639733469261554e-05,0.00010245468629620395,0.035555555555555556,1.2501980695891654e-06,SIPT124,Sri Vinayaka Steels - S,11.6,11,600.0,Non-Exclusive,1.9333333333333333,94.82758620689656,4.694835680751173,22.169085316496684,Tier 3,1667.0,1323.0,1323.0,0.0,31750.0
305,SIPT126,1.0,25.0,30.0,11.0,13.0,16.0,23,37.0,1.0,25.0,25.0,25.0,20,20,25,20,25,25,HHLHHH,AANAAA,High Achievement,32,Consistently Strong Performer,SRI RAMA TRADERS,Suryapet,Thirumalagiri,Exclusive,1099560.0,38808.0,120.0,0.10913456291607551,17.5,0.6180262108522183,0.008333333333333333,8.888892181071177e-06,0.043107041933474796,0.07333333333333333,2.7253427650393984e-07,SIPT126,Sri Rama Traders,33.7,23,120.0,Exclusive,28.08333333333334,68.24925816023737,10.328638497652582,25.46370139730569,Tier 2,1833.0,1611.0,1611.0,0.0,51550.0
306,SIPT127,1.0,21.0,20.0,6.0,1.0,1.0,1,10.0,15.0,1.0,1.0,1.0,10,10,15,10,10,10,LHHLLL,NAANNN,Low Achievement,15,Consistently Weak Performer,Panduranga Traders,Nizamabad,Armoor,Non-Exclusive,1571022.0,105132.0,300.0,0.1909584970802446,8.166666666666666,0.013221210464195906,0.06666666666666667,7.370373100138184e-05,0.0009108562624953036,0.031851851851851846,4.770941119761665e-07,SIPT127,Panduranga Traders,81.0,4,250.0,Non-Exclusive,32.4,4.938271604938271,1.4084507042253522,8.312724743522866,Tier 6,,,,,
307,SIPT135,12.0,8.0,25.666666666666668,21.0,1.0,12.0,29,22.0,1.0,1.0,10.0,11.0,35,35,30,30,25,25,HHLLLL,NNNNNN,No Achievement,14,Consistently Weak Performer,Vasavi Sales Corporation,Medchal - Malkajgiri,Ghatkesar,Non-Exclusive,2460095.0,74712.0,1500.0,0.6097325509787224,11.0,0.1634755424242249,0.0006666666666666666,3.703705075446324e-07,0.011393837860178425,0.044444444444444446,1.5240292470386724e-06,SIPT135,Vasavi Sales Corporation,3.2,12,150.0,Non-Exclusive,2.1333333333333337,100.0,5.164319248826291,23.52525821596244,Tier 2,1833.0,1611.0,1611.0,0.0,22550.0
308,SIPT138,1.0,20.0,1.0,1.0,1.0,11.0,1,12.0,1.0,12.0,10.0,20.0,10,10,10,1,10,10,LHLHHH,NANAAA,Moderate Achievement,16,Consistently Strong Performer,Janatha Building Materials,Vikarabad,Vikarabad,Non-Exclusive,946109.0,89496.0,300.0,0.31708820019680606,10.833333333333334,0.09433962264150944,0.29,0.0003218519710562855,0.006570345815943038,0.0437037037037037,7.924183698628394e-07,SIPT138,Janatha Building Materials,45.9,9,300.0,Non-Exclusive,15.299999999999999,19.607843137254903,3.755868544600939,9.235089754211545,Tier 6,,,,,
309,SIPT140,50.0,20.0,52.0,25.0,56.0,25.0,19,41.0,20.0,55.0,25.0,42.0,50,50,50,50,55,55,LHLHLH,NNNANN,Low Achievement,44,Fluctuating Performer,Om Sai Steels,Hanamkonda,Hanamkonda,Exclusive,405630.0,365053.0,800.0,1.972240711978897,33.0,0.2556817057634253,0.04375,4.824075860768837e-05,0.01782690039400898,0.14222222222222222,4.930299650568248e-06,SIPT140,Om Sai Steels,20.0,34,800.0,Exclusive,2.5,100.0,15.492957746478872,29.79577464788732,Tier 1,2000.0,2000.0,2000.0,0.0,88000.0
310,SIPT143,25.0,26.0,25.0,15.0,30.0,29.0,32,1.0,25.0,25.0,25.0,26.0,25,25,25,25,25,25,HLHHHH,ANAAAA,High Achievement,32,Consistently Strong Performer,Laxmi Iron Cement & General Merchant,Mahabubabad,Kesamudram,Non-Exclusive,774549.0,52984.0,1000.0,1.291073902361245,22.0,0.024852779309459134,0.538,0.0005974076286694921,0.0017223704502494096,0.09333333333333334,3.2273826260096148e-06,SIPT143,Laxmi Iron Cement & General Merchant,26.2,22,1000.0,Non-Exclusive,2.6199999999999997,83.96946564885496,9.859154929577464,23.233386087517474,Tier 2,1833.0,1611.0,1611.0,0.0,51550.0
311,SIPT144,29.0,25.0,35.0,29.0,22.833333333333332,33.0,39,15.0,27.0,15.0,12.0,10.0,25,25,25,25,30,30,HLLLLL,ANANNN,Low Achievement,14,Consistently Weak Performer,Venkateswara Steels,Mahabubabad,Mahaboobabad  ,Exclusive,774549.0,1.0,250.0,0.32276847559031124,23.166666666666668,0.14494381923071126,0.004,4.074075582990957e-06,0.010100911987913786,0.09851851851851852,8.066190583508927e-07,SIPT144,Venkateswara Steels,172.3,20,250.0,Exclusive,68.92,11.607661056297156,8.92018779342723,21.457644887315773,Tier 3,1667.0,1323.0,1323.0,0.0,18520.0
312,SIPT145,10.0,1.0,27.0,1.0,11.0,1.0,10,1.0,9.0,8.0,9.0,1.0,10,10,15,15,10,10,HLHHHL,ANNNNN,Low Achievement,12,Emerging Performer,Sri Sai Ram Iron And Cement,Mahabubabad,Maripeda,Non-Exclusive,774549.0,70036.0,600.0,0.774644341416747,3.8333333333333335,0.006329113924050633,0.10833333333333334,0.0001200000444444609,0.0004300067571444799,0.012592592592592593,1.9363087232582963e-06,SIPT145,Sri Sai Ram Iron And Cement,22.3,6,600.0,Non-Exclusive,3.716666666666667,26.905829596412556,2.3474178403755865,7.532949956841197,Tier 6,,,,,
313,SIPT147,25.0,25.0,25.0,16.0,33.0,27.0,37,24.0,1.0,25.0,12.0,12.0,30,25,25,25,30,30,HLLHLL,ANNANN,Low Achievement,19,Consistently Weak Performer,SRI VENKATESHWARA IRON & HARDWARE MERCHANT,Warangal,Narsampet  ,Non-Exclusive,737148.0,76637.0,1000.0,1.356579682777407,19.0,0.193212074391115,0.02,2.1851859945133313e-05,0.013468503617374374,0.08,3.3911470770994984e-06,SIPT147,Sri Venkateshwara Iron & Hardware Merchant,44.9,19,1000.0,Non-Exclusive,4.489999999999999,42.3162583518931,8.450704225352112,14.431674205589886,Tier 4,1500.0,1110.0,1110.0,0.0,21090.0
314,SIPT149,1.0,15.0,20.0,1.0,20.0,15.0,10,25.0,15.0,10.0,16.0,1.0,15,20,20,15,15,15,LHLLHL,NANNAN,Low Achievement,16,Consistently Weak Performer,Venkataramana Iron & Hardware,Mahabubabad,Thorrur,Non-Exclusive,774549.0,68400.0,600.0,0.774644341416747,12.0,0.004025971064100871,0.17166666666666666,0.00019037044087794107,0.0002693205133421287,0.048888888888888885,1.9363087232582963e-06,SIPT149,Venkataramana Iron & Hardware,204.7,13,600.0,Non-Exclusive,34.11666666666667,6.350757205666829,5.633802816901409,11.473766464607547,Tier 5,1333.0,952.0,952.0,0.0,15230.0
315,SIPT150,52.0,75.0,51.0,25.0,51.0,25.0,137,1.0,25.0,25.0,1.0,50.0,60,60,60,50,80,80,HLLLLH,ANNNNN,Low Achievement,36,Consistently Weak Performer,Maha Lakshmi Steels,Warangal,Warangal,Exclusive,737148.0,26877.0,1000.0,1.356579682777407,38.0,0.1770341397842237,0.134,0.00014851857352539763,0.01233979745256524,0.16444444444444445,3.3911470770994984e-06,SIPT150,Maha Lakshmi Steels,75.7,40,4000.0,Exclusive,1.8925,52.840158520475555,18.30985915492958,21.93244719705286,Tier 3,1667.0,1323.0,1323.0,0.0,47630.0
316,SIPT151,90.0,30.0,103.0,25.0,10.0,16.0,73,50.0,51.0,55.0,22.0,25.0,50,50,50,50,85,85,HHHHLL,AAAANN,Moderate Achievement,39,Consistently Strong Performer,Padmalaya Enterprises,Warangal,Warangal,Exclusive,737148.0,26877.0,1000.0,1.356579682777407,43.666666666666664,0.01806285036254745,0.607,0.0006740743237312309,0.0012486489989505128,0.18962962962962962,3.3911470770994984e-06,SIPT151,Padmalaya Enterprises,81.0,46,4000.0,Exclusive,2.025,56.79012345679012,21.12676056338028,24.439081029386195,Tier 2,1833.0,1611.0,1611.0,0.0,62830.0
317,SIPT159,20.0,43.0,54.0,12.0,20.0,35.0,73,37.0,24.0,1.0,31.0,1.0,50,70,50,50,50,50,HLLLLL,ANNNNN,Low Achievement,33,Consistently Weak Performer,Swastik Vishaka Steel Pvt Ltd.,Hyderabad,Bowenpally,Non-Exclusive,3943323.0,1.0,300.0,0.07607796774446322,26.666666666666668,0.0027162451028238613,0.51,0.0005662965060357429,0.00017794322677093573,0.11407407407407408,1.8989278854994055e-07,SIPT159,Swastik Vishaka Steel Pvt Ltd.,440.7,28,150.0,Non-Exclusive,100.0,6.353528477422282,12.676056338028168,28.876339498301355,Tier 1,2000.0,2000.0,2000.0,0.0,66000.0
318,SIPT162,36.0,18.0,21.0,12.0,10.0,23.0,24,23.0,10.0,15.0,12.0,15.0,20,20,20,20,30,30,HHLLLL,AANNNN,Low Achievement,16,Consistently Weak Performer,Baheti Steel Industries,Hyderabad,Nacharam,Non-Exclusive,3943323.0,1.0,1000.0,0.2535932258148775,20.833333333333332,0.026477625727512524,0.21,0.00023296304924557378,0.0018357331392136534,0.08814814814814814,6.336809338600583e-07,SIPT162,Baheti Steel Industries,30.8,17,1000.0,Non-Exclusive,3.08,55.1948051948052,7.511737089201878,16.16200329248217,Tier 4,1500.0,1110.0,1110.0,0.0,17760.0
319,SIPT164,1.0,15.0,15.0,10.0,10.0,15.0,1,16.0,17.0,15.0,1.0,17.0,15,15,15,15,18,18,LHHHLH,NAAANN,Moderate Achievement,19,Emerging Performer,Sri Rama Traders (E),Khammam,Enkoor,Non-Exclusive,1401639.0,35342.0,120.0,0.08561405611573308,13.5,0.2212846981645719,0.10833333333333334,0.0001200000444444609,0.01542708141394743,0.05555555555555555,2.1373300948531807e-07,SIPT164,Sri Rama Traders (E),33.7,11,120.0,Non-Exclusive,28.08333333333334,32.64094955489614,4.694835680751173,14.9617579860966,Tier 4,1500.0,1110.0,1110.0,0.0,21090.0
320,SIPT167,1.0,8.0,1.0,3.0,1.0,1.0,1,1.0,5.0,1.0,8.0,7.0,10,10,10,10,10,10,LLHLHH,NNNNNN,No Achievement,0,Fluctuating Performer,Sri Srinivasa Traders (N),Medak,Narsapur,Non-Exclusive,766153.0,1.0,200.0,0.2610444650089473,3.8333333333333335,0.03718440535291295,0.405,0.0004496297961591838,0.0025827264026982585,0.012592592592592593,6.52309031850861e-07,SIPT167,Sri Srinivasa Traders (N),53.0,3,200.0,Non-Exclusive,26.5,5.660377358490567,0.9389671361502347,6.9954557533882555,Tier 6,,,,,
321,SIPT179,30.0,22.0,22.0,25.0,26.0,21.0,30,24.0,1.0,25.0,30.0,1.0,40,40,40,25,30,30,HLLHHL,NNNAAN,Low Achievement,30,Fluctuating Performer,WAHAB SAAB AGENCIES,Jogulamba Gadwal,Gadwal,Non-Exclusive,574969.0,114390.0,350.0,0.6087284705784138,16.5,0.006146479047869729,0.12,0.00013296301220852303,0.00041726464168514744,0.06888888888888889,1.5215190460371426e-06,SIPT179,Wahab Saab Agencies,62.3,18,1000.0,Non-Exclusive,6.2299999999999995,28.892455858747994,7.981220657276995,11.813223566115795,Tier 5,1333.0,952.0,952.0,0.0,28560.0
322,SIPT180,10.0,25.0,21.0,1.0,1.0,10.0,11,12.0,10.0,21.0,19.0,19.0,15,15,15,1,20,20,LHHHHH,NNNANN,Low Achievement,23,Emerging Performer,Sri Laxmi Narasimha Steel Traders,Vikarabad,Tandur,Non-Exclusive,946109.0,118776.0,190.0,0.20082252679131052,14.333333333333334,0.05278746414732021,0.8421052631578947,0.0009353024906578424,0.003671324488860935,0.05925925925925926,5.017541862612819e-07,SIPT180,Sri Laxmi Narasimha Steel Traders,75.1,15,190.0,Non-Exclusive,39.526315789473685,19.97336884154461,6.572769953051644,15.843598898034644,Tier 4,1500.0,1110.0,1110.0,0.0,25530.0
323,SIPT185,40.0,41.0,42.0,1.0,20.0,41.0,20,1.0,20.0,21.0,20.0,20.0,50,50,40,30,40,40,LLLHLL,NNNNNN,No Achievement,20,Consistently Weak Performer,RAVI STEEL TRADERS (K),Karimnagar,Karimnagar,Non-Exclusive,1162156.0,363106.0,2000.0,1.7209393575389191,27.166666666666668,0.14004952091309356,0.02,2.1851859945133313e-05,0.009759445365768032,0.1162962962962963,4.30204626427849e-06,SIPT185,Ravi Steel Traders (K),21.1,17,0.0,Non-Exclusive,100.0,80.56872037914692,7.511737089201878,40.620786329350516,Tier 1,2000.0,2000.0,2000.0,0.0,40000.0
324,SIPT187,1.0,30.0,1.0,35.0,35.0,1.0,1,30.0,30.0,15.0,1.0,25.0,30,30,30,30,25,25,LHHLLH,NAANNA,Moderate Achievement,27,Fluctuating Performer,Sri Ramalingeshwara Fertilizers,Medak,Medak,Non-Exclusive,766153.0,74275.0,500.0,0.6526111625223683,19.5,0.057576075341443274,0.4,0.00044407423854601424,0.004005417505492266,0.08222222222222222,1.6312257759301745e-06,SIPT187,Sri Ramalingeshwara Fertilizers,100.7,17,500.0,Non-Exclusive,20.14,16.881827209533267,7.511737089201878,11.91140769542778,Tier 5,1333.0,952.0,952.0,0.0,25700.0
325,SIPT191,64.0,37.0,95.0,1.0,25.0,56.0,40,40.0,12.0,39.0,33.0,14.0,40,40,40,40,55,55,LLLHLL,AANNNN,Low Achievement,32,Consistently Weak Performer,Venkata Sai Traders,Rangareddy,Turkayamjal,Non-Exclusive,2426243.0,1.0,700.0,0.28851190915337005,37.166666666666664,0.0264470657944352,0.30142857142857143,0.0003345503884578158,0.00183360102620302,0.16074074074074074,7.209776422326649e-07,SIPT191,Venkata Sai Traders,372.1,30,700.0,Non-Exclusive,53.15714285714286,8.062348830959419,13.615023474178404,20.412912422127498,Tier 3,1667.0,1323.0,1323.0,0.0,42340.0
326,SIPT192,1.0,1.0,7.5,1.0,1.0,1.0,1,1.0,1.0,3.0,14.0,16.0,1,1,1,1,10,10,LLLHHH,AAAAAA,High Achievement,19,Target-Oriented Performer,Vittal And Sons,Sangareddy,Sangareddy,Non-Exclusive,1528903.0,106500.0,1100.0,0.719470103727967,3.5,0.11224509812291039,0.06727272727272728,7.437713192419028e-05,0.007819579482092682,0.01111111111111111,1.7983731289946718e-06,SIPT192,Vittal And Sons,102.0,5,1100.0,Non-Exclusive,9.272727272727273,4.901960784313726,1.8779342723004695,3.9616981747884816,Tier 6,,,,,
327,SIPT193,1.0,1.0,21.0,1.0,10.0,20.0,1,15.0,20.0,1.0,10.0,20.0,15,20,20,25,20,20,LHHLLH,NNANNA,Low Achievement,20,Fluctuating Performer,Sri Mahalaxmi Cement Traders,Nagarkurnool,Nagarkurnool,Non-Exclusive,861766.0,1.0,200.0,0.23208156274441089,12.833333333333334,0.5998796609051984,0.05,5.518520562415023e-05,0.04184098892405705,0.052592592592592594,5.799017761676435e-07,SIPT193,Sri Mahalaxmi Cement Traders,50.0,11,200.0,Non-Exclusive,25.0,22.0,4.694835680751173,12.216901408450704,Tier 5,1333.0,952.0,952.0,0.0,19040.0
328,SIPT194,24.0,30.0,29.0,1.0,31.0,1.0,15,14.0,15.0,10.0,25.0,19.0,15,20,20,25,20,20,LLLLHH,ANNNAN,Low Achievement,21,Consistently Weak Performer,Sai Chaitanya Steel Agencies,Mahabubnagar,Jadcherla,Non-Exclusive,905660.0,104141.0,180.0,0.1987500828125345,17.166666666666668,0.07683031452683041,0.5722222222222222,0.0006354323341107409,0.005348752053154406,0.07185185185185186,4.965730763127764e-07,SIPT194,Sai Chaitanya Steel Agencies,10.0,16,300.0,Non-Exclusive,3.3333333333333335,100.0,7.042253521126761,24.892018779342724,Tier 2,1833.0,1611.0,1611.0,0.0,33830.0
329,SIPT195,102.0,25.0,1.0,26.0,50.0,50.0,51,50.0,1.0,25.0,24.0,20.0,60,60,50,50,60,60,HHLLLL,NNNNNN,No Achievement,23,Consistently Weak Performer,MALLIKARJUNA TILES & STONES,Peddapalli,Peddapali,Exclusive,635391.0,1.0,500.0,0.786917032189628,41.333333333333336,0.05863491133858503,0.22,0.00024407416447191278,0.004079290638653939,0.17925925925925926,1.966990450199769e-06,SIPT195,Mallikarjuna Tiles & Stones,42.6,28,70.0,Exclusive,60.857142857142854,65.72769953051643,12.676056338028168,32.922602280348755,Tier 1,2000.0,2000.0,2000.0,0.0,46000.0
330,SIPT197,21.0,20.0,30.0,23.0,20.0,30.0,25,25.0,25.0,25.0,25.0,1.0,25,25,25,25,25,25,HHLHHL,AAAAAN,High Achievement,32,Consistently Strong Performer,ANJANEYA IRON & HARDWARE,Peddapalli,Sultanabad,Non-Exclusive,635391.0,63454.0,150.0,0.23607510965688844,20.333333333333332,0.0015707371402337922,2.006666666666667,0.0022292600849111426,9.802314237013678e-05,0.08592592592592592,5.898856434518539e-07,SIPT197,Anjaneya Iron & Hardware,132.8,21,150.0,Non-Exclusive,88.53333333333335,15.813253012048193,9.389671361502346,26.503120085977717,Tier 2,1833.0,1611.0,1611.0,0.0,51550.0
331,SIPT198,54.0,53.0,80.0,15.0,1.0,60.0,1,36.0,31.0,30.0,38.0,1.0,30,40,40,50,45,45,LHLHHL,NNNNNN,No Achievement,33,Fluctuating Performer,LAKSHMI TRADERS (K),Khammam,Khammam,Non-Exclusive,1401639.0,356857.0,2000.0,1.426900935262218,39.166666666666664,0.003387369674058189,0.0425,4.6851869204396e-05,0.00022476641275318083,0.16962962962962963,3.566950208364641e-06,SIPT198,Lakshmi Traders (K),34.2,22,150.0,Non-Exclusive,22.8,64.32748538011695,9.859154929577464,23.34099003376987,Tier 2,1833.0,1611.0,1611.0,0.0,53160.0
332,SIPT201,30.0,25.0,45.0,1.0,37.0,23.0,16,1.0,31.0,1.0,25.0,20.0,30,30,20,20,20,20,LLHLHH,NNANAA,Moderate Achievement,30,Fluctuating Performer,NEELIMA TRADERS,Nirmal,NIRMAL,Non-Exclusive,709418.0,32034.0,800.0,1.127684947379401,21.666666666666668,0.022764629493397505,0.52375,0.0005815742894719591,0.0015766838945978714,0.09185185185185185,2.818910238431593e-06,SIPT201,Neelima Traders,49.7,15,800.0,Non-Exclusive,6.2125,30.181086519114686,6.572769953051644,11.222379275653923,Tier 5,1333.0,952.0,952.0,0.0,28560.0
333,SIPT202,30.0,29.0,30.0,30.0,1.0,1.0,25,21.0,25.0,21.0,27.0,26.0,20,20,25,20,30,30,HHHHHH,AAAANN,Moderate Achievement,29,Consistently Strong Performer,MBP HARDWARE,Mahabubnagar,MAKTHAL,Exclusive,905660.0,1.0,120.0,0.13250005520835634,22.0,0.06000686794538455,1.1833333333333333,0.0013144449312759005,0.004175009648377566,0.09333333333333334,3.309480072522905e-07,SIPT202,Mbp Hardware,510.3,24,120.0,Exclusive,100.0,4.703115814226925,10.7981220657277,27.419496402282004,Tier 2,1833.0,1611.0,1611.0,0.0,46720.0
334,SIPT206,1.0,31.0,30.0,11.0,1.0,20.0,1,15.0,11.0,10.0,15.0,1.0,25,25,25,20,25,25,LLLHHL,NNNNNN,No Achievement,12,Consistently Weak Performer,CHARMINAR TRADERS,Nizamabad,Nizamabad,Non-Exclusive,1571022.0,52895.0,1000.0,0.6365283236008152,13.166666666666666,0.0026336794987344685,0.15,0.00016629635788753997,0.00017218276917227597,0.05407407407407407,1.591018678614144e-06,SIPT206,Charminar Traders,24.4,8,0.0,Non-Exclusive,100.0,32.786885245901644,3.286384976525822,28.52920803509582,Tier 1,2000.0,2000.0,2000.0,0.0,24000.0
335,SIPT207,1.0,12.0,1.0,1.0,1.0,10.0,1,1.0,12.0,1.0,15.0,12.0,10,10,10,10,10,10,LLHLHH,NNANAA,Moderate Achievement,15,Fluctuating Performer,Swastik Steel Udyog,Medchal - Malkajgiri,Dulapally,Non-Exclusive,2460095.0,63194.0,300.0,0.12194651019574447,8.0,0.012844954203737935,1.4466666666666668,0.0016070376322361603,0.0008846055221476426,0.03111111111111111,3.0456414471278947e-07,SIPT207,Swastik Steel Udyog,16.9,7,300.0,Non-Exclusive,5.633333333333333,41.42011834319527,2.8169014084507045,11.100831180376144,Tier 5,1333.0,952.0,952.0,0.0,14280.0
336,SIPT209,25.0,30.0,51.0,14.0,16.0,25.0,49,25.0,21.0,20.0,26.0,15.0,25,25,20,20,30,30,HLLLHL,AAAANN,Moderate Achievement,24,Target-Oriented Performer,TAWAKKAL TRADERS,Narayanpet,Narayanapet,Exclusive,562148.0,1.0,90.0,0.16010018713932986,23.5,0.5330975435262806,0.011111111111111112,1.1975313077276448e-05,0.0371817175512773,0.1,3.9994833710057143e-07,SIPT209,Tawakkal Traders,168.5,26,90.0,Exclusive,100.0,15.43026706231454,11.737089201877934,30.12830693358967,Tier 1,2000.0,2000.0,2000.0,0.0,48000.0
337,SIPT210,15.0,15.0,37.0,20.0,21.0,24.0,57,39.0,29.0,26.0,10.0,27.0,25,25,25,25,30,30,HHLLLL,AAAANN,Moderate Achievement,25,Target-Oriented Performer,ATHIDHI TRADERS,Mahabubnagar,Devakadra,Exclusive,905660.0,1.0,130.0,0.14354172647571936,24.833333333333332,0.836563633443171,0.007692307692307693,8.176641205023808e-06,0.058354015179048126,0.10592592592592592,3.5855218542903815e-07,SIPT210,Athidhi Traders,27.4,31,130.0,Exclusive,21.076923076923077,100.0,14.084507042253522,32.66608884073673,Tier 1,2000.0,2000.0,2000.0,0.0,50000.0
338,SIPT211,60.0,51.0,66.0,36.0,54.0,56.0,30,29.0,30.0,25.0,23.0,53.0,50,60,60,50,60,60,LLLLLH,NNNNNN,No Achievement,33,Consistently Weak Performer,BHAVANI TRADERS,Warangal,Hanumakonda  ,Non-Exclusive,737148.0,1.0,800.0,1.0852637462219255,46.5,0.915717366307589,0.00375,3.7962977023324815e-06,0.06387643249761407,0.20222222222222222,2.712857235505862e-06,SIPT211,Bhavani Traders (H),9.2,32,800.0,Non-Exclusive,1.15,100.0,14.553990610328638,28.96239436619718,Tier 1,2000.0,2000.0,2000.0,0.0,66000.0
339,SIPT213,23.0,20.0,46.0,1.0,36.0,16.0,1,27.0,1.0,14.0,26.0,25.0,25,25,25,25,25,25,LHLHHH,NANNAA,Moderate Achievement,26,Emerging Performer,Bhaargavi Steels,Sangareddy,Madinaguda,Non-Exclusive,1528903.0,1.0,300.0,0.19621911919853646,18.666666666666668,0.05973180713899546,0.5866666666666667,0.0006514817227710084,0.004155819137634836,0.07851851851851853,4.902456672758696e-07,SIPT213,Bhaargavi Steels,13.2,15,300.0,Non-Exclusive,4.3999999999999995,100.0,6.572769953051644,24.823661971830987,Tier 2,1833.0,1611.0,1611.0,0.0,41890.0
340,SIPT214,56.0,56.0,30.0,21.0,65.0,51.0,20,49.0,21.0,30.0,50.0,46.0,40,50,40,30,45,45,LHLLHH,NNNAAA,Moderate Achievement,48,Fluctuating Performer,SRI VENKATESHWARA TRADERS (U),Mancherial,UTHKUR CHOWRASTHA,Non-Exclusive,807037.0,1.0,250.0,0.3097751404210711,46.5,0.3521539199207418,0.24,0.00026629639492459066,0.024557597822206435,0.20222222222222222,7.741357204179783e-07,SIPT214,Sri Venkateshwara Traders (U),44.9,36,250.0,Non-Exclusive,17.959999999999997,80.1781737193764,16.431924882629108,29.486789673452744,Tier 1,2000.0,2000.0,2000.0,0.0,96000.0
341,SIPT217,80.0,57.0,56.0,50.0,28.0,24.0,55,50.0,53.0,26.0,53.0,52.0,50,65,65,65,80,80,HHHLHH,ANNNNN,Low Achievement,48,Emerging Performer,Baheti Steel Traders Llp,Hyderabad,Chaderghat,Non-Exclusive,3943323.0,1.0,2800.0,0.7100610322816568,52.666666666666664,0.1583594754777322,0.04285714285714286,4.724869474819382e-05,0.01103689882918353,0.22962962962962963,1.7748504503717894e-06,SIPT217,Baheti Steel Traders Llp,30.8,48,2800.0,Non-Exclusive,1.1,100.0,22.065727699530516,33.45943661971831,Tier 1,2000.0,2000.0,2000.0,0.0,96000.0
342,SIPT220,12.0,22.0,29.0,25.0,21.0,22.0,13,1.0,20.0,1.0,21.0,22.0,20,20,20,20,22,22,LLHLHH,NNANNA,Low Achievement,24,Fluctuating Performer,SAHITHI TRADERS,Nalgonda,Chityala,Non-Exclusive,1618416.0,55600.0,150.0,0.09268321618174807,16.5,0.9045338379043204,0.02,2.1851859945133313e-05,0.06309617730683649,0.06888888888888889,2.3140590965569508e-07,SIPT220,Sahithi Traders,10.0,13,150.0,Non-Exclusive,6.666666666666667,100.0,5.633802816901409,24.713615023474176,Tier 2,1833.0,1611.0,1611.0,0.0,38660.0
343,SIPT221,13.0,12.0,12.0,10.333333333333334,13.0,10.0,10,20.0,15.0,1.0,13.0,1.0,15,15,15,15,10,10,LHHLHL,NAANAN,Moderate Achievement,19,Fluctuating Performer,SREE YASHODA ENTERPRISES,Peddapalli,KAMANPUR,Non-Exclusive,635391.0,25005.0,50.0,0.07869170321896281,11.833333333333334,0.006188874793783313,1.56,0.0017329636048013352,0.0004202225186290906,0.04814814814814815,1.9642712723816375e-07,SIPT221,Sree Yashoda Enterprises,6.0,10,50.0,Non-Exclusive,12.0,100.0,4.225352112676056,24.93521126760563,Tier 2,1833.0,1611.0,1611.0,0.0,30610.0
344,SIPT222,11.0,15.0,1.0,15.0,20.0,1.0,1,1.0,10.666666666666666,1.0,1.0,1.0,15,15,1,1,1,1,LLHLLL,NNAAAA,Moderate Achievement,12,Target-Oriented Performer,Sri Vyshnavi Steel Traders,Medchal - Malkajgiri,Old Alwal,Non-Exclusive,2460095.0,1.0,600.0,0.24389302039148894,6.611111111111111,0.006158856557382344,0.10666666666666667,0.00011814819190673774,0.0004181281988468831,0.024938271604938268,6.094304202942603e-07,SIPT222,Sri Vyshnavi Steel Traders,11.6,5,600.0,Non-Exclusive,1.9333333333333333,43.10344827586207,1.8779342723004695,10.134116885219363,Tier 5,1333.0,952.0,952.0,0.0,11420.0
345,SIPT231,1.0,1.0,33.0,15.0,21.0,1.0,1,1.0,20.0,1.0,1.0,20.0,10,1,10,10,10,10,LLHLLH,NAANNA,Moderate Achievement,24,Fluctuating Performer,Dathatreya Traders,Mancherial,Bellampalli,Non-Exclusive,807037.0,82780.0,200.0,0.24782011233685694,7.333333333333333,0.1118777220422239,0.44,0.0004885186994513702,0.007793948296335654,0.028148148148148144,6.192481501606465e-07,SIPT231,Dathatreya Traders Bellampally,9.8,7,200.0,Non-Exclusive,4.9,71.42857142857142,2.8169014084507045,16.95585513078471,Tier 4,1500.0,1110.0,1110.0,0.0,26640.0
346,SIPT234,15.0,15.0,5.0,1.0,16.0,21.0,1,31.0,21.0,18.0,7.0,20.0,20,20,20,20,20,20,LHHHLH,NAANNA,Moderate Achievement,23,Emerging Performer,SARASWATHI MARKETINGS,Siddipet,Gajwel,Non-Exclusive,1012065.0,77881.0,250.0,0.247019707232243,20.5,0.060244425951675014,0.6,0.0006662965430727937,0.004191583654436758,0.08666666666666667,6.172471373985071e-07,SIPT234,Saraswathi Marketings,48.5,16,250.0,Non-Exclusive,19.400000000000002,32.98969072164948,7.042253521126761,14.703290257005953,Tier 4,1500.0,1110.0,1110.0,0.0,25530.0
347,SIPT235,10.0,10.0,10.0,10.0,9.0,11.0,15,1.0,10.0,6.0,10.0,10.0,15,10,10,10,10,10,HLHLHH,ANANAA,Moderate Achievement,12,Consistently Strong Performer,Shankar Iron And Electrical Stores,Rajanna Sircilla,Yellareddypet,Non-Exclusive,552037.0,46270.0,150.0,0.2717209172573577,8.666666666666666,0.03498867523530439,0.7066666666666667,0.000784815105487076,0.0024295341578151465,0.03407407407407407,6.790001624799512e-07,SIPT235,Shankar Iron And Electrical Stores,60.7,8,150.0,Non-Exclusive,40.46666666666667,13.179571663920923,3.286384976525822,12.701078652033011,Tier 5,1333.0,952.0,952.0,0.0,11420.0
348,SIPT236,12.0,1.0,20.0,10.0,12.0,1.0,15,11.0,15.0,12.0,1.0,10.0,15,15,15,15,15,15,HHHHLH,ANANNN,Low Achievement,14,Emerging Performer,Sri Srinivasa Iron Hardware & General Stores,Khammam,MADHIRA,Non-Exclusive,1401639.0,68548.0,150.0,0.10701757014466635,8.333333333333334,0.03002197134078136,0.3466666666666667,0.0003848149573388731,0.0020830159253739234,0.0325925925925926,2.672417945738179e-07,SIPT236,Sri Srinivasa Iron Hardware And General Stores,16.4,11,150.0,Non-Exclusive,10.933333333333332,67.07317073170732,4.694835680751173,18.418202221458834,Tier 3,1667.0,1323.0,1323.0,0.0,18520.0
349,SIPT239,36.0,41.0,61.0,26.0,53.0,63.0,51,51.0,43.0,36.0,51.0,15.0,40,50,50,35,50,50,HHLLHL,AANAAN,Moderate Achievement,39,Target-Oriented Performer,Sri Krishna Iron & Cement,Warangal,Kazipet,Non-Exclusive,737148.0,1.0,250.0,0.33914492069435176,41.5,0.031112533219902216,0.34,0.00037740754718798043,0.0021591025177591593,0.18,8.475601711233637e-07,SIPT239,Sri Krishna Iron & Cement,18.7,41,250.0,Non-Exclusive,7.4799999999999995,100.0,18.779342723004692,32.76360563380281,Tier 1,2000.0,2000.0,2000.0,0.0,78000.0
350,SIPT245,31.0,59.0,78.0,25.0,1.0,25.0,52,24.0,20.0,40.0,70.0,71.0,50,50,60,40,70,70,HLLHHH,ANNAAA,Moderate Achievement,66,Consistently Strong Performer,SIDDIPET STEEL TRADERS SIDDIPET,Siddipet,Siddipet,Non-Exclusive,1012065.0,168105.0,600.0,0.5928472973573832,38.333333333333336,0.0767863790359107,0.45166666666666666,0.0005014816672154322,0.005345686750897969,0.16592592592592595,1.4818161129725704e-06,SIPT245,Siddipet Steel Traders Siddipet,90.7,46,600.0,Non-Exclusive,15.116666666666667,50.716648291069454,21.12676056338028,25.842719329575395,Tier 2,1833.0,1611.0,1611.0,0.0,106330.0
351,SIPT246,27.0,25.0,26.0,25.166666666666668,25.0,26.0,40,10.0,25.0,1.0,32.0,30.0,25,25,25,25,30,30,HLLLHH,ANANAA,Moderate Achievement,34,Target-Oriented Performer,SAINATH ENTERPRISES,Warangal,Warangal,Non-Exclusive,737148.0,26877.0,1000.0,1.356579682777407,23.833333333333332,0.08127523677373755,0.161,0.00017851858463651283,0.00565886649384724,0.10148148148148148,3.3911470770994984e-06,SIPT246,Sainath Enterprises,102.3,23,4000.0,Non-Exclusive,2.5575,22.482893450635384,10.328638497652582,11.205261788718627,Tier 5,1333.0,952.0,952.0,0.0,32370.0
352,SIPT248,1.0,27.0,20.0,26.0,20.0,1.0,1,8.5,1.0,5.75,1.0,1.0,20,20,20,20,20,20,LLLLLL,NNNNNN,No Achievement,0,Consistently Weak Performer,Jai Ram Steels,Hyderabad,Badangpet,Non-Exclusive,3943323.0,1.0,700.0,0.1775152580704142,6.583333333333333,0.00398776046688244,0.1457142857142857,0.00016153445136196613,0.00026665462689311865,0.024814814814814814,4.434860144414364e-07,SIPT248,Jai Ram Steels,24.4,3,700.0,Non-Exclusive,3.4857142857142858,12.295081967213116,0.9389671361502347,3.7195395322756215,Tier 6,,,,,
353,SIPT252,25.0,26.0,27.333333333333332,23.333333333333332,23.0,19.5,39,1.0,21.0,12.0,10.0,9.0,30,30,30,30,30,30,HLLLLL,ANNNNN,Low Achievement,17,Consistently Weak Performer,Chaitanya Steels,Rangareddy,Chintalkunta,Non-Exclusive,2426243.0,179970.0,350.0,0.14425595457668502,16.916666666666668,0.04415144008924995,0.26,0.00028851862537726867,0.0030688042147567407,0.07074074074074074,3.6033775568199177e-07,SIPT252,Chaitanya Steels,17.3,15,350.0,Non-Exclusive,4.942857142857143,86.70520231213872,6.572769953051644,22.27327386283016,Tier 3,1667.0,1323.0,1323.0,0.0,22490.0
354,SIPT255,1.0,15.0,32.0,1.0,15.0,1.0,35,1.0,10.0,2.0,1.0,1.0,15,15,20,20,10,10,HLLLLL,ANNNNN,Low Achievement,25,Consistently Weak Performer,Sri Sai Teja Cement Traders,Yadadri Bhuvanagiri,Bibinagar,Non-Exclusive,770833.0,48498.0,200.0,0.2594595716581931,4.833333333333333,0.0045220057237154955,0.425,0.0004718520266118617,0.0003039279828288415,0.017037037037037035,6.483467984727785e-07,SIPT255,Sri Sai Teja Cement Traders,77.7,8,200.0,Non-Exclusive,38.85,10.296010296010296,3.286384976525822,11.801033045117553,Tier 5,1333.0,952.0,952.0,0.0,23800.0
355,SIPT257,25.0,25.0,1.0,16.0,16.0,16.0,50,26.0,1.0,24.0,23.0,1.0,30,20,25,25,25,25,HHLHHL,AANNNN,Low Achievement,27,Emerging Performer,NEW SRI SAI KRISHNA STEEL SYNDICATE,Suryapet,Kodad,Non-Exclusive,1099560.0,111940.0,375.0,0.341045509112736,15.666666666666666,0.00630906672507611,0.10133333333333333,0.00011222226378602362,0.0004286080991810547,0.06518518518518518,8.523116421707598e-07,SIPT257,New Sri Sai Krishna Steel Syndicate,20.0,20,375.0,Non-Exclusive,5.333333333333334,100.0,8.92018779342723,26.418779342723006,Tier 2,1833.0,1611.0,1611.0,0.0,43500.0
356,SIPT258,23.0,1.0,10.0,12.0,13.0,17.0,26,12.0,17.0,12.0,1.0,15.0,15,15,17,15,20,20,HLHLLH,ANANNN,Low Achievement,17,Fluctuating Performer,SUGUNA IRON & CEMENT,Jogulamba Gadwal,Allampur,Non-Exclusive,574969.0,1.0,50.0,0.08696121008263054,14.166666666666666,0.3164159736732025,0.24,0.00026629639492459066,0.022064223901036524,0.05851851851851851,2.1710089440357927e-07,SIPT258,Suguna Iron & Cement,48.4,14,50.0,Non-Exclusive,96.8,28.925619834710748,6.103286384976526,28.807095797928067,Tier 1,2000.0,2000.0,2000.0,0.0,34000.0
357,SIPT260,1.0,20.0,1.0,1.0,1.0,1.0,19,1.0,1.0,1.0,1.0,1.0,1,15,1,1,1,1,HLLLLL,ANAAAA,High Achievement,24,Target-Oriented Performer,Indhu Iron & Hardware,Jogulamba Gadwal,Ieeja,Non-Exclusive,574969.0,85303.0,200.0,0.34784484033052215,4.166666666666667,0.023216260016904685,0.15,0.00016629635788753997,0.001608193365274146,0.014074074074074076,8.69309970220361e-07,SIPT260,Indhu Iron & Hardware,24.4,3,200.0,Non-Exclusive,12.2,12.295081967213116,0.9389671361502347,5.462396675132765,Tier 6,,,,,
358,SIPT263,30.0,30.0,30.0,21.833333333333332,30.0,30.0,25,30.0,30.0,32.0,31.0,30.0,20,30,30,30,30,30,LHHHHH,AAAAAA,High Achievement,37,Consistently Strong Performer,MOHAMMAD AZGAR & SONS,Nalgonda,NAKREKAL,Non-Exclusive,1618416.0,60758.0,180.0,0.11121985941809769,30.0,0.2710853340804652,0.23333333333333334,0.00025888898477369806,0.01890158456503199,0.1288888888888889,2.7774751776057037e-07,SIPT263,Mohammad Azgar & Sons,0.0,30,180.0,Non-Exclusive,0.0,100.0,13.615023474178404,28.16901408450704,Tier 1,2000.0,2000.0,2000.0,0.0,74000.0
359,SIPT264,27.0,27.0,13.0,14.0,7.0,22.0,29,22.0,11.0,17.0,18.0,10.0,30,30,25,25,35,35,HHLLHL,NNNNNN,No Achievement,15,Fluctuating Performer,Sri Ganesh Steel And Cements Kompally,Medchal - Malkajgiri,Kompally,Non-Exclusive,2460095.0,1.0,300.0,0.12194651019574447,19.833333333333332,0.06167807786240887,0.24333333333333335,0.000270000100000037,0.004291607037467766,0.0837037037037037,3.0456414471278947e-07,SIPT264,Sri Ganesh Steel And Cements Kompally,31.0,18,300.0,Non-Exclusive,10.333333333333334,58.06451612903226,7.981220657276995,18.468302286839318,Tier 3,1667.0,1323.0,1323.0,0.0,19840.0
360,SIPT266,15.0,1.0,78.0,30.0,1.0,37.0,1,20.0,26.0,22.0,1.0,30.0,30,20,25,25,30,30,LLLHLH,NAANNA,Moderate Achievement,31,Fluctuating Performer,S. R. BUILDING MATERIALS,Nizamabad,NIZAMABAD,Non-Exclusive,1571022.0,52895.0,1000.0,0.6365283236008152,21.5,0.1329810572184449,0.081,8.962966282580105e-05,0.00926629103292254,0.09111111111111111,1.591018678614144e-06,SIPT266,S. R. Building Materials,44.7,16,0.0,Non-Exclusive,100.0,35.79418344519015,7.042253521126761,31.384188801714085,Tier 1,2000.0,2000.0,2000.0,0.0,62000.0
361,SIPT267,21.0,21.0,42.0,11.0,21.0,20.0,21,30.0,25.0,25.0,26.0,1.0,20,20,25,25,30,30,LHHHHL,AAAANN,Moderate Achievement,30,Consistently Strong Performer,SRI RAJARAJESHWARA STEEL TRADERS,Siddipet,Husnabad,Non-Exclusive,1012065.0,42696.0,150.0,0.1482118243393458,19.666666666666668,0.003966805138925663,0.8066666666666666,0.0008959262577504657,0.00026519261036102467,0.08296296296296296,3.7022743009163165e-07,SIPT267,Sri Rajarajeshwara Steel Traders,18.6,21,150.0,Non-Exclusive,12.400000000000002,100.0,9.389671361502346,28.11380281690141,Tier 1,2000.0,2000.0,2000.0,0.0,60000.0
362,SIPT269,13.0,12.0,1.0,15.0,1.0,21.0,15,1.0,1.0,14.0,16.0,1.0,20,20,25,10,17,17,HLLHHL,NNNANN,Low Achievement,18,Fluctuating Performer,VAMAN IRON HARDWARE AND CEMENT,Warangal,Narsampet  ,Non-Exclusive,737148.0,76637.0,1000.0,1.356579682777407,8.166666666666666,0.02319953668894012,0.006,6.296298628258751e-06,0.0016070266079699293,0.031851851851851846,3.3911470770994984e-06,SIPT269,Vaman Iron Hardware And Cement,56.5,7,1000.0,Non-Exclusive,5.65,12.389380530973451,2.8169014084507045,5.298016951265113,Tier 6,,,,,
363,SIPT273,20.0,20.0,20.0,20.0,21.0,20.0,25,20.0,26.0,24.0,25.0,25.0,25,25,25,20,25,25,HLHHHH,ANAAAA,High Achievement,32,Consistently Strong Performer,OM STEELS MNCL,Mancherial,Mancherial,Non-Exclusive,807037.0,86911.0,800.0,0.9912804493474278,21.833333333333332,0.3888719118724725,0.02,2.1851859945133313e-05,0.02711934781578576,0.09259259259259259,2.4778989932486297e-06,SIPT273,Om Steels Mncl,20.0,24,800.0,Non-Exclusive,2.5,100.0,10.7981220657277,26.97887323943662,Tier 2,1833.0,1611.0,1611.0,0.0,51550.0
364,SIPT274,26.0,16.666666666666668,20.333333333333332,15.0,26.0,33.0,1,10.0,20.0,22.0,30.0,32.0,30,25,25,20,30,30,LLHHHH,NNNAAA,Moderate Achievement,33,Emerging Performer,CHILUPURI STEELS,Warangal,Warangal,Non-Exclusive,737148.0,26877.0,1000.0,1.356579682777407,22.944444444444446,0.19211543752768556,0.064,7.07407669410248e-05,0.013391993183973157,0.09753086419753088,3.3911470770994984e-06,SIPT274,Chilupuri Steels,24.4,19,4000.0,Non-Exclusive,0.61,77.86885245901641,8.450704225352112,20.76619302701455,Tier 3,1667.0,1323.0,1323.0,0.0,43660.0
365,SIPT275,18.0,26.0,1.0,15.0,26.0,25.0,1,1.0,28.0,21.0,28.0,1.0,25,25,25,20,25,25,LLHHHL,NNAAAN,Moderate Achievement,30,Momentum Gainer,LAXMI AGENCIES,Warangal,Hanumakonda  ,Non-Exclusive,737148.0,1.0,800.0,1.0852637462219255,16.5,0.0040528034790809605,0.13125,0.0001454630168381544,0.00027119256394318893,0.06888888888888889,2.712857235505862e-06,SIPT275,Laxmi Agencies,26.2,13,800.0,Non-Exclusive,3.2750000000000004,49.61832061068702,5.633802816901409,13.95894581227825,Tier 4,1500.0,1110.0,1110.0,0.0,33300.0
366,SIPT276,8.0,1.0,31.0,1.0,21.0,21.0,31,12.0,14.0,10.0,18.0,20.0,25,25,20,20,20,20,HLLLLH,ANNNNA,Low Achievement,19,Consistently Weak Performer,SRI MAHA LAKSHMI AGENCIES,Warangal,Warangal,Exclusive,737148.0,26877.0,1000.0,1.356579682777407,12.666666666666666,0.05783857255041027,0.169,0.00018740747681758404,0.004023731476045715,0.05185185185185185,3.3911470770994984e-06,SIPT276,Sri Maha Lakshmi Agencies,50.0,17,4000.0,Exclusive,1.25,34.0,7.511737089201878,11.557042253521129,Tier 5,1333.0,952.0,952.0,0.0,18090.0
367,SIPT277,1.0,10.0,1.0,11.0,1.0,5.0,1,1.0,4.0,1.0,1.0,3.1666666666666665,10,10,10,10,10,10,LLHLLH,NNNNNN,No Achievement,0,Consistently Weak Performer,Sri Srinivasa Traders,Mahabubnagar,Chinnachinthakunta,Non-Exclusive,905660.0,1.0,15.0,0.016562506901044542,4.027777777777778,0.027761924048415113,5.0,0.005555187242661942,0.001925336383847816,0.01345679012345679,4.11041363964402e-08,SIPT277,Sri Srinivasa Traders,53.0,3,15.0,Non-Exclusive,100.0,5.660377358490567,0.9389671361502347,21.695455753388252,Tier 3,1667.0,1323.0,1323.0,0.0,0.0
368,SIPT283,1.0,20.0,18.833333333333332,20.0,34.0,22.0,10,10.0,11.0,11.0,28.0,20.0,20,20,15,10,20,20,LLLLHH,NNNAAA,Moderate Achievement,23,Declining Performer,M SRINIVASULU GUPTA,Mahabubnagar,Shadnagar,Non-Exclusive,905660.0,1.0,500.0,0.5520835633681513,14.0,0.11772104973743994,0.14,0.00015518524266120101,0.008201627036103885,0.057777777777777775,1.3799067779687008e-06,SIPT283,M Srinivasulu Gupta,12.4,15,500.0,Non-Exclusive,2.48,100.0,6.572769953051644,24.439661971830986,Tier 2,1833.0,1611.0,1611.0,0.0,37050.0
369,SIPT284,15.0,15.0,1.0,15.0,1.0,10.0,10,1.0,12.0,1.0,1.0,6.0,10,10,10,10,10,10,HLHLLH,ANANNN,Low Achievement,13,Fluctuating Performer,MAHALAXMI IRON AND HARDWARE,Karimnagar,HUZURABAD,Non-Exclusive,1162156.0,74721.0,150.0,0.12907045181541893,9.833333333333334,0.04173610515637644,0.3466666666666667,0.0003848149573388731,0.0029002905265105355,0.03925925925925926,3.223739987673565e-07,SIPT284,Mahalaxmi Iron And Hardware,74.5,5,150.0,Non-Exclusive,49.666666666666664,6.7114093959731544,1.8779342723004695,12.402375775908247,Tier 5,1333.0,952.0,952.0,0.0,12380.0
370,SIPT285,15.0,22.0,1.0,1.0,1.0,12.0,10,16.0,1.0,11.0,1.0,1.0,12,15,15,10,10,10,HHLHLL,NANANN,Low Achievement,14,Fluctuating Performer,RAJA RAJESHWARI TRADERS,Wanaparthy,Wanaparthy,Non-Exclusive,577758.0,108521.0,250.0,0.43270711958986285,11.166666666666666,0.009452863559314469,0.136,0.00015074079657066542,0.0006479452985167937,0.04518518518518518,1.0814656684328113e-06,SIPT285,Raja Rajeshwari Traders,401.7,6,250.0,Non-Exclusive,100.0,1.4936519790888723,2.3474178403755865,21.707181100043126,Tier 3,1667.0,1323.0,1323.0,0.0,18520.0
371,SIPT286,14.0,20.0,1.0,11.0,1.0,21.0,15,20.0,15.0,10.0,1.0,1.0,15,20,20,20,20,20,HHHLLL,AANNNN,Low Achievement,18,Declining Performer,KUMAR ENTERPRISES,Mulug,MALLAMPALLY,Non-Exclusive,294671.0,1.0,250.0,0.8484038130660975,15.166666666666666,0.01534714002587968,0.052,5.740742866941802e-05,0.0010591786448345371,0.06296296296296296,2.120707402437385e-06,SIPT286,Kumar Enterprises,51.7,10,250.0,Non-Exclusive,20.68,19.342359767891683,4.225352112676056,10.53968322118397,Tier 5,1333.0,952.0,952.0,0.0,17140.0
372,SIPT287,10.5,8.833333333333334,9.333333333333334,10.0,7.833333333333333,10.0,10,10.0,1.0,10.0,1.0,10.0,20,10,10,10,10,10,HHLHLH,NANANA,Moderate Achievement,12,Emerging Performer,NANI IRON HARDWARE AND CEMENT AGENCIES,Jagitial,Korutla,Non-Exclusive,988913.0,108297.0,250.0,0.2528028249198868,8.38888888888889,0.04953788588893259,0.364,0.0004040742237311939,0.003444607104819251,0.032839506172839504,6.317049316219847e-07,SIPT287,Nani Iron Hardware And Cement Agencies,49.7,7,250.0,Non-Exclusive,19.88,14.084507042253518,2.8169014084507045,8.483042253521127,Tier 6,,,,,
373,SIPT288,12.0,20.0,12.0,7.0,18.0,21.0,18,24.0,1.0,21.0,8.0,10.0,20,20,20,20,10,10,HHLHLL,NANANA,Moderate Achievement,21,Fluctuating Performer,Affan Traders,Sangareddy,Zaheerabad,Non-Exclusive,1528903.0,133006.0,500.0,0.3270318653308941,14.666666666666666,0.05875900187386441,0.146,0.00016185191179700437,0.004087948217978351,0.060740740740740734,8.172775327055702e-07,SIPT288,Affan Traders,35.0,13,1200.0,Non-Exclusive,2.9166666666666665,37.142857142857146,5.633802816901409,11.392186452045609,Tier 5,1333.0,952.0,952.0,0.0,19990.0
374,SIPT289,10.0,1.0,14.0,1.0,13.0,10.0,22,21.0,1.0,9.0,10.0,1.0,10,10,10,15,10,10,HHLLLL,AANNAN,Moderate Achievement,21,Fluctuating Performer,AM TRADERS,Khammam,Kusumanchi,Non-Exclusive,1401639.0,60020.0,60.0,0.04280702805786654,7.333333333333333,0.04739408382101787,0.13333333333333333,0.00014777783251030834,0.0032950377890207322,0.028148148148148144,1.067154393083184e-07,SIPT289,Am Traders,35.0,10,60.0,Non-Exclusive,58.333333333333336,28.57142857142857,4.225352112676056,19.916163648558015,Tier 3,1667.0,1323.0,1323.0,0.0,27780.0
375,SIPT290,22.0,20.0,32.0,20.0,27.0,33.0,48,50.0,44.0,47.0,29.0,36.0,20,20,30,30,30,30,HHHHLL,AAAANA,High Achievement,44,Consistently Strong Performer,Sri Vaishnavi Steels,Rangareddy,Peddamberpet,Non-Exclusive,2426243.0,105605.0,385.0,0.15868155003435352,34.166666666666664,0.6540756951194795,0.0025974025974025974,2.5156334473486074e-06,0.045622151316678454,0.1474074074074074,3.964017443370591e-07,SIPT290,Sri Vaishnavi Steels,6.7,42,560.0,Non-Exclusive,1.1964285714285714,100.0,19.248826291079812,31.788581488933602,Tier 1,2000.0,2000.0,2000.0,0.0,88000.0
376,SIPT291,27.0,28.0,25.0,15.0,25.0,28.0,17,33.0,20.0,22.0,20.0,1.0,20,25,20,20,25,25,LHLLLL,NAAANN,Moderate Achievement,24,Fluctuating Performer,THIRUMALA TRADERS,Warangal,Bhupalapally,Non-Exclusive,737148.0,56189.0,180.0,0.24418434289993327,22.833333333333332,0.0076433701190541554,0.3333333333333333,0.0003700001370370877,0.0005217001101888902,0.09703703703703703,6.101587265655911e-07,SIPT291,Thirumala Traders,99.7,19,180.0,Non-Exclusive,55.388888888888886,19.05717151454363,8.450704225352112,19.95963461589777,Tier 3,1667.0,1323.0,1323.0,0.0,31750.0
377,SIPT292,32.0,1.0,1.0,25.0,1.0,25.0,39,32.0,28.0,1.0,1.0,1.0,20,20,20,20,22,22,HHHLLL,AAANNN,Moderate Achievement,37,Momentum Gainer,Mittal Steels,Hyderabad,L B Nagar,Non-Exclusive,3943323.0,1.0,2000.0,0.507186451629755,19.833333333333332,0.00389107726691127,0.0505,5.574076138546718e-05,0.000259909209354192,0.0837037037037037,1.2676639985887978e-06,SIPT292,Mittal Steels,0.0,14,2000.0,Non-Exclusive,0.0,100.0,6.103286384976526,23.661971830985916,Tier 2,1833.0,1611.0,1611.0,0.0,59610.0
378,SIPT293,15.0,10.0,1.0,1.0,10.0,1.0,1,12.0,1.0,12.0,1.0,11.0,10,10,10,12,10,10,LHLHLH,NANANA,Moderate Achievement,13,Fluctuating Performer,NEW BHARAT TRADERS,Narayanpet,Jagklair,Non-Exclusive,562148.0,1.0,30.0,0.05336672904644329,8.333333333333334,0.44944535795581053,0.1,0.00011074078175584509,0.03134545106563286,0.0325925925925926,1.331146917877363e-07,SIPT293,New Bharat Traders,57.2,6,30.0,Non-Exclusive,100.0,10.48951048951049,2.3474178403755865,23.50635280212745,Tier 2,1833.0,1611.0,1611.0,0.0,20940.0
379,SIPT294,14.0,15.0,17.0,16.0,10.0,16.0,30,15.0,15.0,15.0,16.0,15.0,10,15,15,15,15,15,HLLLLL,AAAAAA,High Achievement,19,Target-Oriented Performer,SRI LAXMI NARASIMHA CEMENT IRON & HARDWARE,Suryapet,ARVAPALLY,Non-Exclusive,1099560.0,1.0,130.0,0.11822910982574848,15.0,0.3383856550113171,0.15384615384615385,0.00017056986374382419,0.023597010092090802,0.06222222222222222,2.952706437849916e-07,SIPT294,Sri Laxmi Narasimha Cement Iron & Hardware,75.1,18,130.0,Non-Exclusive,57.76923076923076,23.96804260985353,7.981220657276995,21.136187070183055,Tier 3,1667.0,1323.0,1323.0,0.0,25140.0
380,SIPT295,26.0,1.0,45.0,1.0,16.0,31.0,17,12.0,1.0,19.0,15.0,28.0,20,20,20,20,20,20,LLLHLH,NNNNNA,Low Achievement,23,Consistently Weak Performer,Sree Venkata Sai Steel Traders,Medchal - Malkajgiri,Pragathinagar,Non-Exclusive,2460095.0,1.0,1500.0,0.6097325509787224,16.5,0.11953394731389987,0.06266666666666666,6.925928491084625e-05,0.008328109725052709,0.06888888888888889,1.5240292470386724e-06,SIPT295,Sree Venkata Sai Steel Traders,18.4,15,1500.0,Non-Exclusive,1.2266666666666666,81.5217391304348,6.572769953051644,20.49334313125128,Tier 3,1667.0,1323.0,1323.0,0.0,30430.0
381,SIPT297,10.0,10.0,11.833333333333334,10.333333333333334,10.0,10.0,1,5.5,1.0,5.5,1.0,1.0,15,10,10,10,10,10,LLLLLL,NNNNNN,No Achievement,0,Consistently Weak Performer,"EASHWARI TRADERS CEMENT, SANITERY & GENERAL MERCHANT",Jagitial,RAIKAL,Non-Exclusive,988913.0,63907.0,80.0,0.08089690397436376,6.25,0.04362527782836165,0.0125,1.3518523525379083e-05,0.0030320947952921845,0.02333333333333333,2.0194012912833178e-07,SIPT297,Eashwari Traders Cement Sanitery & General Merchant,36.1,3,80.0,Non-Exclusive,45.12500000000001,8.310249307479225,0.9389671361502347,11.250430143185987,Tier 5,1333.0,952.0,952.0,0.0,0.0
382,SIPT299,61.0,50.0,81.0,30.0,61.0,86.0,31,61.0,60.0,50.0,75.0,71.0,1,50,60,50,70,70,LHHLHH,AAAAAA,High Achievement,75,Consistently Strong Performer,KANAKADURGA IRON CEMENT MERCHANTS,Warangal,Warangal,Non-Exclusive,737148.0,26877.0,1000.0,1.356579682777407,64.83333333333333,0.3663396994948384,0.079,8.740743978053325e-05,0.02554731481927514,0.28370370370370374,3.3911470770994984e-06,SIPT299,Kanakadurga Iron Cement Merchants,31.6,58,4000.0,Non-Exclusive,0.79,100.0,26.76056338028169,36.21433802816901,Tier 1,2000.0,2000.0,2000.0,0.0,150000.0
383,SIPT301,1.0,14.0,10.0,1.0,11.0,1.0,15,1.0,1.0,10.0,12.0,15.0,10,15,10,10,10,10,HLLHHH,ANNAAA,Moderate Achievement,14,Consistently Strong Performer,SRI VENKATESWARA STEEL SYNDICATE,Bhadradri Kothagudem,KOTHAGUDEM,Non-Exclusive,1069261.0,79819.0,180.0,0.1683405641840486,5.5,0.06408797728193208,0.6166666666666667,0.0006848150684500253,0.004459741499466835,0.02,4.205492797185925e-07,SIPT301,Sri Venkateswara Steel Syndicate,55.1,9,180.0,Non-Exclusive,30.61111111111111,16.33393829401089,3.755868544600939,11.642531007784964,Tier 5,1333.0,952.0,952.0,0.0,13330.0
384,SIPT302,21.0,20.0,17.333333333333332,20.0,12.0,20.0,21,25.0,15.0,11.0,15.0,15.0,15,15,15,10,15,15,HHLLLL,AAAAAA,High Achievement,17,Target-Oriented Performer,YAMANI TRADERS,Narayanpet,Marikal,Non-Exclusive,562148.0,37650.0,80.0,0.14231127745718208,19.333333333333332,0.7751273107616578,0.0125,1.3518523525379083e-05,0.05406771054011796,0.08148148148148147,3.5547606288176555e-07,SIPT302,Yamani Traders,45.0,17,80.0,Non-Exclusive,56.25,37.77777777777778,7.511737089201878,23.312597809076685,Tier 2,1833.0,1611.0,1611.0,0.0,27390.0
385,SIPT303,16.0,1.0,1.0,13.0,1.0,16.0,1,11.0,10.0,1.0,10.0,1.0,10,10,10,10,10,10,LHHLHL,NAANAN,Moderate Achievement,12,Fluctuating Performer,Mallikarjuna Enterprises & Traders,Wanaparthy,Chinambavi,Non-Exclusive,577758.0,1.0,25.0,0.04327071195898629,9.166666666666666,0.01886930234709191,0.96,0.0010662966912209967,0.0013049137415580242,0.03629629629629629,1.07874649061468e-07,SIPT303,Mallikarjuna Enterprises & Traders,42.6,5,25.0,Non-Exclusive,100.0,11.737089201877934,1.8779342723004695,23.474178403755868,Tier 2,1833.0,1611.0,1611.0,0.0,19330.0
386,SIPT304,6.0,1.0,3.0,8.0,30.0,10.0,8,1.0,9.0,1.0,1.0,11.0,20,20,20,20,20,20,LLLLLH,NNNNNN,No Achievement,11,Consistently Weak Performer,NATRAJ ENTERPRISES,Medak,TOOPRAN,Non-Exclusive,766153.0,38637.0,200.0,0.2610444650089473,6.333333333333333,0.18717720013784575,0.055,6.074076323731972e-05,0.013047461009709771,0.023703703703703703,6.52309031850861e-07,SIPT304,Natraj Enterprises,49.7,5,200.0,Non-Exclusive,24.85,10.060362173038229,1.8779342723004695,8.108832997987928,Tier 6,,,,,
387,SIPT305,1.0,10.0,1.0,1.0,10.0,10.0,9,9.0,1.0,10.0,10.0,10.0,10,10,10,10,10,10,HHLHHH,NNNAAA,Moderate Achievement,12,Emerging Performer,CHANDANA TRADERS,Nalgonda,Chandur,Non-Exclusive,1618416.0,40211.0,60.0,0.03707328647269923,6.833333333333333,0.04510120827078745,1.8666666666666667,0.002073704471742397,0.003135067877436172,0.025925925925925925,9.238108534106927e-08,SIPT305,Chandana Traders,24.4,8,60.0,Non-Exclusive,40.666666666666664,32.786885245901644,3.286384976525822,16.662541368429153,Tier 4,1500.0,1110.0,1110.0,0.0,13320.0
388,SIPT306,25.0,11.0,12.0,9.0,26.0,26.0,63,55.0,26.0,26.0,41.0,41.0,20,20,40,40,30,30,HHLLHH,AANNAA,Moderate Achievement,41,Consistently Strong Performer,Nagarjuna Steel Mart,Medchal - Malkajgiri,Rampally,Non-Exclusive,2460095.0,71301.0,775.0,0.3150284846723399,30.666666666666668,0.14427882241548048,0.14451612903225808,0.00016020316566664442,0.010054516324736258,0.13185185185185186,7.872690810501182e-07,SIPT306,Nagarjuna Steel Mart,16.6,42,775.0,Non-Exclusive,2.141935483870968,100.0,19.248826291079812,31.977682871422083,Tier 1,2000.0,2000.0,2000.0,0.0,82000.0
389,SIPT307,50.0,30.0,45.0,1.0,30.0,30.0,30,40.0,26.0,1.0,13.0,20.0,30,30,25,1,1,10,LHLLLL,AAAAAA,High Achievement,25,Target-Oriented Performer,Madina Steel Traders,Siddipet,Siddipet,Non-Exclusive,1012065.0,168105.0,600.0,0.5928472973573832,32.666666666666664,0.406159322836422,0.03333333333333333,3.6666680246918606e-05,0.028325460202980542,0.14074074074074072,1.4818161129725704e-06,SIPT307,Madina Steel Traders,41.4,21,600.0,Non-Exclusive,6.8999999999999995,50.72463768115942,9.389671361502346,17.158730353133294,Tier 4,1500.0,1110.0,1110.0,0.0,27750.0
390,SIPT308,21.0,20.0,14.0,1.0,10.0,25.0,14,18.0,1.0,10.0,25.0,23.0,20,20,20,20,22,22,LHLLHH,NNNNAA,Low Achievement,23,Fluctuating Performer,Sri Ganesh Steel Traders,Hyderabad,Kushaiguda,Non-Exclusive,3943323.0,1.0,290.0,0.07354203548631445,18.0,0.15714406676153078,0.2655172413793103,0.0002946488958469729,0.01095210189162174,0.07555555555555556,1.8355295790265316e-07,SIPT308,Sri Ganesh Steel Traders,31.0,15,1200.0,Non-Exclusive,2.5833333333333335,48.38709677419355,6.572769953051644,14.137747993336365,Tier 4,1500.0,1110.0,1110.0,0.0,25530.0
391,SIPT309,26.0,11.0,26.333333333333332,20.0,23.0,26.0,30,25.0,1.0,21.0,25.0,15.0,25,25,25,20,30,30,HHLHHL,AANANN,Moderate Achievement,24,Emerging Performer,SRI VIGNESWARA TRADERS,Nalgonda,NARKETPALLY,Non-Exclusive,1618416.0,50864.0,200.0,0.12357762157566411,17.333333333333332,0.09766428701720234,0.43,0.00047740758422503115,0.0068023018268894165,0.07259259259259258,3.086419231638206e-07,SIPT309,SRI VIGNESWARA TRADERS(N),120.6,19,200.0,Non-Exclusive,60.3,15.754560530679933,8.450704225352112,20.281334641347254,Tier 3,1667.0,1323.0,1323.0,0.0,31750.0
392,SIPT311,13.0,15.0,17.0,8.0,25.0,23.0,25,27.0,20.0,8.0,20.0,17.0,20,15,20,20,17,17,HHLLLL,AAANAA,High Achievement,24,Target-Oriented Performer,GANGISETTY SATHYA NARAYANA CEMENT MRECHANT,Mulug,Mulugu,Non-Exclusive,294671.0,1.0,250.0,0.8484038130660975,19.166666666666668,0.09698270847117389,0.328,0.00036407420891637366,0.0067547492853940235,0.08074074074074075,2.120707402437385e-06,SIPT311,Gangisetty Sathya Narayana Cement Mrechant,21.1,20,250.0,Non-Exclusive,8.44,94.78672985781989,8.92018779342723,25.997458647620313,Tier 2,1833.0,1611.0,1611.0,0.0,38660.0
393,SIPT313,21.0,21.0,20.666666666666668,19.166666666666668,21.166666666666668,20.0,40,20.0,26.0,25.0,25.0,25.0,25,25,25,25,25,25,HLHHLL,ANAAAA,High Achievement,32,Target-Oriented Performer,SRI RAMA TRADERS (N),Karimnagar,Nusthullapur,Non-Exclusive,1162156.0,49026.0,2000.0,1.7209393575389191,22.166666666666668,0.08711430316655146,0.0685,7.574076879287733e-05,0.00606624793000977,0.09407407407407407,4.30204626427849e-06,SIPT313,Sri Rama Traders (N),10.2,27,2000.0,Non-Exclusive,0.5099999999999999,100.0,12.206572769953052,27.425943661971832,Tier 2,1833.0,1611.0,1611.0,0.0,51550.0
394,SIPT314,26.0,27.0,28.0,13.0,12.0,20.0,41,20.0,26.0,21.0,15.0,1.0,20,20,26,25,30,30,HLHLLL,AAANNN,Moderate Achievement,24,Declining Performer,DOSAPATI RAMADASU & SONS IRON ELECTRICAL & GENERAL MERCHANTS,Khammam,NELAKONDAPALLY,Non-Exclusive,1401639.0,61325.0,70.0,0.049941532734177625,20.0,0.004798421659298965,1.2571428571428571,0.0013964555436607833,0.0003232130385622011,0.08444444444444445,1.24551701004485e-07,SIPT314,Dosapati Ramadasu & Sons Iron Electrical & General Merchants,30.0,20,70.0,Non-Exclusive,42.857142857142854,66.66666666666666,8.92018779342723,27.25687458081824,Tier 2,1833.0,1611.0,1611.0,0.0,38660.0
395,SIPT315,1.0,1.0,1.0,12.0,1.0,11.0,7,1.0,1.0,11.0,1.0,9.0,10,10,10,10,10,10,HLLHLH,NNNANN,Low Achievement,13,Fluctuating Performer,THIRUMALA STEEL CEMENTS AND GENERAL STORES,Khammam,V M BANJARA,Non-Exclusive,1401639.0,1.0,60.0,0.04280702805786654,4.0,0.04810398411594291,1.3666666666666667,0.0015181487104254483,0.0033445662893362422,0.013333333333333332,1.067154393083184e-07,SIPT315,Thirumala Steel Cements And General Stores,42.5,4,60.0,Non-Exclusive,70.83333333333334,9.411764705882353,1.4084507042253522,16.89409003037835,Tier 4,1500.0,1110.0,1110.0,0.0,14430.0
396,SIPT316,1.0,1.0,8.833333333333334,5.0,1.0,10.0,1,10.0,10.0,10.0,1.0,13.0,10,10,10,10,10,10,LHHHLH,NAAANA,Moderate Achievement,13,Consistently Strong Performer,R.K STEELS PROFILES,Nagarkurnool,KALWAKURTHY,Non-Exclusive,861766.0,66388.0,250.0,0.2901019534305136,7.5,0.20763814452934498,0.104,0.00011518522784638067,0.014474985266277387,0.028888888888888888,7.249527529267247e-07,SIPT316,R.K Steels Profiles,31.7,7,250.0,Non-Exclusive,12.68,22.082018927444796,2.8169014084507045,8.642544630559382,Tier 6,,,,,
397,SIPT317,36.0,19.0,4.0,22.0,4.0,12.0,8,8.0,1.0,1.0,1.0,1.0,10,10,10,10,1,1,LLLLLL,NNNNAA,Low Achievement,0,Consistently Weak Performer,Sri Srinivasa Traders (Ch),Rangareddy,Chevella,Non-Exclusive,2426243.0,58166.0,265.0,0.10922236560806152,12.833333333333334,0.14285714285714285,0.0037735849056603774,3.822503162771961e-06,0.009955328231764534,0.052592592592592594,2.7275378323397116e-07,SIPT317,Sri Srinivasa Traders (Ch),53.0,3,265.0,Non-Exclusive,20.0,5.660377358490567,0.9389671361502347,5.695455753388255,Tier 6,,,,,
398,SIPT318,1.0,13.0,15.0,1.0,11.0,1.0,1,1.0,15.0,20.0,13.0,10.0,15,15,15,20,10,10,LLHHHH,NNAAAA,Moderate Achievement,17,Consistently Strong Performer,Sri Chaitanya Steels & Traders,Rangareddy,Balapur,Non-Exclusive,2426243.0,1.0,500.0,0.20607993510955003,6.833333333333333,0.6725614527326353,0.006,6.296298628258751e-06,0.04691187025090189,0.025925925925925925,5.148977070608517e-07,SIPT318,Sri Chaitanya Steels & Traders,61.7,10,500.0,Non-Exclusive,12.340000000000002,16.207455429497568,4.225352112676056,8.244702353505147,Tier 6,,,,,
399,SIPT319,14.0,22.0,30.0,20.0,12.0,10.0,50,19.0,14.0,25.0,26.0,29.0,20,30,25,20,30,30,HLLHHH,ANNANN,Low Achievement,30,Emerging Performer,ANJANA AGENCIES,Jogulamba Gadwal,GADWAL,Non-Exclusive,574969.0,114390.0,350.0,0.6087284705784138,18.0,0.4689205894704842,0.03142857142857143,3.4550277346663566e-05,0.0327042038610814,0.07555555555555556,1.5215190460371426e-06,SIPT319,Anjana Agencies,132.8,27,1000.0,Non-Exclusive,13.28,20.331325301204817,12.206572769953052,14.046208722212796,Tier 4,1500.0,1110.0,1110.0,0.0,33300.0
400,SIPT320,16.0,17.0,15.0,1.0,1.0,1.0,15,16.0,16.0,15.0,15.0,17.0,15,15,15,15,10,10,HHHHHH,AAAAAA,High Achievement,20,Consistently Strong Performer,THIRUMALA IRON HARDWARE AND GENERAL,Mahabubabad,THORRUR,Non-Exclusive,774549.0,68400.0,600.0,0.774644341416747,13.833333333333334,0.23391081910885345,0.07833333333333334,8.666669876544399e-05,0.016307983759872705,0.05703703703703704,1.9363087232582963e-06,SIPT320,Thirumala Iron Hardware And General,96.5,17,600.0,Non-Exclusive,16.083333333333332,17.616580310880828,7.511737089201878,11.24702498236396,Tier 5,1333.0,952.0,952.0,0.0,19040.0
401,SIPT321,30.0,31.0,30.0,28.833333333333332,30.0,30.166666666666668,25,40.0,1.0,30.0,40.0,40.0,25,30,30,30,40,40,LHLHHH,AANAAA,High Achievement,43,Consistently Strong Performer,SRI VENKATESWARA TRADERS REKURTHI,Karimnagar,REKURTHI,Non-Exclusive,1162156.0,1.0,2000.0,1.7209393575389191,28.694444444444446,1.0748856674526082,0.0005,1.851852537723163e-07,0.07498132611413619,0.12308641975308643,4.30204626427849e-06,SIPT321,Sri Venkateswara Traders Rekurthi,32.5,29,2000.0,Non-Exclusive,1.625,89.23076923076924,13.145539906103288,26.05847778981582,Tier 2,1833.0,1611.0,1611.0,0.0,69270.0
402,SIPT323,1.0,6.0,1.0,1.0,4.0,8.0,1,3.0,1.0,1.0,2.8,1.0,1,5,10,10,10,10,LLLLLL,ANNNNN,Low Achievement,0,Consistently Weak Performer,SAI FERTILIZERS,Warangal,MAMNOOR,Non-Exclusive,737148.0,172108.0,100.0,0.13565796827774068,3.3333333333333335,0.005943455163906784,0.81,0.0008996299628259122,0.0004031000208605054,0.01037037037037037,3.388427899281366e-07,SIPT323,Sai Fertilizers,10.0,2,100.0,Non-Exclusive,10.0,20.0,0.4694835680751174,6.28169014084507,Tier 6,,,,,
403,SIPT324,26.0,1.0,35.0,1.0,1.0,1.0,12,15.0,17.0,17.0,1.0,16.0,1,10,10,10,10,10,HHHHLH,AAAANA,High Achievement,21,Consistently Strong Performer,SURYA IRON CEMENT AND SANITARY,Mahabubabad,HASTHINAPURAM,Non-Exclusive,774549.0,1.0,600.0,0.774644341416747,12.666666666666666,0.1185571858915783,0.10833333333333334,0.0001200000444444609,0.008259962791237533,0.05185185185185185,1.9363087232582963e-06,SIPT324,Surya Iron Cement And Sanitary,65.5,13,600.0,Non-Exclusive,10.916666666666666,19.84732824427481,5.633802816901409,9.533080672329142,Tier 6,,,,,
404,SIPT325,5.0,9.0,5.0,6.0,3.0,10.0,6,13.0,11.0,18.0,14.0,22.0,10,10,10,10,10,10,LHHHHH,NAAAAA,High Achievement,23,Consistently Strong Performer,Sai Steel,Sangareddy,Patancheru,Non-Exclusive,1528903.0,113752.0,500.0,0.3270318653308941,11.666666666666666,0.33870034707699015,0.05,5.518520562415023e-05,0.02361896560638682,0.047407407407407405,8.172775327055702e-07,SIPT325,Sai Steel,20.0,14,500.0,Non-Exclusive,4.0,70.0,6.103286384976526,18.461971830985917,Tier 3,1667.0,1323.0,1323.0,0.0,30430.0
405,SIPT326,21.0,11.0,1.0,15.0,16.0,21.0,34,21.0,20.0,22.0,22.0,26.0,20,20,20,20,22,22,HHHHLH,AAAAAA,High Achievement,30,Consistently Strong Performer,SRI BALAJI STEELS,Mahabubnagar,Kosgi,Non-Exclusive,905660.0,1.0,300.0,0.3312501380208908,20.0,0.3908502192746089,0.17,0.00018851858834021792,0.027257370858586767,0.08444444444444445,8.278232144337482e-07,SIPT326,Sri Balaji Steels,38.0,26,300.0,Non-Exclusive,12.666666666666668,68.42105263157895,11.737089201877934,23.259797380775883,Tier 2,1833.0,1611.0,1611.0,0.0,48330.0
406,SIPT329,1.0,10.0,1.0,15.0,1.0,8.666666666666666,15,10.0,10.0,11.0,11.0,10.0,15,10,10,10,10,10,HHHHHL,AAAAAA,High Achievement,13,Consistently Strong Performer,MAHALAXMI AGENCIES,Karimnagar,HUZURABAD,Non-Exclusive,1162156.0,74721.0,150.0,0.12907045181541893,8.277777777777777,0.05631619970144964,0.5933333333333334,0.0006588891329219011,0.003917518188533232,0.032345679012345675,3.223739987673565e-07,SIPT329,Mahalaxmi Agencies,74.5,11,150.0,Non-Exclusive,49.666666666666664,14.76510067114094,4.694835680751173,15.703254876012226,Tier 4,1500.0,1110.0,1110.0,0.0,14430.0
407,SIPT332,22.0,1.0,16.0,8.0,12.0,20.0,19,19.0,1.0,20.0,6.0,11.0,25,20,20,20,20,20,HHLHLL,NNNANN,Low Achievement,20,Fluctuating Performer,MAANHEII IRON CEMENT,Jangaon,Jangaon,Non-Exclusive,534991.0,92446.0,311.0,0.5813181903994646,12.333333333333334,0.0738255033557047,0.20257234726688103,0.00022471009870768215,0.005139111640125895,0.05037037037037037,1.4529933455690657e-06,SIPT332,Maanheii Iron Cement,20.2,13,311.1111111,Non-Exclusive,6.49285714308903,64.35643564356435,5.633802816901409,17.55014024747152,Tier 3,1667.0,1323.0,1323.0,0.0,26460.0
408,SIPT333,16.0,13.833333333333334,14.833333333333334,11.0,11.5,13.833333333333334,1,1.0,1.0,1.0,2.8,1.0,25,20,25,20,20,20,LLLLLL,NNNNNN,No Achievement,0,Consistently Weak Performer,SRI MAHESHWARA AGENCIES,Warangal,Hanamakonda,Non-Exclusive,737148.0,1.0,800.0,1.0852637462219255,7.777777777777779,0.022727272727272728,0.03375,3.71296433813494e-05,0.0015740775784489356,0.03012345679012346,2.712857235505862e-06,SIPT333,Sri Maheshwara Agencies,50.0,2,800.0,Non-Exclusive,6.25,4.0,0.4694835680751174,2.3316901408450703,Tier 6,,,,,
409,SIPT338,30.0,30.0,21.0,12.0,12.0,25.0,44,40.0,15.0,23.0,31.0,25.0,20,20,30,20,35,35,HHLLHL,AANANN,Moderate Achievement,31,Fluctuating Performer,Sri Srinivasa Iron Syndicate,Bhadradri Kothagudem,Khammam,Non-Exclusive,1069261.0,1.0,2000.0,1.8704507131560957,27.5,0.5952380952380952,0.01,1.074074471879434e-05,0.04151715501632237,0.11777777777777777,4.675824653434361e-06,SIPT338,Sri Srinivasa Iron Syndicate,16.4,30,150.0,Non-Exclusive,10.933333333333332,100.0,13.615023474178404,30.355680751173708,Tier 1,2000.0,2000.0,2000.0,0.0,62000.0
410,SIPT339,16.0,15.0,15.0,6.0,10.0,11.0,20,10.0,10.0,12.0,15.0,6.0,10,10,10,10,15,15,HLLHHL,AAAAAN,High Achievement,16,Target-Oriented Performer,Srinivasa Iron & Cement Store,Nagarkurnool,Bijanapalli,Non-Exclusive,861766.0,72647.0,30.0,0.03481223441166163,11.333333333333334,0.018867924528301886,5.1,0.005666298394925331,0.0013048176135540437,0.045925925925925926,8.672845518676745e-08,SIPT339,Srinivasa Iron & Cement Store,60.0,12,30.0,Non-Exclusive,100.0,20.0,5.164319248826291,27.098591549295776,Tier 2,1833.0,1611.0,1611.0,0.0,25780.0
411,SIPT340,11.0,10.0,15.0,1.0,1.0,26.0,22,43.0,24.0,25.0,14.0,16.0,15,15,20,20,15,15,HHHHLL,AAAANA,High Achievement,23,Consistently Strong Performer,Sri Sai Tirumala Steel Traders,Medchal - Malkajgiri,Balaji Nagar,Non-Exclusive,2460095.0,1.0,500.0,0.2032441836595741,21.666666666666668,0.20512820512820512,0.076,8.407410521263156e-05,0.014299871189962779,0.09185185185185185,5.0780832843377e-07,SIPT340,Sri Sai Tirumala Steel Traders,77.7,24,500.0,Non-Exclusive,15.540000000000001,30.888030888030887,10.7981220657277,15.764479417042798,Tier 4,1500.0,1110.0,1110.0,0.0,25530.0
412,SIPT341,10.0,8.166666666666666,10.333333333333334,12.0,12.0,12.0,1,14.0,13.0,1.0,12.0,1.0,10,10,10,10,15,15,LHHLHL,NAANNN,Low Achievement,15,Fluctuating Performer,Sana Traders,Mahabubnagar,Addakal,Non-Exclusive,905660.0,31224.0,25.0,0.02760417816840757,9.694444444444445,0.00546448087431694,3.36,0.0037329643455423496,0.00036968282351228254,0.038641975308641975,6.870831457318784e-08,SIPT341,Sana Traders,48.5,7,25.0,Non-Exclusive,100.0,14.432989690721648,2.8169014084507045,24.576738783214754,Tier 2,1833.0,1611.0,1611.0,0.0,24160.0
413,SIPT342,29.0,15.0,29.333333333333332,18.0,26.0,36.0,59,49.0,31.0,26.0,28.0,40.0,40,50,50,50,40,40,HHLLLH,ANNNNA,Low Achievement,34,Declining Performer,GANESH STEEL AND CEMENT CHEVELLA,Rangareddy,Chevella,Non-Exclusive,2426243.0,58166.0,265.0,0.10922236560806152,33.333333333333336,0.19704433497536947,0.4226415094339623,0.0004692314805679138,0.013735873726829538,0.14370370370370372,2.7275378323397116e-07,SIPT342,GANESH STEEL AND CEMENT CHEVELLA,21.1,39,265.0,Non-Exclusive,7.962264150943396,100.0,17.84037558685446,32.296678182301356,Tier 1,2000.0,2000.0,2000.0,0.0,68000.0
414,SIPT343,18.0,15.0,21.0,21.0,21.0,20.0,21,1.0,26.0,1.0,20.0,1.0,25,25,20,15,20,20,HLHLHL,NNANAN,Low Achievement,25,Fluctuating Performer,Indrasena Traders,Warangal,Narasampet,Non-Exclusive,737148.0,1.0,1000.0,1.356579682777407,13.5,0.06666666666666667,0.012,1.2962967764062134e-05,0.0046396521417337395,0.05555555555555555,3.3911470770994984e-06,SIPT343,Indrasena Traders,24.4,11,1000.0,Non-Exclusive,2.44,45.08196721311475,4.694835680751173,12.321294851073654,Tier 5,1333.0,952.0,952.0,0.0,23800.0
415,SIPT345,6.0,1.0,10.0,1.0,19.0,16.0,1,9.0,10.0,5.0,10.0,1.0,10,10,10,10,10,10,LHHLHL,NNANAN,Low Achievement,12,Fluctuating Performer,Sri Laxmi Narasimha Steel,Kamareddy,Nizamabad,Non-Exclusive,972625.0,1.0,1000.0,1.0281454825857859,7.166666666666667,0.14285714285714285,0.004,4.074075582990957e-06,0.009955328231764534,0.027407407407407408,2.5700615763723702e-06,SIPT345,Sri Laxmi Narasimha Steel,75.1,6,0.0,Non-Exclusive,100.0,7.989347536617844,2.3474178403755865,23.00632021154892,Tier 2,1833.0,1611.0,1611.0,0.0,19330.0
416,SIPT346,15.0,7.0,15.0,12.0,17.0,1.0,19,19.0,1.0,20.0,1.0,1.0,15,15,15,15,15,15,HHLHLL,AANANN,Moderate Achievement,23,Fluctuating Performer,SRI JAYARAM STEEL SYNDICATE,Khammam,Khammam,Non-Exclusive,1401639.0,356857.0,2000.0,1.426900935262218,7.333333333333333,0.015151515151515152,0.0125,1.3518523525379083e-05,0.0010455302399515554,0.028148148148148144,3.566950208364641e-06,SIPT346,Sri Jayaram Steel Syndicate,53.4,10,150.0,Non-Exclusive,35.6,18.726591760299627,4.225352112676056,13.40052961966556,Tier 5,1333.0,952.0,952.0,0.0,21900.0
417,SIPT347,1.0,1.0,10.0,1.0,8.0,1.0,1,17.0,8.0,13.0,10.0,1.0,10,10,15,15,10,10,LHHHHL,NANNAN,Low Achievement,16,Emerging Performer,Jai Bhavani Steel & Cement Traders,Medchal - Malkajgiri,Ghatkesar,Non-Exclusive,2460095.0,74712.0,1500.0,0.6097325509787224,4.833333333333333,0.00980392156862745,0.03333333333333333,3.6666680246918606e-05,0.0006724380010122283,0.017037037037037035,1.5240292470386724e-06,SIPT347,Jai Bhavani Steel & Cement Traders,24.4,8,150.0,Non-Exclusive,16.266666666666666,32.786885245901644,3.286384976525822,11.782541368429154,Tier 5,1333.0,952.0,952.0,0.0,15230.0
418,SIPT348,11.0,10.0,7.5,10.0,10.0,11.0,21,10.0,10.0,11.0,25.0,1.0,15,20,15,10,10,10,HLLLHL,ANNAAN,Moderate Achievement,18,Fluctuating Performer,Bhanu Agencies,Rajanna Sircilla,Vemulawada,Non-Exclusive,552037.0,50158.0,400.0,0.7245891126862873,8.833333333333334,0.005681818181818182,0.205,0.0002274074916324043,0.00038484606682983035,0.03481481481481482,1.811170651394339e-06,SIPT348,Bhanu Agencies,16.3,13,400.0,Non-Exclusive,4.075,79.75460122699386,5.633802816901409,20.146201935539615,Tier 3,1667.0,1323.0,1323.0,0.0,23810.0
419,SIPT350,1.0,1.0,1.0,1.0,1.0,1.0,1,1.0,16.666666666666668,1.0,1.0,1.0,1,1,1,1,1,1,HHHLLL,AAAAAA,High Achievement,21,Target-Oriented Performer,Baber & Co,Hyderabad,Musheerabad,Non-Exclusive,3943323.0,347861.0,600.0,0.15215593548892645,3.611111111111111,0.004149377593360996,0.2,0.00022185193401923483,0.0002779303707644889,0.011604938271604939,3.800877079685624e-07,SIPT350,Baber & Co,30.8,8,600.0,Non-Exclusive,5.133333333333334,25.97402597402597,3.286384976525822,8.193302847387354,Tier 6,,,,,
420,SIPT351,1.0,1.0,9.0,1.0,12.0,1.0,1,1.0,4.666666666666667,1.0,1.0,1.0,10,10,10,10,10,10,LLHLLL,NNNNNN,No Achievement,0,Consistently Weak Performer,SRI GAYATHRI CEMENT IRON AND GENERAL MERCHANT,Suryapet,MUNAGALA,Non-Exclusive,1099560.0,43824.0,120.0,0.10913456291607551,1.6111111111111114,0.005649717514124294,0.6916666666666667,0.0007681484326475676,0.000382606459463316,0.0027160493827160506,2.7253427650393984e-07,SIPT351,Sri Gayathri Cement Iron And General Merchant,41.2,2,120.0,Non-Exclusive,34.333333333333336,4.854368932038835,0.4694835680751174,8.119230593919504,Tier 6,,,,,
421,SIPT352,25.0,21.0,23.166666666666668,1.0,25.0,21.0,25,25.0,25.0,18.0,1.0,15.0,25,25,25,20,22,22,HHHLLL,AAANNN,Moderate Achievement,23,Momentum Gainer,Madhavi Agencies,Warangal,Parkal,Non-Exclusive,737148.0,1.0,250.0,0.33914492069435176,22.0,0.08771929824561403,0.344,0.00038185199327851597,0.006108457377136985,0.09333333333333334,8.475601711233637e-07,SIPT352,Madhavi Agencies,16.1,18,250.0,Non-Exclusive,6.4399999999999995,100.0,7.981220657276995,26.076732394366196,Tier 2,1833.0,1611.0,1611.0,0.0,37050.0
422,SIPT353,15.0,14.0,15.0,1.0,10.0,1.0,11,10.5,1.0,1.0,1.0,1.0,10,10,15,15,15,15,HHLLLL,AANNNN,Low Achievement,12,Consistently Weak Performer,Laxmi Steels,Bhadradri Kothagudem,Bandarugudem,Non-Exclusive,1069261.0,1.0,100.0,0.09352253565780477,7.083333333333333,0.013888888888888888,0.32,0.0003551853167353025,0.0009574390168686586,0.027037037037037033,2.335042083464708e-07,SIPT353,Laxmi Steels,26.2,4,100.0,Non-Exclusive,26.200000000000003,15.267175572519085,1.4084507042253522,9.13850553703903,Tier 6,,,,,
423,SIPT354,10.166666666666666,8.666666666666666,10.0,10.0,7.166666666666667,9.166666666666666,1,10.0,11.0,1.0,12.0,16.0,10,10,10,10,10,10,LHHLHH,NAANAA,Moderate Achievement,15,Consistently Strong Performer,Sri Sapthagiri Agencies,Mahabubnagar,Koukuntla,Non-Exclusive,905660.0,18915.0,20.0,0.022083342534726057,10.833333333333334,0.12121212121212122,3.45,0.003832964382579401,0.008445192978914877,0.0437037037037037,5.490622548481402e-08,SIPT354,Sri Sapthagiri Agencies,43.7,8,20.0,Non-Exclusive,100.0,18.306636155606405,3.286384976525822,25.633158217036772,Tier 2,1833.0,1611.0,1611.0,0.0,24160.0
424,SIPT355,1.0,13.0,1.0,10.0,1.0,1.0,12,1.0,1.0,14.0,1.0,1.0,1,10,10,1,1,1,HLLHLL,ANNAAA,Moderate Achievement,15,Target-Oriented Performer,BADAM NARSAIAH & SONS,Nalgonda,Bhongiri,Non-Exclusive,1618416.0,1.0,500.0,0.3089440539391603,3.0,0.0033112582781456954,0.3,0.0003329630862826245,0.00021945625395565014,0.008888888888888887,7.720580042125734e-07,SIPT355,Badam Narsaiah & Sons,30.8,4,450.0,Non-Exclusive,6.844444444444445,12.987012987012985,1.4084507042253522,4.811361908826697,Tier 6,,,,,
425,SIPT358,20.0,20.0,25.0,15.0,22.5,26.0,27,26.0,1.0,25.0,38.0,1.0,25,25,25,25,40,40,HHLHHL,AANANN,Moderate Achievement,35,Emerging Performer,Geetha Traders Jagtial,Jagitial,Jagitial,Non-Exclusive,988913.0,113543.0,500.0,0.5056056498397736,15.666666666666666,0.005847953216374269,0.146,0.00016185191179700437,0.0003964370172354746,0.06518518518518518,1.2637119941126505e-06,SIPT358,Geetha Traders Jagtial,42.4,19,500.0,Non-Exclusive,8.48,44.81132075471698,8.450704225352112,15.728686686154663,Tier 4,1500.0,1110.0,1110.0,0.0,38850.0
426,SIPT359,45.0,44.0,51.0,30.0,30.0,16.0,31,45.0,41.0,30.0,45.0,47.0,30,30,30,30,45,45,LHHLHH,AAAAAA,High Achievement,48,Consistently Strong Performer,Sai Ram Traders,Nalgonda,Nalgonda,Non-Exclusive,1618416.0,207076.0,800.0,0.49431048630265645,39.666666666666664,0.188,0.14125,0.00015657413206449336,0.01310486631510778,0.17185185185185184,1.2354740852613262e-06,SIPT359,Sai Ram Traders,26.1,40,800.0,Non-Exclusive,3.2625,100.0,18.30985915492958,31.638415492957748,Tier 1,2000.0,2000.0,2000.0,0.0,96000.0
427,SIPT360,30.0,26.0,30.0,30.0,28.0,36.166666666666664,35,1.0,27.0,28.0,1.0,1.0,30,30,30,30,40,40,HLHHLL,ANNNNN,Low Achievement,34,Fluctuating Performer,Mallikarjuna Steels,Rangareddy,Turkayamjal,Non-Exclusive,2426243.0,1.0,1000.0,0.41215987021910006,20.194444444444443,0.008771929824561403,0.071,7.851854759946207e-05,0.0006004377443748143,0.08530864197530863,1.0300975449903845e-06,SIPT360,Mallikarjuna Steels,42.6,19,1000.0,Non-Exclusive,4.26,44.60093896713615,8.450704225352112,14.842610328638496,Tier 4,1500.0,1110.0,1110.0,0.0,37740.0
428,SIPT364,10.0,10.0,1.0,14.0,20.0,1.0,17,11.0,12.0,8.0,1.0,11.0,1,10,10,10,10,10,HHHLLH,AAANNA,Moderate Achievement,13,Consistently Strong Performer,Sri Jagadamba Steel Traders,Hyderabad,Old Bowenpally,Non-Exclusive,3943323.0,1.0,500.0,0.12679661290743874,9.166666666666666,0.4074074074074074,0.038,4.185186735254346e-05,0.028412536877704786,0.03629629629629629,3.166894014956885e-07,SIPT364,Sri Jagadamba Steel Traders,12.0,10,500.0,Non-Exclusive,2.4,83.33333333333334,4.225352112676056,19.6818779342723,Tier 3,1667.0,1323.0,1323.0,0.0,17200.0
429,SIPT366,23.0,11.0,22.0,10.0,25.0,15.0,33,32.0,21.0,1.0,20.0,20.0,15,15,20,20,20,20,HHLLLL,AAANAA,High Achievement,26,Target-Oriented Performer,New Anusha Iron & Steel Traders,Karimnagar,Karimnagar,Non-Exclusive,1162156.0,363106.0,2000.0,1.7209393575389191,20.333333333333332,0.15384615384615385,0.033,3.629630973937398e-05,0.010722012283211284,0.08592592592592592,4.30204626427849e-06,SIPT366,New Anusha Iron & Steel Traders,49.7,21,0.0,Non-Exclusive,100.0,42.25352112676056,9.389671361502346,34.08450704225352,Tier 1,2000.0,2000.0,2000.0,0.0,52000.0
430,SIPT367,10.0,11.0,1.0,1.0,10.0,11.0,1,5.5,1.0,1.0,1.0,1.0,10,10,10,10,10,10,LLLLLL,NNNNNN,No Achievement,0,Consistently Weak Performer,Sri Balaji Hardware And Electricals,Mahabubnagar,Telkapally,Non-Exclusive,905660.0,1.0,40.0,0.044166685069452115,6.583333333333333,0.005747126436781609,2.05,0.0022774082508919442,0.0003894025094030836,0.024814814814814814,1.1011458183830932e-07,SIPT367,Sri Balaji Hardware And Electricals,30.8,2,40.0,Non-Exclusive,77.0,6.493506493506493,0.4694835680751174,16.98039143954637,Tier 4,1500.0,1110.0,1110.0,0.0,0.0
431,SIPT369,26.0,35.0,46.0,15.0,1.0,30.0,1,29.0,1.0,30.0,30.0,15.0,30,30,30,30,25,25,LHLHHL,NNNAAN,Low Achievement,28,Fluctuating Performer,SRI LAXMI STEEL TRADERS,Medchal - Malkajgiri,Medipally,Non-Exclusive,2460095.0,99768.0,650.0,0.26421743875744635,22.666666666666668,0.08771929824561403,0.13538461538461538,0.0001500570356336599,0.006108457377136985,0.0962962962962963,6.602414662245054e-07,SIPT369,SRI LAXMI STEEL TRADERS,75.1,17,650.0,Non-Exclusive,11.553846153846154,22.63648468708389,7.511737089201878,11.345108421707135,Tier 5,1333.0,952.0,952.0,0.0,26660.0
432,SIPT370,90.0,64.0,96.0,58.0,64.0,79.0,101,124.0,39.0,35.0,67.0,74.0,120,120,150,90,70,70,HHLLLL,NANNNA,Low Achievement,61,Consistently Weak Performer,Sai Ram Steels,Medchal - Malkajgiri,Rampally,Exclusive,2460095.0,71301.0,775.0,0.3150284846723399,78.33333333333333,0.3854166666666667,0.1664516129032258,0.00018457593455022665,0.026878281409011006,0.34370370370370373,7.872690810501182e-07,SIPT370,Sai Ram Steels,26.1,73,775.0,Exclusive,3.3677419354838714,100.0,33.80281690140845,40.955238527941844,Tier 1,2000.0,2000.0,2000.0,0.0,122000.0
433,SIPT371,15.0,1.0,40.0,1.0,23.0,1.0,13,20.0,12.0,15.0,1.0,12.0,20,20,20,20,22,22,LHLHLH,NANNNN,Low Achievement,15,Fluctuating Performer,Sai Ram Steel Traders,Hyderabad,Kushaiguda,Non-Exclusive,3943323.0,1.0,1200.0,0.3043118709778529,10.166666666666666,0.08695652173913043,0.06,6.629632085048919e-05,0.006055239796144114,0.04074074074074074,7.604775468058061e-07,SIPT371,Sai Ram Steel Traders,26.1,12,1200.0,Non-Exclusive,2.1750000000000003,45.97701149425287,5.164319248826291,12.728993848146349,Tier 5,1333.0,952.0,952.0,0.0,14280.0
434,SIPT372,10.0,20.0,4.0,1.0,3.0,1.0,1,1.0,5.0,1.0,12.0,10.0,15,15,1,1,10,10,LLHLHH,NNAAAA,Moderate Achievement,13,Target-Oriented Performer,SSV ENGINEERING SOLUTIONS,Rangareddy,Abdullapurmet,Non-Exclusive,2426243.0,1.0,250.0,0.10303996755477501,7.833333333333333,0.10869565217391304,0.168,0.00018629636529495012,0.0075719408544409434,0.030370370370370367,2.5729778809608517e-07,SIPT372,SSV ENGINEERING SOLUTIONS,64.0,4,250.0,Non-Exclusive,25.6,6.25,1.4084507042253522,7.215070422535212,Tier 6,,,,,
435,SIPT373,65.0,75.0,126.0,13.0,81.0,40.0,45,61.0,40.0,60.0,16.0,49.0,60,60,80,80,50,50,LLLHLH,NANNNN,Low Achievement,45,Consistently Weak Performer,RUDRA STEEL AGENCY,Rangareddy,Peddamberpet,Exclusive,2426243.0,105605.0,560.0,0.23080952732269605,55.0,0.2300469483568075,0.1625,0.00018018525192046368,0.016038408264370193,0.24,5.767216876123956e-07,SIPT373,RUDRA STEEL AGENCY,30.9,45,560.0,Exclusive,5.517857142857142,100.0,20.657276995305164,33.497937625754524,Tier 1,2000.0,2000.0,2000.0,0.0,90000.0
436,SIPT374,64.0,101.0,150.0,20.0,25.0,76.0,99,102.0,100.0,89.0,103.0,105.0,75,100,100,90,120,120,HHHHHH,AAANNN,Moderate Achievement,108,Emerging Performer,C.Bhaskar Cement Traders (M Nagar),Mahabubnagar,Mahabubnagar,Non-Exclusive,905660.0,258955.0,1600.0,1.7666674027780844,91.33333333333333,0.08771929824561403,0.365,0.0004051853352538278,0.006108457377136985,0.4014814814814815,4.416366377410942e-06,SIPT374,C.BHASKAR CEMENT TRADERS (M NAGAR),17.6,100,0.0,Non-Exclusive,100.0,100.0,46.478873239436616,67.88732394366197,Tier 1,2000.0,2000.0,2000.0,0.0,216000.0
437,SIPT375,116.0,113.0,138.0,59.0,93.0,74.0,106,101.0,101.0,95.0,108.0,106.0,75,100,100,90,120,120,HHHHHH,AAAANN,Moderate Achievement,108,Consistently Strong Performer,C.Bhaskar Cement Traders (Bhuthpur),Mahabubnagar,Bhuthpur,Exclusive,905660.0,48041.0,1600.0,1.7666674027780844,101.83333333333333,0.1737704918032787,0.189375,0.00021004637409124965,0.012112098448621291,0.44814814814814813,4.416366377410942e-06,SIPT375,C.BHASKAR CEMENT TRADERS (BHUTHPUR),17.6,103,1600.0,Exclusive,1.1,100.0,47.88732394366197,48.95239436619718,Tier 1,2000.0,2000.0,2000.0,0.0,216000.0
438,SIPT376,22.0,11.0,28.0,25.0,27.0,20.0,20,16.0,23.0,24.0,14.0,25.0,25,25,25,20,20,20,LLHHLH,NNNANA,Low Achievement,24,Fluctuating Performer,Vinayaka Traders (J),Warangal,Jangaon,Non-Exclusive,737148.0,1.0,311.0,0.4218962813437736,19.5,0.10869565217391304,0.3762057877813505,0.00041763621517787653,0.0075719408544409434,0.08222222222222222,1.0544385728094225e-06,SIPT376,Vinayaka Traders (J),182.8,20,311.1111111,Non-Exclusive,58.75714285924133,10.940919037199125,8.92018779342723,19.29172505534443,Tier 3,1667.0,1323.0,1323.0,0.0,31750.0
439,SIPT379,10.0,11.0,15.833333333333334,10.0,12.0,17.5,33,22.0,23.0,16.0,15.0,15.0,20,20,30,15,15,15,HHHLLL,AANAAA,High Achievement,19,Target-Oriented Performer,Sri Sai Traders,Karimnagar,Manthani,Non-Exclusive,1162156.0,54669.0,2000.0,1.7209393575389191,16.416666666666668,0.035211267605633804,0.106,0.00011740745089164848,0.0024450640376629277,0.06851851851851852,4.30204626427849e-06,SIPT379,Sri Sai Traders (M),20.4,21,2000.0,Non-Exclusive,1.0199999999999998,100.0,9.389671361502346,25.83780281690141,Tier 2,1833.0,1611.0,1611.0,0.0,30610.0
440,SIPT380,1.0,1.0,1.0,3.5,5.5,1.0,1,4.5,1.0,1.0,1.0,1.0,10,10,10,10,10,10,LHLLLL,NNNNNN,No Achievement,0,Consistently Weak Performer,Harinath Traders (New),Rangareddy,Ibrahimpatnam,Non-Exclusive,2426243.0,75305.0,215.0,0.08861437209710651,1.5833333333333333,0.006211180124223602,0.37209302325581395,0.0004130664751236729,0.0004217787224701752,0.0025925925925925925,2.212337994410179e-07,SIPT380,Harinath Traders (New),10.6,1,215.0,Non-Exclusive,4.930232558139535,9.433962264150944,0.0,2.872838964458096,Tier 6,,,,,
441,SIPT381,14.0,1.0,30.0,1.0,14.0,13.0,13,20.0,15.0,25.0,14.0,17.0,15,15,20,20,15,15,HHLHLH,NANANA,Moderate Achievement,22,Emerging Performer,Venkateshwara Steel Traders,Hyderabad,Kondapur,Non-Exclusive,3943323.0,1.0,525.0,0.13313644355281068,13.333333333333334,0.046831955922865015,0.29333333333333333,0.00032555567613173187,0.0032558191100315083,0.054814814814814816,3.32538978113907e-07,SIPT381,Venkateshwara Steel Traders,102.8,18,525.0,Non-Exclusive,19.58095238095238,17.509727626459146,7.981220657276995,12.206868395848502,Tier 5,1333.0,952.0,952.0,0.0,20940.0
442,SIPT382,13.0,5.0,1.0,21.0,1.0,12.0,1,15.0,1.0,15.0,1.0,1.0,10,15,10,5,10,10,LHLHLL,NANANN,Low Achievement,18,Consistently Weak Performer,Bharat Traders,Nalgonda,Haliya,Non-Exclusive,1618416.0,42070.0,80.0,0.049431048630265643,7.833333333333333,0.022727272727272728,0.1875,0.0002079630399863111,0.0015740775784489356,0.030370370370370367,1.2327549074431946e-07,SIPT382,Bharat Traders,16.3,5,80.0,Non-Exclusive,20.375,30.67484662576687,1.8779342723004695,11.336729888533656,Tier 5,1333.0,952.0,952.0,0.0,17140.0
443,SIPT383,11.333333333333334,1.0,10.0,13.0,1.0,1.0,15,26.0,1.0,1.0,26.0,10.0,15,15,20,20,10,10,HHLLHL,AANNAA,Moderate Achievement,24,Target-Oriented Performer,Disha Trading Company,Medchal - Malkajgiri,Medipally,Non-Exclusive,2460095.0,99768.0,650.0,0.26421743875744635,8.38888888888889,0.04784688995215311,0.15384615384615385,0.00017056986374382419,0.0033266292797823533,0.032839506172839504,6.602414662245054e-07,SIPT383,Disha Trading Company,30.0,13,650.0,Non-Exclusive,4.615384615384616,43.333333333333336,5.633802816901409,12.970025279884437,Tier 5,1333.0,952.0,952.0,0.0,22850.0
444,SIPT385,13.0,10.0,12.0,13.833333333333334,11.0,1.0,1,1.0,10.0,12.0,1.0,10.0,10,10,10,10,10,10,LLHHLH,NNAANA,Moderate Achievement,12,Fluctuating Performer,Jai Hanuman Traders,Mahabubnagar,Rajapur,Non-Exclusive,905660.0,26362.0,60.0,0.06625002760417817,7.5,0.06097560975609756,1.3833333333333333,0.00153666723580268,0.004242597067935707,0.028888888888888888,1.6532293819180462e-07,SIPT385,Jai Hanuman Traders,24.4,5,60.0,Non-Exclusive,40.666666666666664,20.491803278688526,1.8779342723004695,13.35845455245132,Tier 5,1333.0,952.0,952.0,0.0,11420.0
445,SIPT386,3.3333333333333335,1.0,5.0,1.0,1.0,1.0,1,8.5,1.0,1.0,5.8,1.0,5,5,10,10,10,10,LHLLHL,NANNNN,Low Achievement,0,Consistently Weak Performer,Sri Raghavendra Agencies,Vikarabad,Kodangal,Non-Exclusive,946109.0,53673.0,150.0,0.15854410009840303,2.638888888888889,0.016129032258064516,0.2,0.00022185193401923483,0.0011137298965318626,0.00728395061728395,3.9605811949707903e-07,SIPT386,Sri Raghavendra Agencies,30.3,4,150.0,Non-Exclusive,20.200000000000003,13.2013201320132,1.4084507042253522,7.525334448937852,Tier 6,,,,,
446,SIPT387,14.0,10.0,8.0,5.0,14.0,1.0,8,9.0,1.0,7.0,1.0,6.0,10,10,10,10,10,10,LHLHLH,NNNNNN,No Achievement,0,Fluctuating Performer,Sri Sadhana Steels,Hyderabad,Neredmet,Non-Exclusive,3943323.0,1.0,600.0,0.15215593548892645,6.833333333333333,0.03488372093023256,0.14666666666666667,0.00016259265281209364,0.0024222116797586847,0.025925925925925925,3.800877079685624e-07,SIPT387,Sri Sadhana Steels,52.9,5,600.0,Non-Exclusive,8.816666666666666,9.45179584120983,1.8779342723004695,4.780453064955581,Tier 6,,,,,
447,SIPT388,1.0,10.0,26.0,1.0,10.0,12.0,12,11.0,8.0,1.0,1.0,10.0,10,10,10,10,10,10,HLLLLH,AANNNA,Moderate Achievement,13,Declining Performer,Om Steels,Kamareddy,Kamareddy,Non-Exclusive,972625.0,126445.0,400.0,0.4112581930343143,8.666666666666666,0.19607843137254902,0.0625,6.907409965707394e-05,0.013668484324065457,0.03407407407407407,1.0278433520277391e-06,SIPT388,Om Steels,20.0,7,400.0,Non-Exclusive,5.0,35.0,2.8169014084507045,9.690140845070422,Tier 6,,,,,
448,SIPT389,30.0,61.0,37.0,38.0,30.0,24.0,51,31.0,81.0,44.0,29.0,31.0,30,30,1,40,30,30,HLHHLL,AAAANA,High Achievement,41,Target-Oriented Performer,Sri Guru Raghavendra Traders,Wanaparthy,Wanaparthy,Non-Exclusive,577758.0,108521.0,250.0,0.43270711958986285,43.0,0.12916666666666668,0.408,0.00045296313072708537,0.009000167684337127,0.18666666666666668,1.0814656684328113e-06,SIPT389,Sri Guru Raghavendra Traders,21.6,45,250.0,Non-Exclusive,8.64,100.0,20.657276995305164,34.1223661971831,Tier 1,2000.0,2000.0,2000.0,0.0,82000.0
449,SIPT390,11.0,10.0,10.0,11.0,10.0,10.0,1,10.0,10.0,10.0,1.0,10.0,10,10,10,10,10,10,LHHHLH,NAAANA,Moderate Achievement,12,Consistently Strong Performer,Sri Rajarajeshwara Agencies,Jagitial,Medipalli,Non-Exclusive,988913.0,29847.0,80.0,0.08089690397436376,10.166666666666666,0.3448275862068966,0.0125,1.3518523525379083e-05,0.024046452349734095,0.04074074074074074,2.0194012912833178e-07,SIPT390,Sri Rajarajeshwara Agencies,18.6,7,80.0,Non-Exclusive,23.25,37.634408602150536,2.8169014084507045,13.86702256550053,Tier 4,1500.0,1110.0,1110.0,0.0,13320.0
450,SIPT391,2.6666666666666665,1.0,1.0,6.333333333333333,1.0,1.0,1,13.0,11.0,10.0,1.0,1.0,10,1,1,10,10,10,LHHHLL,NAAANN,Moderate Achievement,13,Momentum Gainer,Sri Vigneshwara Traders (M),Nalgonda,Miryalaguda,Non-Exclusive,1618416.0,175838.0,450.0,0.2780496485452443,4.944444444444445,0.0125,0.07777777777777778,8.604941458620294e-05,0.0008605386714774725,0.017530864197530863,6.94821990704448e-07,SIPT391,Sri Vigneshwara Traders (M),32.5,6,450.0,Non-Exclusive,7.222222222222221,18.461538461538463,2.3474178403755865,6.545202840977489,Tier 6,,,,,
451,SIPT392,10.0,1.0,1.0,10.0,11.0,10.0,1,1.0,4.0,1.0,1.0,1.0,10,10,10,10,1,1,LLLLLL,NNNNAA,Low Achievement,0,Consistently Weak Performer,RK Infra,Nalgonda,Suryapet,Non-Exclusive,1618416.0,1.0,550.0,0.3398384593330763,4.5,0.08333333333333333,0.0018181818181818182,1.6498322608806354e-06,0.005802456286427975,0.015555555555555555,8.492940177206989e-07,SIPT392,RK Infra,30.9,2,600.0,Non-Exclusive,5.1499999999999995,6.4724919093851145,0.4694835680751174,2.6061885227220936,Tier 6,,,,,
452,SIPT393,12.0,12.0,17.0,1.0,24.0,23.0,15,15.0,1.0,5.0,10.0,10.0,20,20,20,20,10,10,HLLLLL,NNNNAA,Low Achievement,13,Consistently Weak Performer,Ayyappa Traders T,Medak,Toopran,Non-Exclusive,766153.0,38637.0,200.0,0.2610444650089473,12.166666666666666,0.3125,0.005,5.185187105624854e-06,0.02179101327597372,0.04962962962962963,6.52309031850861e-07,SIPT393,Ayyappa Traders T,27.4,9,200.0,Non-Exclusive,13.699999999999998,32.846715328467155,3.755868544600939,11.562864192453995,Tier 5,1333.0,952.0,952.0,0.0,12380.0
453,SIPT394,1.0,16.0,6.0,11.0,1.0,10.0,11,9.0,13.0,1.0,10.0,1.0,10,10,10,10,10,10,HLHLHL,ANANAN,Moderate Achievement,13,Fluctuating Performer,Gayathri Enterprises Dharmapuri,Jagitial,Dharmapuri,Non-Exclusive,988913.0,57300.0,100.0,0.10112112996795472,8.333333333333334,0.3333333333333333,0.01,1.074074471879434e-05,0.023244518456841515,0.0325925925925926,2.5250069412758507e-07,SIPT394,Gayathri Enterprises Dharmapuri,21.1,7,100.0,Non-Exclusive,21.1,33.175355450236964,2.8169014084507045,12.545211935117816,Tier 5,1333.0,952.0,952.0,0.0,12380.0
454,SIPT395,1.0,9.0,14.0,1.0,24.0,10.0,3,1.0,6.0,8.0,4.0,4.0,10,10,10,10,10,10,LLLHLL,NNNNNN,No Achievement,0,Consistently Weak Performer,Shivaram Traders,Sangareddy,Doultabad,Non-Exclusive,1528903.0,40732.0,180.0,0.11773147151912189,5.166666666666667,1.3333333333333333,0.005555555555555556,5.802471284865908e-06,0.09301276713849568,0.018518518518518517,2.9402654801804923e-07,SIPT395,Shivaram Traders,60.7,4,180.0,Non-Exclusive,33.72222222222223,6.589785831960461,1.4084507042253522,8.90747203337175,Tier 6,,,,,
455,SIPT396,1.0,2.5,2.6666666666666665,1.0,1.0,1.0,5,1.0,1.0,1.0,1.0,1.0,5,5,5,5,10,10,HLLLLL,ANNNNN,Low Achievement,0,Consistently Weak Performer,Sri Dattatreya Enterprises,Rangareddy,Hytabad,Non-Exclusive,2426243.0,51334.0,300.0,0.12364796106573002,1.25,0.3333333333333333,0.0033333333333333335,3.3333345679016916e-06,0.023244518456841515,0.0011111111111111113,3.0881777188903847e-07,SIPT396,Sri Dattatreya Enterprises,61.7,1,300.0,Non-Exclusive,20.566666666666666,1.6207455429497568,0.0,4.437482441923285,Tier 6,,,,,
456,SIPT397,1.0,1.8333333333333333,1.0,2.5,1.0,4.0,1,10.0,1.0,6.0,1.0,1.0,10,10,10,10,10,10,LHLHLL,NANNNN,Low Achievement,12,Consistently Weak Performer,Sri Sundha Hardware & General Stores,Bhadradri Kothagudem,Tekupalli,Non-Exclusive,1069261.0,1.0,60.0,0.05611352139468287,3.138888888888889,0.007692307692307693,1.0666666666666667,0.001184815253635279,0.0005251143989695197,0.009506172839506173,1.3998167266040998e-07,SIPT397,Sri Sundha Hardware & General Stores,55.9,3,60.0,Non-Exclusive,93.16666666666666,5.366726296958856,0.9389671361502347,20.270058874415245,Tier 3,1667.0,1323.0,1323.0,0.0,15880.0
457,SIPT398,1.0,21.0,63.0,25.0,35.0,36.0,30,30.0,51.0,30.0,30.0,43.0,30,30,30,30,30,30,LLHLLH,AAAAAA,High Achievement,41,Target-Oriented Performer,Gampa Enterprises,Karimnagar,Peddapalli,Non-Exclusive,1162156.0,101776.0,500.0,0.4302348393847298,30.333333333333332,14.333333333333334,0.002,1.8518525377231623e-06,0.9999999999999999,0.13037037037037036,1.0752849679181114e-06,SIPT398,Gampa Enterprises,12.7,36,70.0,Non-Exclusive,18.142857142857142,100.0,16.431924882629108,33.48772635814889,Tier 1,2000.0,2000.0,2000.0,0.0,82000.0
458,SIPT399,1.0,12.0,12.0,16.0,16.0,30.0,21,19.0,20.0,21.0,20.0,20.0,25,25,20,20,20,20,HHHHLL,NNAAAA,Moderate Achievement,24,Consistently Strong Performer,Maha Laxmi Traders,Karimnagar,Peddapalli,Non-Exclusive,1162156.0,101776.0,500.0,0.4302348393847298,17.0,6.666666666666667,0.002,1.8518525377231623e-06,0.4651100934406513,0.07111111111111111,1.0752849679181114e-06,SIPT399,Maha Laxmi Traders,75.7,20,70.0,Non-Exclusive,100.0,26.420079260237777,8.92018779342723,30.636128528103896,Tier 1,2000.0,2000.0,2000.0,0.0,48000.0
459,SIPT400,1.0,10.0,11.0,10.0,15.0,26.0,20,10.0,10.0,10.0,10.0,10.0,10,10,10,10,10,10,HLLLLL,AAAAAA,High Achievement,13,Target-Oriented Performer,Sai Sri Enterprises,Karimnagar,Karimnagar,Non-Exclusive,1162156.0,363106.0,2000.0,1.7209393575389191,11.166666666666666,3.3333333333333335,0.0005,1.851852537723163e-07,0.23254926450180405,0.04518518518518518,4.30204626427849e-06,SIPT400,Sai Sri Enterprises,86.9,12,0.0,Non-Exclusive,100.0,13.808975834292289,5.164319248826291,25.860386716154235,Tier 2,1833.0,1611.0,1611.0,0.0,20940.0
460,SIPT403,1.0,1.0,6.0,5.0,11.0,6.0,8,8.0,5.0,6.0,1.0,1.0,5,5,5,5,1,1,HHLLLL,AAAAAA,High Achievement,0,Target-Oriented Performer,Sri Rama Steel And Cement (M),Nalgonda,Munugode,Non-Exclusive,1618416.0,42960.0,70.0,0.04325216755148244,3.6666666666666665,0.3333333333333333,0.014285714285714285,1.5502651244368184e-05,0.023244518456841515,0.01185185185185185,1.0782828804269437e-07,SIPT403,Sri Rama Steel And Cement (M),33.7,4,70.0,Non-Exclusive,48.142857142857146,11.869436201780415,1.4084507042253522,12.847529091462725,Tier 5,1333.0,952.0,952.0,0.0,0.0
461,SIPT404,1.0,1.0,3.8333333333333335,1.0,1.0,1.0,1,6.0,7.0,7.0,10.0,10.0,5,5,5,5,10,10,LHHHHH,NAAAAA,High Achievement,13,Consistently Strong Performer,Sri Venkateswara Steel Mart,Hyderabad,Manikonda,Non-Exclusive,3943323.0,1.0,1000.0,0.2535932258148775,4.333333333333333,0.01607717041800643,0.303,0.00033629642085052623,0.0011101115867776018,0.014814814814814812,6.336809338600583e-07,SIPT404,Sri Venkateswara Steel Mart,55.1,7,1000.0,Non-Exclusive,5.510000000000001,12.704174228675136,2.8169014084507045,5.33297569080545,Tier 6,,,,,
462,SIPT405,1.0,1.0,10.0,10.0,10.0,21.0,1,10.0,10.0,1.0,1.0,20.0,25,25,20,20,1,10,LHLLLH,NNNNAA,Low Achievement,16,Consistently Weak Performer,Mahalaxmi Traders,Karimnagar,Jagitial,Non-Exclusive,1162156.0,1.0,500.0,0.4302348393847298,10.5,6.666666666666667,0.002,1.8518525377231623e-06,0.4651100934406513,0.042222222222222223,1.0752849679181114e-06,SIPT405,Mahalaxmi Traders,74.5,7,500.0,Non-Exclusive,14.899999999999999,9.395973154362416,2.8169014084507045,6.5493354759429065,Tier 6,,,,,
463,SIPT406,1.0,1.0,6.166666666666667,10.0,15.0,17.0,48,50.0,47.0,30.0,33.0,27.0,40,40,50,50,30,30,HHHLLL,AANNAN,Moderate Achievement,36,Fluctuating Performer,Sai Balaji Steel House,Rangareddy,Hayath Nagar,Non-Exclusive,2426243.0,121590.0,3000.0,1.2364796106573004,23.833333333333332,9.0,0.0003333333333333333,0.0,0.6279026736978444,0.10148148148148148,3.090896896708517e-06,SIPT406,Sai Balaji Steel House,10.0,39,1000.0,Non-Exclusive,1.0,100.0,17.84037558685446,30.904225352112675,Tier 1,2000.0,2000.0,2000.0,0.0,72000.0
464,SIPT409,1.0,1.0,3.5,5.166666666666667,8.0,1.0,21,10.0,1.0,1.0,15.0,10.0,15,15,15,15,10,10,HHLLHH,ANNNAA,Moderate Achievement,13,Emerging Performer,Shanmukha Steels,Hanamkonda,Gopalapuram,Non-Exclusive,405630.0,40577.0,100.0,0.24653008899736212,4.0,3.3333333333333335,0.01,1.074074471879434e-05,0.23254926450180405,0.013333333333333332,6.16023091810935e-07,SIPT409,Shanmukha Steels,60.7,9,100.0,Non-Exclusive,60.699999999999996,14.827018121911037,3.755868544600939,17.358924751142773,Tier 4,1500.0,1110.0,1110.0,0.0,14430.0
465,SIPT410,1.0,1.0,2.5,1.0,4.0,5.5,15,10.0,1.0,12.0,10.0,12.0,10,10,10,10,10,10,HHLHHH,AANAAA,High Achievement,14,Consistently Strong Performer,C.Bhaskar Cement Traders (M Nagar-2),Mahabubnagar,Mahabubnagar,Exclusive,905660.0,258955.0,1600.0,1.7666674027780844,5.083333333333333,4.0,0.000625,3.240741941015534e-07,0.2790614302895735,0.018148148148148146,4.416366377410942e-06,SIPT410,C.Bhaskar Cement Traders (M Nagar-2),17.6,10,0.0,Exclusive,100.0,56.81818181818181,4.225352112676056,33.898847631242,Tier 1,2000.0,2000.0,2000.0,0.0,28000.0
466,SIPT411,1.0,1.0,1.0,2.5,1.0,1.0,1,6.0,5.0,1.0,1.0,1.0,10,10,10,10,10,10,LHHLLL,NNNNNN,No Achievement,0,Consistently Weak Performer,Krishna Iron And Cement,Jangaon,Ghanpur,Non-Exclusive,534991.0,54176.0,250.0,0.4672975807069652,2.5,0.3333333333333333,0.004,4.074075582990957e-06,0.023244518456841515,0.006666666666666667,1.1679418212516944e-06,SIPT411,Krishna Iron And Cement,51.7,2,250.0,Non-Exclusive,20.68,3.8684719535783363,0.4694835680751174,5.191384531560738,Tier 6,,,,,
467,SIPT412,1.0,1.0,1.0,2.6666666666666665,3.3333333333333335,4.0,1,6.0,5.0,6.0,1.0,1.0,5,5,5,5,10,10,LHHHLL,NAAANN,Moderate Achievement,0,Momentum Gainer,Nagendra Traders,Yadadri Bhuvanagiri,Ramanapet,Non-Exclusive,770833.0,51534.0,50.0,0.06486489291454828,3.0,0.3333333333333333,0.02,2.1851859945133313e-05,0.023244518456841515,0.008888888888888887,1.6186010146668365e-07,SIPT412,Nagendra Traders,49.7,3,50.0,Non-Exclusive,99.4,6.036217303822937,0.9389671361502347,21.65062374245473,Tier 3,1667.0,1323.0,1323.0,0.0,0.0
468,SIPT413,1.0,1.0,1.0,2.3333333333333335,1.0,3.0,1,3.5,4.333333333333333,1.0,1.0,3.3333333333333335,5,10,10,5,10,10,LHHLLH,NNNNNN,No Achievement,0,Fluctuating Performer,Sri Ganesh Traders,Mahabubnagar,Gopalpet,Non-Exclusive,905660.0,1.0,30.0,0.033125013802089084,2.694444444444444,1.6666666666666667,0.03333333333333333,3.6666680246918606e-05,0.11626885003238042,0.007530864197530862,8.251040366156167e-08,SIPT413,Sri Ganesh Traders,31.0,3,30.0,Non-Exclusive,100.0,9.67741935483871,0.9389671361502347,22.498864152657884,Tier 3,1667.0,1323.0,1323.0,0.0,0.0
469,SIPT414,1.0,1.0,1.0,1.8333333333333333,2.8333333333333335,1.0,8,11.0,1.0,7.0,10.0,10.0,10,10,10,10,10,10,HHLHHH,NANNAA,Moderate Achievement,12,Emerging Performer,Sai Sarath Paints And General Stores,Khammam,Kakaravai,Non-Exclusive,1401639.0,61502.0,10.0,0.00713450467631109,4.166666666666667,3.3333333333333335,0.1,0.00011074078175584509,0.23254926450180405,0.014074074074074076,1.753413082748534e-08,SIPT414,Sai Sarath Paints And General Stores,60.0,8,10.0,Non-Exclusive,100.0,13.333333333333334,3.286384976525822,24.63849765258216,Tier 2,1833.0,1611.0,1611.0,0.0,19330.0
470,SIPT415,1.0,1.0,1.0,2.3333333333333335,1.0,1.0,18,24.0,1.0,12.0,10.0,11.0,5,10,10,5,10,10,HHLHHH,AANAAA,High Achievement,14,Consistently Strong Performer,Sai Venkteswara Iron & Rolling Shutters,Jogulamba Gadwal,Yerravalli,Non-Exclusive,574969.0,1.0,50.0,0.08696121008263054,6.5,3.6666666666666665,0.02,2.1851859945133313e-05,0.2558053473956887,0.024444444444444442,2.1710089440357927e-07,SIPT415,Sai Venkteswara Iron & Rolling Shutters,102.3,12,50.0,Non-Exclusive,100.0,11.730205278592376,5.164319248826291,25.444632605014252,Tier 2,1833.0,1611.0,1611.0,0.0,22550.0
471,SIPT417,1.0,1.0,1.0,1.1666666666666667,3.1666666666666665,1.0,32,29.0,26.0,32.0,34.0,19.0,5,10,20,20,15,15,HHHHHL,AAAAAA,High Achievement,36,Consistently Strong Performer,Arun Trading Co.,Hyderabad,Bowenpally,Non-Exclusive,3943323.0,1.0,150.0,0.03803898387223161,12.833333333333334,6.333333333333333,0.006666666666666667,7.037039643348016e-06,0.44185401054676654,0.052592592592592594,9.479532884062964e-08,SIPT417,Arun Trading Co.,80.2,29,150.0,Non-Exclusive,53.466666666666676,36.15960099750623,13.145539906103288,25.812577476496553,Tier 2,1833.0,1611.0,1611.0,0.0,58000.0
472,SIPT418,1.0,1.0,1.0,1.6666666666666667,3.3333333333333335,1.0,1,1.0,3.6666666666666665,7.0,1.0,1.0,10,10,1,20,10,10,LLHHLL,NNANNN,Low Achievement,0,Consistently Weak Performer,Vinayaka Steel House,Rangareddy,Hayath Nagar,Non-Exclusive,2426243.0,121590.0,1000.0,0.41215987021910006,1.4444444444444444,0.0196078431372549,0.025,2.7407417558302798e-05,0.0013564404390676613,0.0019753086419753083,1.0300975449903845e-06,SIPT418,Vinayaka Steel House,93.0,4,1000.0,Non-Exclusive,9.3,4.301075268817205,1.4084507042253522,3.565285476298653,Tier 6,,,,,
473,SIPT420,1.0,1.0,1.0,1.1666666666666667,1.0,2.0,1,1.0,6.0,6.0,5.0,6.0,5,10,10,10,10,10,LLHHHH,NNNNNN,No Achievement,0,Emerging Performer,Sri Mahalakshmi Enterprises,Warangal,Sangem,Non-Exclusive,737148.0,46076.0,80.0,0.10852637462219256,2.8333333333333335,2.0,0.0125,1.3518523525379083e-05,0.13952493292626514,0.008148148148148147,2.7101380576877306e-07,SIPT420,Sri Mahalakshmi Enterprises,50.0,4,80.0,Non-Exclusive,62.5,8.0,1.4084507042253522,14.945070422535212,Tier 4,1500.0,1110.0,1110.0,0.0,0.0
474,SIPT421,1.0,1.0,1.0,1.0,1.0,1.5,1,1.0,1.0,1.0,15.0,16.0,1,10,10,10,10,10,LLLLHH,ANNNAA,Moderate Achievement,18,Declining Performer,Balaji Iron And Hardware Ingineering Works,Jogulamba Gadwal,Ieeja,Non-Exclusive,574969.0,85303.0,200.0,0.34784484033052215,3.5833333333333335,5.333333333333333,0.005,5.185187105624854e-06,0.37208576186511233,0.011481481481481481,8.69309970220361e-07,SIPT421,Balaji Iron And Hardware Ingineering Works,7.8,5,200.0,Non-Exclusive,3.9,64.1025641025641,1.8779342723004695,14.727273383893102,Tier 4,1500.0,1110.0,1110.0,0.0,19980.0
475,SIPT422,1.0,1.0,1.0,1.0,1.6666666666666667,1.0,1,4.0,1.0,5.75,3.0,6.0,5,5,5,5,1,10,LHLHHH,NNNAAN,Low Achievement,0,Emerging Performer,MGS Steel Traders,Medchal - Malkajgiri,Athvelley,Non-Exclusive,2460095.0,1.0,500.0,0.2032441836595741,2.3333333333333335,2.0,0.002,1.8518525377231623e-06,0.13952493292626514,0.005925925925925927,5.0780832843377e-07,SIPT422,MGS Steel Traders,510.3,5,500.0,Non-Exclusive,100.0,0.9798157946306094,1.8779342723004695,21.322723722306403,Tier 3,1667.0,1323.0,1323.0,0.0,0.0
476,SIPT423,1.0,1.0,1.0,1.0,1.0,2.5,24,14.0,19.0,1.0,1.0,1.0,5,15,15,15,10,10,HHHLLL,ANANNN,Low Achievement,22,Declining Performer,Sri Mallikarjuna Iron Hardwares And Cement,Jangaon,Kodakandla,Non-Exclusive,534991.0,32112.0,100.0,0.18691903228278606,6.416666666666667,0.3333333333333333,0.01,1.074074471879434e-05,0.023244518456841515,0.024074074074074074,4.669954499794689e-07,SIPT423,Sri Mallikarjuna Iron Hardwares And Cement,50.0,9,100.0,Non-Exclusive,50.0,18.0,3.755868544600939,15.853521126760564,Tier 4,1500.0,1110.0,1110.0,0.0,24420.0
477,SIPT424,1.0,1.0,1.0,1.0,1.0,2.5,10,1.0,10.0,9.0,1.0,1.0,10,10,10,15,10,10,HLHHLL,ANANNN,Low Achievement,12,Fluctuating Performer,Thiramdasu Traders,Yadadri Bhuvanagiri,Choutuppal,Non-Exclusive,770833.0,73336.0,400.0,0.5189191433163862,2.75,0.005681818181818182,0.21,0.00023296304924557378,0.00038484606682983035,0.007777777777777778,1.296995727814238e-06,SIPT424,Thiramdasu Traders,152.1,5,400.0,Non-Exclusive,38.025,3.2873109796186717,1.8779342723004695,9.389222759304017,Tier 6,,,,,
478,SIPT425,1.0,1.0,1.0,1.0,1.0,2.5,10,1.0,11.0,11.0,10.0,10.0,10,10,10,10,10,10,HLHHHH,ANAAAA,High Achievement,13,Consistently Strong Performer,"Mahendra Steel And Cement, Koratla",Jagitial,Korutla,Non-Exclusive,988913.0,108297.0,250.0,0.2528028249198868,4.416666666666667,3.3333333333333335,0.004,4.074075582990957e-06,0.23254926450180405,0.015185185185185187,6.317049316219847e-07,SIPT425,"Mahendra Steel And Cement, Koratla",74.5,10,250.0,Non-Exclusive,29.799999999999997,13.422818791946309,4.225352112676056,11.179775025994896,Tier 5,1333.0,952.0,952.0,0.0,12380.0
479,SIPT427,1.0,1.0,1.0,1.0,1.0,1.8333333333333333,1,1.0,10.0,10.0,1.0,11.0,10,10,10,10,10,10,LLHHLH,NNAANA,Moderate Achievement,12,Fluctuating Performer,Mahalaxmi Steel Enterprises,Rangareddy,Shamshabad,Non-Exclusive,2426243.0,1.0,380.0,0.156620750683258,4.305555555555556,3.6666666666666665,0.002631578947368421,2.553607183597202e-06,0.2558053473956887,0.014691358024691362,3.912497459577637e-07,SIPT427,Mahalaxmi Steel Enterprises,74.5,5,380.0,Non-Exclusive,19.605263157894736,6.7114093959731544,1.8779342723004695,6.3900950741538605,Tier 6,,,,,
