Dealer_Code,Dealer_Name,dealer_district,dealer_taluka,dealer_type,population,taluka_population,CS,Region,dealer_status,market_potential,Apr_2223_sales,May_2223_sales,Jun_2223_sales,Jul_2223_sales,Aug_2223_sales,Sep_2223_sales,Oct_2223_sales,Nov_2223_sales,Dec_2223_sales,Jan_2223_sales,Feb_2223_sales,Mar_2223_sales,Apr_2324_sales,May_2324_sales,Jun_2324_sales,Jul_2324_sales,Aug_2324_sales,Sep_2324_sales,Oct_2324_sales,Nov_2324_sales,Dec_2324_sales,Jan_2324_sales,Feb_2324_sales,Mar_2324_sales,Apr_2425_sales,May_2425_sales,Jun_2425_sales,Jul_2425_sales,Aug_2425_sales,Sep_2425_sales,Oct_2425_sales,Nov_2425_sales,Dec_2425_sales,Jan_2425_sales,Feb_2425_sales,Mar_2425_sales,Apr_2223_Target,May_2223_Target,Jun_2223_Target,Jul_2223_Target,Aug_2223_Target,Sep_2223_Target,Oct_2223_Target,Nov_2223_Target,Dec_2223_Target,Jan_2223_Target,Feb_2223_Target,Mar_2223_Target,Apr_2324_Target,May_2324_Target,Jun_2324_Target,Jul_2324_Target,Aug_2324_Target,Sep_2324_Target,Oct_2324_Target,Nov_2324_Target,Dec_2324_Target,Jan_2324_Target,Feb_2324_Target,Mar_2324_Target,Apr_2425_Target,May_2425_Target,Jun_2425_Target,Jul_2425_Target,Aug_2425_Target,Sep_2425_Target,Oct_2425_Target,Nov_2425_Target,Dec_2425_Target,Jan_2425_Target,Feb_2425_Target,Mar_2425_Target,Apr_2223_counter,May_2223_counter,Jun_2223_counter,Jul_2223_counter,Aug_2223_counter,Sep_2223_counter,Oct_2223_counter,Nov_2223_counter,Dec_2223_counter,Jan_2223_counter,Feb_2223_counter,Mar_2223_counter,Apr_2324_counter,May_2324_counter,Jun_2324_counter,Jul_2324_counter,Aug_2324_counter,Sep_2324_counter,Oct_2324_counter,Nov_2324_counter,Dec_2324_counter,Jan_2324_counter,Feb_2324_counter,Mar_2324_counter
SIPA001,,Anantapur,Anantapur,Non-Exclusive,6321948.0,127019.0,945.0,,,,278.0,265.0,147.0,192.0,257.0,258.0,0.0,256.0,0.0,315.0,301.0,323.0,0.0,56.0,30.0,0.0,0.0,0.0,0.0,0.0,0.0,0.0,0.0,0.0,,,,,,,,,,,,,250.0,250.0,250.0,250.0,250.0,250.0,250.0,264.0,264.0,264.0,264.0,280.0,270.0,330.0,270.0,0.0,0.0,0.0,0.0,0.0,0.0,0.0,0.0,0.0,,,,,,,,,,,,,92.1456604,53.76922989,46.01446152,28.34822083,23.50383949,1.0,32.85155869,44.86389923,36.94231033,24.7903595,36.34738922,59.45743942,1136.0,1037.0,981.0,900.0,900.0,900.0,900.0,900.0,900.0,900.0,900.0,900.0
SIPA006,Sri Vigneswara Traders,Anantapur,Hindupur,Non-Exclusive,6321948.0,51861.0,141.75,AP,Active,682.5,93.0,91.0,101.0,102.0,82.0,101.0,30.0,75.0,21.0,64.0,62.0,82.0,50.0,90.0,100.0,101.0,93.0,62.0,81.0,68.0,20.0,0.0,0.0,0.0,31.200000000000003,0.0,0.0,29.94,0.0,0.0,49.78999999999999,54.89,51.620000000000005,52.540000000000006,50.93999999999999,102.18,90.0,90.0,100.0,100.0,80.0,100.0,100.0,103.0,103.0,103.0,103.0,140.0,100.0,90.0,100.0,110.0,110.0,110.0,110.0,110.0,150.0,120.0,100.0,0.0,0.0,90.0,90.0,90.0,65.0,65.0,50.0,50.0,50.0,50.0,50.0,55.0,0.0,0.0,0.0,0.0,0.0,0.0,0.0,0.0,0.0,15.0,42.90570068,52.62294006,79.0,128.0,146.0,69.0,150.0,66.0,106.0,59.0,248.0,91.0,84.0,135.0
SIPA008,K.K.Traders,Anantapur,Kadiri,Non-Exclusive,6321948.0,35944.0,45.15,AP,Active,231.0,24.0,33.0,35.0,24.0,25.0,26.0,25.0,37.0,25.0,24.0,25.0,25.0,25.0,48.0,36.0,36.0,50.0,35.0,36.0,35.0,37.0,21.0,46.0,24.0,24.83,25.43,25.23,25.55,45.89,40.46,25.66,40.7,32.69,44.82,10.02,25.12,35.0,25.0,30.0,25.0,25.0,25.0,25.0,34.0,34.0,34.0,34.0,35.0,30.0,36.0,35.0,35.0,35.0,35.0,35.0,35.0,50.0,40.0,40.0,25.0,30.0,30.0,30.0,30.0,40.0,40.0,50.0,50.0,50.0,30.0,35.0,35.0,0.0,0.0,11.13138962,4.172790051,15.2714901,1.0,8.537699699,17.48263931,19.36314964,19.36564064,0.0,46.2282486,62.0,54.0,101.0,77.0,76.0,76.0,79.0,71.0,82.0,56.0,48.0,43.0
SIPA010,Sri Jayanthi Iron Mart,Anantapur,Rayadurg,Non-Exclusive,6321948.0,40942.0,55.650000000000006,AP,Active,189.0,21.0,20.0,20.0,20.0,20.0,20.0,21.0,25.0,0.0,45.0,21.0,26.0,25.0,41.0,55.0,30.0,21.0,19.0,25.0,30.0,30.0,0.0,15.0,0.0,30.01,0.0,19.48,9.73,0.0,27.17,15.590000000000002,9.04,20.300000000000004,0.0,9.82,10.36,20.0,20.0,20.0,20.0,20.0,20.0,20.0,26.0,26.0,26.0,26.0,25.0,25.0,30.0,30.0,30.0,30.0,30.0,30.0,30.0,30.0,30.0,30.0,25.0,25.0,25.0,30.0,30.0,25.0,25.0,20.0,20.0,24.0,15.0,20.0,20.0,45.94971848,53.3675499,50.60654831,38.20441818,48.43635178,1.0,43.41374969,47.69776917,40.83916855,50.76411819,46.8871994,51.92737961,71.0,72.0,73.0,65.0,61.0,59.0,64.0,46.0,68.0,44.0,46.0,53.0
SIPA013,Srinivasa Iron Company,Anantapur,Tadipatri,Non-Exclusive,6321948.0,,178.5,AP,Active,315.0,57.0,62.0,40.0,61.0,42.0,38.0,62.0,45.0,47.0,70.0,66.0,63.0,22.0,78.0,73.0,76.0,76.0,50.0,50.0,60.0,26.0,30.0,31.0,30.0,52.63,22.07,25.08,20.15,44.35,56.41,0.0,30.66,19.12,19.8,32.44,31.560000000000002,60.0,60.0,60.0,60.0,60.0,60.0,60.0,80.0,80.0,80.0,80.0,75.0,70.0,75.0,75.0,75.0,75.0,75.0,75.0,60.0,90.0,60.0,60.0,45.0,50.0,50.0,50.0,50.0,50.0,50.0,50.0,50.0,50.0,30.0,25.0,25.0,107.4395218,67.55206299,46.95449066,70.6776123,67.87502289,1.0,72.10272217,57.07682037,64.12615967,75.80449677,77.13349915,267.3259583,233.0,228.0,223.0,233.0,208.0,192.0,202.0,209.0,174.0,199.0,180.0,170.0
SIPA015,Venkateshwara Hardware,Chittoor,Chittoor,Exclusive,6588204.0,59060.0,1.05,AP,Active,735.0,81.0,92.0,61.0,64.0,33.0,60.0,51.0,51.0,60.0,45.0,45.0,50.0,21.0,62.0,25.0,31.0,92.0,50.0,54.0,44.0,20.0,11.0,0.0,0.0,0.0,0.0,25.48,19.06,39.34,64.65,49.93,52.37,51.7,10.14,45.440000000000005,59.190000000000005,90.0,90.0,75.0,65.0,60.0,60.0,50.0,76.0,76.0,76.0,76.0,50.0,55.0,60.0,50.0,50.0,50.0,40.0,40.0,40.0,60.0,50.0,40.0,0.0,0.0,0.0,15.0,25.0,40.0,40.0,50.0,50.0,50.0,35.0,35.0,40.0,138.6428375,93.96073151,114.4686432,106.4691925,65.1886673,1.0,80.36118317,102.4101791,74.64251709,69.96652985,84.91519165,43.80667114,27.0,49.0,20.0,31.0,104.0,52.0,40.0,41.0,70.0,32.0,8.0,1.0
SIPA017,Hari Hara Steels & Cements,Chittoor,Madanapally,Non-Exclusive,6588204.0,97284.0,71.4,AP,Active,682.5,41.0,43.0,41.0,19.0,41.0,41.0,41.0,41.0,0.0,30.0,9.0,41.0,0.0,46.0,39.0,26.0,26.0,26.0,5.0,40.0,21.0,0.0,30.0,34.0,24.980000000000004,29.37,15.259999999999998,11.85,29.98,30.22,0.0,19.960000000000004,20.36,17.840000000000007,16.179999999999993,34.51,40.0,40.0,40.0,40.0,40.0,40.0,40.0,47.0,47.0,47.0,47.0,63.0,45.0,48.0,40.0,40.0,40.0,40.0,40.0,40.0,40.0,40.0,30.0,25.0,30.0,30.0,30.0,30.0,30.0,30.0,35.0,35.0,30.0,30.0,33.0,33.0,58.34449005,20.87870026,39.90433884,57.01103973,15.48468971,1.0,20.50519943,45.98210144,15.00564003,35.51305008,19.20759964,40.11820984,46.0,64.0,89.0,70.0,81.0,52.0,44.0,84.0,54.0,43.0,64.0,68.0
SIPA018,Hari Hara Enterprises,Chittoor,Madanapally,Exclusive,6588204.0,97284.0,38.85,AP,Active,682.5,45.0,40.0,38.0,40.0,47.0,40.0,40.0,0.0,0.0,41.0,41.0,41.0,43.0,40.0,10.0,49.0,49.0,0.0,48.0,5.0,50.0,21.0,15.0,33.0,36.03,14.99,32.67,30.36,15.470000000000002,31.55,29.86,0.0,14.06,29.74,29.96,30.19,40.0,40.0,40.0,40.0,40.0,40.0,40.0,52.0,52.0,52.0,52.0,61.0,45.0,48.0,45.0,50.0,50.0,50.0,50.0,50.0,50.0,40.0,40.0,25.0,30.0,35.0,30.0,30.0,30.0,30.0,35.0,35.0,30.0,30.0,30.0,30.0,62.66505814,67.49468994,56.69675064,55.07389069,67.07524872,1.0,66.27889252,69.7276001,41.37496185,44.98973083,39.5409584,60.6006813,45.0,52.0,20.0,53.0,50.0,18.0,54.0,27.0,16.0,27.0,24.0,37.0
SIPA019,IKS Agencies,Chittoor,Nagari,Exclusive,6588204.0,33899.0,12.6,AP,Active,210.0,75.0,76.0,62.0,60.0,61.0,60.0,87.0,50.0,60.0,21.0,46.0,61.0,50.0,50.0,20.0,61.0,61.0,19.0,20.0,56.0,21.0,16.0,20.0,31.0,61.31,20.189999999999998,20.51,45.5,41.09,25.17,90.67,17.85,20.08,32.04,40.18,109.83999999999999,65.0,60.0,60.0,60.0,60.0,60.0,60.0,86.0,86.0,86.0,86.0,70.0,60.0,70.0,50.0,50.0,50.0,50.0,50.0,50.0,60.0,40.0,40.0,25.0,30.0,40.0,45.0,50.0,50.0,50.0,50.0,50.0,50.0,40.0,40.0,40.0,0.0,0.0,0.0,0.282840014,4.63740015,1.0,8.410499573,1.164299965,5.804999828,34.87200165,20.60814095,71.01429749,96.0,9.0,48.0,38.0,71.0,40.0,28.0,12.0,60.0,19.0,15.0,12.0
SIPA020,Bismilla Traders,Chittoor,Palamner,Exclusive,6588204.0,30307.0,16.8,AP,Active,210.0,45.0,26.0,27.0,44.0,50.0,46.0,50.0,56.0,29.0,58.0,45.0,43.0,41.0,41.0,39.0,26.0,0.0,41.0,20.0,33.0,0.0,25.0,20.0,40.0,40.43000000000001,39.52,14.970000000000002,20.18,30.78,30.0,40.47,30.76,30.26,30.04,29.92,30.209999999999997,20.0,25.0,25.0,25.0,25.0,30.0,30.0,51.0,51.0,51.0,51.0,50.0,40.0,48.0,40.0,40.0,40.0,40.0,40.0,40.0,40.0,40.0,30.0,30.0,30.0,30.0,30.0,30.0,30.0,30.0,35.0,20.0,30.0,30.0,30.0,30.0,89.12011719,32.56373978,43.46977997,27.91428947,78.16811371,1.0,44.46183014,66.80454254,8.470789909,85.99318695,35.50498962,37.77537918,41.0,19.0,41.0,24.0,15.0,43.0,24.0,6.0,16.0,12.0,32.0,16.0
SIPA021,Sri Vasavi Hardware,Chittoor,Piler,Non-Exclusive,6588204.0,73016.0,53.55,AP,Active,157.5,27.0,0.0,32.0,31.0,0.0,29.0,30.0,0.0,43.0,0.0,0.0,35.0,0.0,33.0,30.0,30.0,0.0,31.0,0.0,0.0,19.0,0.0,30.0,21.0,0.0,0.0,0.0,0.0,29.39,20.17,26.77,0.0,24.86,0.0,0.0,0.0,25.0,25.0,30.0,30.0,30.0,30.0,30.0,28.0,28.0,28.0,28.0,30.0,30.0,40.0,30.0,30.0,30.0,30.0,30.0,30.0,40.0,30.0,30.0,15.0,20.0,20.0,25.0,25.0,18.0,18.0,20.0,20.0,24.0,12.0,12.0,12.0,55.96622086,32.65198898,33.49813843,33.56771851,36.84159851,1.0,30.63570023,35.1103096,16.18227959,36.19712067,21.18457031,62.06264877,63.0,42.0,74.0,67.0,57.0,69.0,44.0,41.0,50.0,43.0,44.0,51.0
SIPA023,Sri S.R.Agencies,Chittoor,Punganur,Non-Exclusive,6588204.0,54956.0,52.5,AP,Active,262.5,45.0,42.0,42.0,50.0,42.0,43.0,45.0,40.0,41.0,40.0,21.0,45.0,24.0,25.0,30.0,20.0,20.0,20.0,39.0,40.0,20.0,21.0,32.0,34.0,20.1,24.87,24.35,32.42,20.11,41.95,35.5,24.9,19.96,9.9,33.68000000000001,30.299999999999997,32.0,40.0,40.0,40.0,40.0,40.0,40.0,55.0,55.0,55.0,55.0,45.0,50.0,55.0,50.0,50.0,40.0,40.0,40.0,40.0,50.0,40.0,40.0,25.0,30.0,30.0,30.0,30.0,30.0,30.0,35.0,35.0,30.0,30.0,30.0,30.0,64.74597168,124.5335083,120.9968567,158.9997253,132.313385,1.0,122.6221924,138.2438354,110.6484299,137.5057068,128.8164063,66.65193176,56.0,78.0,73.0,50.0,70.0,75.0,55.0,60.0,90.0,51.0,64.0,50.0
SIPA024,Hari Priya Traders,Chittoor,Puttur,Exclusive,6588204.0,25074.0,6.300000000000001,AP,Active,157.5,29.0,34.0,31.0,32.0,31.0,31.0,32.0,32.0,30.0,30.0,30.0,40.0,0.0,19.0,30.0,30.0,31.0,0.0,30.0,21.0,30.0,0.0,15.0,0.0,38.46,0.0,9.63,0.0,25.43,25.43,0.0,21.06,11.639999999999995,13.93,20.08,14.700000000000006,30.0,30.0,25.0,30.0,30.0,30.0,30.0,39.0,39.0,39.0,39.0,40.0,35.0,40.0,30.0,30.0,30.0,30.0,30.0,30.0,40.0,35.0,30.0,25.0,25.0,25.0,30.0,30.0,25.0,25.0,20.0,20.0,25.0,15.0,15.0,15.0,57.2061882,16.10495949,20.52762032,25.78218079,8.537320137,1.0,26.43864059,23.36618042,1.37985003,17.43795013,11.07380962,34.06744003,56.0,19.0,10.0,14.0,67.0,4.0,20.0,11.0,9.0,7.0,11.0,6.0
SIPA025,Mahesh Traders,Chittoor,Srikalahasti,Exclusive,6588204.0,57581.0,47.25,AP,Active,315.0,60.0,61.0,55.0,50.0,72.0,61.0,61.0,52.0,57.0,50.0,66.0,66.0,66.0,79.0,70.0,83.0,44.0,52.0,50.0,65.0,60.0,20.0,49.0,55.0,74.72999999999999,25.04,25.47,40.61,62.8,59.95,44.78,36.33,11.72,29.879999999999995,39.96,45.36,60.0,60.0,50.0,60.0,60.0,60.0,60.0,72.0,72.0,72.0,72.0,65.0,65.0,78.0,70.0,60.0,50.0,60.0,60.0,60.0,70.0,60.0,50.0,45.0,50.0,50.0,60.0,60.0,60.0,60.0,50.0,35.0,50.0,40.0,40.0,45.0,87.61048889,68.82498169,83.358078,53.95172882,35.54584122,1.0,59.29629135,75.08831787,40.02286148,66.79933167,116.5751266,50.19382095,90.0,73.0,70.0,66.0,78.0,49.0,51.0,32.0,70.0,16.0,43.0,45.0
SIPA026,Shree Lakshmi Venkateswara Steels,Chittoor,Tirupathi,Non-Exclusive,6588204.0,237195.0,292.95,AP,Active,2310.0,211.0,209.0,203.0,222.0,230.0,242.0,209.0,206.0,239.0,218.0,214.0,263.0,132.0,243.0,151.0,210.0,194.0,209.0,258.0,215.0,121.0,91.0,121.0,229.0,172.85,52.03,136.86,107.33000000000004,132.14,192.06,220.94,157.91,0.0,54.73,132.45,190.58000000000004,170.0,170.0,170.0,190.0,190.0,190.0,190.0,251.0,251.0,251.0,251.0,250.0,230.0,288.0,250.0,250.0,250.0,250.0,250.0,225.0,250.0,150.0,150.0,150.0,170.0,200.0,150.0,130.0,210.0,210.0,200.0,110.0,150.0,30.0,40.0,45.0,601.3029175,269.5686646,295.4604797,342.8965149,264.180542,1.0,165.990387,267.7977905,177.1272125,350.3599854,266.2104187,463.7407227,484.0,439.0,409.0,354.0,511.0,389.0,464.0,302.0,312.0,340.0,457.0,279.0
SIPA028,Shree Venkateswara Steels,Chittoor,Tirupathi,Non-Exclusive,6588204.0,237195.0,40.95,AP,Active,2310.0,30.0,38.0,31.0,56.0,32.0,31.0,30.0,37.0,0.0,31.0,31.0,30.0,35.0,30.0,31.0,32.0,31.0,30.0,31.0,5.0,0.0,0.0,0.0,0.0,32.349999999999994,0.0,0.0,0.0,14.580000000000002,0.0,23.4,0.0,16.85,24.04,0.0,15.46,30.0,30.0,30.0,30.0,30.0,30.0,30.0,44.0,44.0,44.0,44.0,30.0,30.0,30.0,30.0,30.0,30.0,30.0,30.0,30.0,30.0,30.0,30.0,30.0,30.0,30.0,20.0,20.0,25.0,25.0,20.0,20.0,25.0,12.0,15.0,15.0,64.47769928,34.76651001,46.5866394,51.75173187,40.63790131,1.0,38.05488968,47.32162094,10.72239971,26.33581924,38.31544113,57.899189,74.0,58.0,78.0,66.0,54.0,48.0,69.0,41.0,47.0,44.0,54.0,39.0
SIPA030,Sri Satyanaryana Iron & Hardware Mart,Cuddapah,Badvel,Exclusive,4111686.0,21317.0,159.6,AP,Active,472.5,61.0,58.0,70.0,79.0,89.0,63.0,87.0,61.0,86.0,85.0,60.0,84.0,13.0,75.0,105.0,76.0,82.0,81.0,57.0,84.0,86.0,40.0,77.0,101.0,86.5,25.000000000000004,28.57,47.89,80.62,79.16,59.74,52.57,62.62,60.09,64.49000000000001,84.85,60.0,60.0,60.0,60.0,60.0,60.0,60.0,91.0,91.0,91.0,91.0,75.0,60.0,70.0,60.0,75.0,75.0,75.0,75.0,75.0,100.0,75.0,75.0,75.0,75.0,75.0,80.0,80.0,80.0,80.0,50.0,50.0,75.0,60.0,60.0,60.0,139.8598938,13.19456005,64.35476685,60.08602142,144.0608826,1.0,75.84883881,65.41670227,52.8022995,133.1500244,69.0932312,71.40363312,80.0,18.0,112.0,77.0,19.0,77.0,31.0,38.0,9.0,20.0,39.0,152.0
SIPA031,Vadlaputi Iron & Steel Traders,Cuddapah,Cuddapah,Non-Exclusive,4111686.0,,282.45,AP,Active,1575.0,182.0,219.0,203.0,206.0,222.0,201.0,183.0,167.0,171.0,182.0,182.0,203.0,183.0,205.0,209.0,226.0,175.0,156.0,162.0,181.0,136.0,51.0,146.0,149.0,174.84000000000003,100.3,145.04000000000002,85.89,137.19,136.09,108.13,111.63999999999996,50.68999999999999,79.37,100.2,75.32,180.0,180.0,180.0,180.0,180.0,180.0,180.0,233.0,233.0,233.0,233.0,220.0,200.0,240.0,220.0,220.0,220.0,200.0,200.0,200.0,220.0,200.0,180.0,130.0,170.0,170.0,190.0,175.0,200.0,200.0,200.0,110.0,150.0,130.0,130.0,130.0,364.1472778,253.2169189,216.8721466,272.2704468,262.2129517,1.0,177.1802673,185.5835571,179.5627441,167.0986938,220.3552094,326.5331116,287.0,413.0,360.0,360.0,322.0,258.0,312.0,318.0,306.0,299.0,255.0,269.0
SIPA032,Bharathi Steels Cement & Paints,Cuddapah,Cuddapah,Exclusive,4111686.0,,190.05,AP,Active,1575.0,107.0,119.0,113.0,130.0,117.0,136.0,127.0,102.0,110.0,128.0,103.0,148.0,101.0,102.0,107.0,158.0,110.0,116.0,112.0,117.0,116.0,55.0,100.0,104.0,118.14,89.97,30.67,26.52,96.34,121.02,114.89,118.9,91.2,110.23,118.32,80.35999999999999,90.0,90.0,90.0,100.0,50.0,100.0,100.0,140.0,140.0,140.0,140.0,130.0,110.0,120.0,110.0,120.0,110.0,110.0,110.0,110.0,180.0,150.0,150.0,130.0,130.0,130.0,150.0,150.0,130.0,130.0,110.0,110.0,120.0,120.0,120.0,75.0,176.704422,113.2683182,126.4282074,140.9512482,110.0800171,1.0,227.9951935,143.962204,94.48001099,113.8716431,81.47676086,185.0063477,179.0,128.0,113.0,150.0,88.0,119.0,63.0,103.0,53.0,46.0,76.0,181.0
SIPA035,Pattupogula Steels,Cuddapah,Mydukur,Exclusive,4111686.0,105862.0,29.4,AP,Active,168.0,37.0,35.0,20.0,20.0,47.0,39.0,35.0,0.0,33.0,32.0,34.0,12.0,36.0,42.0,26.0,33.0,40.0,34.0,35.0,0.0,36.0,0.0,25.0,31.0,38.81,11.32,24.89,12.77,24.57,11.22,23.62,36.98,26.14,16.020000000000003,20.0,20.14,35.0,35.0,30.0,35.0,35.0,40.0,35.0,49.0,49.0,49.0,49.0,64.0,35.0,42.0,35.0,35.0,35.0,35.0,35.0,30.0,30.0,30.0,30.0,30.0,30.0,35.0,35.0,35.0,30.0,30.0,35.0,35.0,30.0,20.0,20.0,20.0,58.70941925,23.94634056,50.12445831,32.77621841,59.97462845,1.0,45.12874985,23.39912987,11.57104015,60.03675842,48.79399109,15.99046993,34.0,2.0,61.0,30.0,37.0,30.0,7.0,3.0,44.0,21.0,21.0,28.0
SIPA036,S.R.Steels & Paints,Cuddapah,Porumamila,Exclusive,4111686.0,,1.05,AP,Active,157.5,36.0,35.0,22.0,34.0,39.0,23.0,45.0,20.0,22.0,41.0,33.0,21.0,0.0,45.0,0.0,42.0,0.0,21.0,0.0,44.0,0.0,0.0,21.0,0.0,28.7,21.86,19.83,0.0,0.0,0.0,0.0,12.23,11.64,11.82,0.0,12.93,40.0,35.0,35.0,35.0,35.0,40.0,40.0,57.0,57.0,57.0,57.0,40.0,40.0,48.0,42.0,42.0,42.0,42.0,42.0,42.0,40.0,40.0,30.0,15.0,25.0,20.0,20.0,20.0,20.0,20.0,20.0,20.0,24.0,12.0,12.0,12.0,78.34426117,1.451400042,56.10319138,44.6375618,15.98915958,1.0,45.58917999,32.25986862,21.49683952,57.55480957,55.21755981,21.36613083,22.0,3.0,33.0,14.0,2.0,1.0,6.0,3.0,3.0,3.0,10.0,1.0
SIPA037,Sri Kanaka Durga Steels,Cuddapah,Proddatur,Non-Exclusive,4111686.0,96162.0,311.85,AP,Active,735.0,110.0,131.0,125.0,134.0,111.0,129.0,102.0,83.0,112.0,102.0,102.0,152.0,112.0,116.0,135.0,122.0,182.0,145.0,152.0,152.0,92.0,62.0,107.0,110.0,114.75,91.73999999999997,89.49000000000001,70.55,100.78000000000002,31.160000000000004,116.91,95.5,71.364,50.15,101.28999999999999,108.19999999999999,100.0,100.0,100.0,100.0,100.0,100.0,100.0,145.0,145.0,145.0,145.0,120.0,120.0,120.0,120.0,120.0,120.0,120.0,120.0,130.0,160.0,150.0,130.0,95.0,120.0,120.0,150.0,150.0,150.0,150.0,110.0,110.0,125.0,100.0,100.0,100.0,192.5772247,166.8542175,164.3463135,146.4403992,153.6977234,1.0,100.6128235,122.4325333,118.87883,123.5879364,128.5110474,218.228241,191.0,189.0,191.0,189.0,225.0,210.0,140.0,170.0,169.0,194.0,152.0,297.0
SIPA039,Sri Ganesh Iron & Hardware Marchant,Cuddapah,Pulivendula,Non-Exclusive,4111686.0,13178.0,108.15,AP,Active,630.0,68.0,59.0,48.0,74.0,67.0,50.0,63.0,50.0,50.0,62.0,43.0,51.0,50.0,44.0,61.0,50.0,58.0,46.0,58.0,56.0,82.0,55.0,52.0,45.0,48.3,39.47,40.55,30.74,57.88000000000001,60.73,45.81,25.27,64.86,25.3,28.099999999999998,12.599999999999998,60.0,60.0,60.0,70.0,70.0,60.0,60.0,77.0,77.0,55.0,55.0,77.0,55.0,65.0,55.0,55.0,55.0,55.0,55.0,55.0,80.0,70.0,50.0,50.0,50.0,50.0,55.0,55.0,60.0,60.0,50.0,50.0,75.0,50.0,50.0,50.0,136.813797,83.25720978,107.04776,94.16603851,113.877121,1.0,57.43394852,81.45014191,38.77338028,84.73374939,113.3812332,116.9259567,129.0,109.0,160.0,151.0,144.0,158.0,118.0,100.0,137.0,101.0,158.0,103.0
SIPA040,Sri Balaji Traders,Cuddapah,Rajampet,Exclusive,4111686.0,56651.0,77.7,AP,Active,420.0,56.0,61.0,79.0,63.0,110.0,61.0,61.0,50.0,60.0,49.0,51.0,74.0,19.0,61.0,60.0,74.0,89.0,58.0,69.0,72.0,76.0,21.0,25.0,77.0,50.66,23.950000000000003,49.67,8.830000000000002,72.1,75.05,50.81,29.06,49.5,11.84,52.96000000000001,63.14,50.0,50.0,50.0,60.0,60.0,60.0,60.0,88.0,88.0,88.0,88.0,60.0,60.0,60.0,60.0,60.0,60.0,65.0,65.0,65.0,90.0,75.0,65.0,60.0,60.0,75.0,70.0,60.0,70.0,70.0,50.0,50.0,60.0,50.0,50.0,50.0,101.4173889,53.32619858,73.94210815,79.15390015,117.6647186,1.0,69.15383911,81.13529968,31.96623039,58.77651978,48.63666916,75.89446259,74.0,51.0,79.0,80.0,160.0,33.0,70.0,66.0,79.0,25.0,41.0,74.0
SIPA041,,Cuddapah,Rayachoti,Non-Exclusive,4111686.0,33331.0,,,,682.5,76.0,106.0,112.0,113.0,108.0,108.0,119.0,83.0,102.0,93.0,0.0,0.0,,,,,,,,,,,,,,,,,,,,,,,,,75.0,70.0,80.0,90.0,90.0,90.0,90.0,127.0,127.0,127.0,0.0,0.0,0.0,0.0,0.0,0.0,0.0,0.0,0.0,0.0,0.0,0.0,0.0,0.0,,,,,,,,,,,,,,,,,,,,,,,,,,,,,,,,,,,,
SIPA042,,Cuddapah,Rly.Kodur,Non-Exclusive,4111686.0,20471.0,21.0,,,210.0,44.0,20.0,20.0,40.0,20.0,31.0,31.0,19.0,30.0,0.0,32.0,41.0,0.0,44.0,0.0,0.0,0.0,0.0,0.0,0.0,0.0,0.0,0.0,0.0,,,,,,,,,,,,,40.0,40.0,30.0,30.0,30.0,30.0,30.0,37.0,37.0,37.0,37.0,37.0,35.0,42.0,35.0,35.0,35.0,0.0,0.0,0.0,0.0,0.0,0.0,0.0,,,,,,,,,,,,,64.99378204,6.278480053,78.18573761,19.91091919,11.50467968,1.0,14.9105196,35.31351852,25.30167961,14.48157978,46.58980179,60.77270126,49.0,24.0,59.0,32.0,27.0,20.0,20.0,20.0,20.0,20.0,20.0,20.0
SIPA043,Ashoka Hardwares,Cuddapah,Vempally,Non-Exclusive,4111686.0,97375.0,29.4,AP,Active,136.5,29.0,20.0,41.0,45.0,20.0,33.0,47.0,23.0,20.0,57.0,21.0,38.0,20.0,43.0,40.0,32.0,41.0,39.0,34.0,41.0,53.0,0.0,33.0,35.0,20.32,35.62,9.69,20.37,30.700000000000003,30.520000000000003,4.43,30.5,12.08,7.84,0.0,20.02,20.0,20.0,20.0,20.0,20.0,20.0,20.0,42.0,42.0,42.0,42.0,30.0,30.0,24.0,25.0,30.0,30.0,30.0,30.0,30.0,40.0,40.0,40.0,35.0,35.0,35.0,35.0,30.0,35.0,35.0,35.0,35.0,30.0,20.0,20.0,20.0,53.02999878,26.51262093,66.90963745,49.08958054,21.85099983,1.0,72.62355804,40.76174927,45.13111877,89.4972229,44.61283112,60.68806076,66.0,23.0,64.0,26.0,51.0,23.0,32.0,31.0,24.0,24.0,26.0,28.0
SIPA044,Jai Vasavi Steel Syndicate,East Godavari,Amalapuram,Exclusive,8274560.0,88462.0,372.75,AP,Active,735.0,61.0,100.0,108.0,20.0,103.0,0.0,102.0,86.0,85.0,52.0,31.0,86.0,85.0,82.0,91.0,61.0,88.0,0.0,51.0,51.0,0.0,0.0,0.0,0.0,53.18999999999998,80.68,0.0,0.0,72.61,91.63,0.0,63.44,30.65,67.31,60.59,26.02,100.0,100.0,100.0,100.0,100.0,100.0,100.0,85.0,85.0,85.0,85.0,85.0,85.0,100.0,90.0,90.0,90.0,90.0,90.0,90.0,70.0,70.0,70.0,70.0,70.0,60.0,90.0,60.0,60.0,60.0,60.0,60.0,60.0,45.0,50.0,75.73750000000001,88.37325287,16.5508709,51.44483948,16.10070992,30.28723907,1.0,21.80612946,23.09037018,11.97657967,64.72653198,22.53562927,116.6749725,422.0,373.0,306.0,304.0,552.0,309.0,308.0,308.0,324.0,300.0,318.0,355.0
SIPA049,Jayalakshmi Steels,East Godavari,Rajahmundry,Exclusive,8274560.0,,237.3,AP,Active,1575.0,111.0,102.0,114.0,20.0,105.0,102.0,51.0,69.0,101.0,10.0,72.0,81.0,50.0,70.0,78.0,0.0,97.0,0.0,51.0,59.0,0.0,0.0,0.0,0.0,94.50999999999996,99.96,0.0,0.0,0.0,0.0,0.0,0.0,0.0,0.0,0.0,0.0,100.0,100.0,110.0,100.0,100.0,100.0,80.0,104.0,104.0,104.0,104.0,104.0,100.0,120.0,100.0,110.0,110.0,110.0,100.0,100.0,70.0,70.0,70.0,70.0,70.0,90.0,120.0,100.0,90.0,90.0,90.0,60.0,60.0,0.0,0.0,0.0,557.6820679,676.3591919,569.5045166,589.9517212,610.8304443,1.0,481.9618835,691.2062378,505.8218689,647.1768799,667.5461426,1200.88623,193.0,232.0,202.0,184.0,192.0,216.0,187.0,191.0,231.0,174.0,206.0,226.0
SIPA054,Sri R K Steels And Cements,East Godavari,Tatipaka,Non-Exclusive,8274560.0,,25.200000000000003,AP,Active,577.5,13.0,0.0,8.0,26.0,15.0,0.0,0.0,10.0,11.0,4.0,14.0,13.0,0.0,0.0,0.0,0.0,0.0,0.0,12.0,12.0,0.0,0.0,0.0,0.0,0.0,0.0,0.0,0.0,0.0,0.0,19.860000000000003,0.0,12.34,14.77,20.060000000000002,11.89,25.0,20.0,12.0,12.0,12.0,12.0,12.0,10.0,10.0,10.0,10.0,10.0,12.0,15.0,12.0,12.0,12.0,12.0,12.0,12.0,20.0,20.0,20.0,10.0,10.0,10.0,10.0,5.0,10.0,10.0,10.0,10.0,12.0,12.0,12.0,25.075000000000003,33.03945923,3.52692008,9.948679924,10.90904045,16.25720024,1.0,26.29920959,10.99520016,18.45487976,6.217100143,11.3341198,81.21334076,68.0,22.0,21.0,21.0,21.0,20.0,20.0,20.0,42.0,20.0,26.0,24.0
SIPA056,Sri Sivashankar Traders,Guntur,Cherukupalli,Non-Exclusive,6629265.0,60385.0,102.9,AP,Inactive,105.0,0.0,0.0,13.0,10.0,0.0,12.0,0.0,0.0,0.0,0.0,13.0,13.0,0.0,13.0,12.0,13.0,13.0,0.0,0.0,12.0,0.0,0.0,12.0,14.0,0.0,0.0,0.0,0.0,0.0,0.0,0.0,0.0,0.0,0.0,,,15.0,15.0,12.0,12.0,0.0,10.0,0.0,36.0,36.0,15.0,15.0,15.0,15.0,18.0,15.0,15.0,15.0,15.0,12.0,12.0,12.0,12.0,12.0,10.0,12.0,0.0,0.0,0.0,0.0,0.0,0.0,0.0,0.0,0.0,0.0,0.0,10.0,124.1445007,125.0971222,120.0,120.0,1.0,120.0,120.0,120.0,124.1344833,124.1561432,90.58332062,90.0,100.0,91.0,95.0,132.0,91.0,91.0,90.0,90.0,90.0,93.0,98.0
SIPA057,Sai Renuka Iron Traders,Guntur,Chilakaluripeta,Exclusive,6629265.0,52231.0,60.900000000000006,AP,Active,262.5,26.0,26.0,13.0,28.0,24.0,22.0,22.0,25.0,0.0,30.0,24.0,26.0,24.0,26.0,25.0,24.0,0.0,13.0,26.0,21.0,0.0,10.0,0.0,14.0,13.89,0.0,11.02,21.160000000000004,24.15,20.22,0.0,20.04,0.0,0.0,11.719999999999999,24.34,22.0,22.0,22.0,22.0,22.0,22.0,22.0,30.0,30.0,25.0,25.0,25.0,25.0,30.0,25.0,25.0,25.0,25.0,20.0,20.0,20.0,20.0,20.0,12.0,12.0,15.0,20.0,24.0,20.0,20.0,20.0,20.0,24.0,12.0,12.0,14.649999999999999,48.43426895,44.62977982,23.02592087,44.38700104,38.85776138,1.0,37.81402969,63.33816147,38.66648102,25.22294044,84.25282288,53.16627884,78.0,53.0,79.0,65.0,66.0,44.0,53.0,42.0,74.0,71.0,62.0,58.0
SIPA058,SAKALA VENKATESWARLU & COMPANY,Guntur,Chilakaluripet,Non-Exclusive,6629265.0,,81.9,AP,Active,262.5,18.0,20.0,18.0,19.0,33.0,0.0,34.0,16.0,14.0,30.0,20.0,20.0,21.0,24.0,26.0,21.0,26.0,44.0,35.0,30.0,28.0,17.0,13.0,26.0,13.73,12.45,24.66,12.29,30.26,12.09,12.04,12.44,12.3,11.95,12.46,16.05,17.0,20.0,20.0,20.0,20.0,20.0,18.0,26.0,26.0,20.0,20.0,20.0,20.0,24.0,20.0,20.0,20.0,20.0,20.0,20.0,25.0,25.0,25.0,25.0,24.0,24.0,24.0,24.0,30.0,30.0,20.0,20.0,24.0,20.0,20.0,15.575000000000001,44.96274948,42.49842072,36.82963181,49.0,43.38571167,1.0,30.01160049,33.90475845,23.11651993,14.77995968,43.77478027,38.76720047,48.0,31.0,46.0,40.0,47.0,53.0,31.0,37.0,47.0,52.0,46.0,78.0
SIPA059,,Guntur,Dachepalli,Non-Exclusive,6629265.0,94275.0,84.0,,,294.0,66.0,46.0,52.0,38.0,42.0,42.0,30.0,32.0,46.0,52.0,52.0,68.0,0.0,0.0,0.0,0.0,0.0,0.0,0.0,0.0,0.0,0.0,0.0,0.0,,,,,,,,,,,,,45.0,45.0,45.0,50.0,40.0,40.0,40.0,56.0,56.0,50.0,50.0,70.0,50.0,0.0,0.0,0.0,0.0,0.0,0.0,0.0,0.0,0.0,0.0,0.0,,,,,,,,,,,,,109.536377,65.20613098,51.21060181,44.67396927,34.26433945,1.0,95.38765717,49.39825821,15.9000597,50.23947906,78.00691986,161.2713928,162.0,81.0,111.0,80.0,80.0,80.0,80.0,80.0,80.0,80.0,80.0,80.0
SIPA061,Sri Durga Steels,Guntur,Gullapalli,Non-Exclusive,6629265.0,,80.85000000000001,AP,Active,73.5,33.0,15.0,16.0,28.0,22.0,28.0,21.0,21.0,0.0,21.0,13.0,20.0,16.0,15.0,13.0,13.0,26.0,14.0,14.0,12.0,12.0,16.0,13.0,12.0,12.44,13.02,13.18,11.39,13.68,16.810000000000002,0.0,10.1,12.23,0.0,11.79,11.45,26.0,25.0,20.0,20.0,20.0,20.0,20.0,34.0,34.0,20.0,20.0,20.0,15.0,18.0,12.0,12.0,12.0,12.0,12.0,12.0,20.0,12.0,12.0,12.0,12.0,15.0,20.0,12.0,15.0,15.0,10.0,10.0,12.0,12.0,12.0,14.737499999999999,44.20366287,32.77587891,31.15975952,45.79188156,33.60523987,1.0,45.88240051,23.09472084,22.61804008,21.17416,39.58285904,121.090683,83.0,78.0,82.0,87.0,93.0,76.0,76.0,75.0,97.0,77.0,98.0,77.0
SIPA064,Sri Venkata Nagasai Traders,Guntur,Karempudi,Non-Exclusive,6629265.0,66752.0,59.85,AP,Active,63.0,0.0,21.0,12.0,15.0,16.0,17.0,13.0,19.0,0.0,17.0,18.0,17.0,0.0,18.0,17.0,18.0,25.0,19.0,0.0,18.0,0.0,10.0,0.0,13.0,25.5,0.0,0.0,10.39,0.0,11.99,0.0,12.27,0.0,12.160000000000002,0.0,11.510000000000003,17.0,17.0,17.0,15.0,15.0,15.0,13.0,21.0,21.0,17.0,17.0,17.0,17.0,22.0,17.0,20.0,17.0,20.0,20.0,20.0,15.0,15.0,20.0,12.0,12.0,15.0,15.0,15.0,15.0,15.0,10.0,10.0,12.0,12.0,12.0,12.0,15.0,15.17362976,12.63053989,26.77380943,10.6534996,1.0,8.923760414,28.52802086,9.092599869,13.09220028,9.835399628,65.24495697,46.0,27.0,47.0,44.0,54.0,32.0,26.0,25.0,27.0,26.0,42.0,57.0
SIPA066,Srinivasa Steel Traders,Guntur,Mangalagiri,Exclusive,6629265.0,86690.0,390.6,AP,Active,367.5,25.0,40.0,40.0,27.0,40.0,31.0,33.0,0.0,44.0,47.0,32.0,36.0,46.0,43.0,12.0,25.0,32.0,30.0,19.0,31.0,33.0,11.0,20.0,36.0,32.22,24.770000000000003,31.41,15.37,38.010000000000005,24.51,27.8,35.61,37.7,23.75,36.040000000000006,34.07,45.0,45.0,45.0,40.0,30.0,30.0,30.0,42.0,42.0,30.0,30.0,34.0,35.0,42.0,40.0,40.0,30.0,30.0,30.0,30.0,30.0,30.0,30.0,20.0,24.0,25.0,30.0,30.0,34.0,34.0,20.0,20.0,35.0,35.0,35.0,45.05000000000001,62.51242065,29.02223015,10.44209957,24.25441933,40.7324791,1.0,16.33366013,23.71714973,14.47089958,31.78568077,11.77023983,547.8323975,460.0,426.0,383.0,322.0,367.0,327.0,301.0,368.0,300.0,337.0,322.0,372.0
SIPA070,,Guntur,Piduguralla,Non-Exclusive,6629265.0,59216.0,0.0,,,147.0,0.0,0.0,13.0,13.0,16.0,15.0,0.0,0.0,0.0,0.0,0.0,0.0,,,,,,,,,,,,,,,,,,,,,,,,,12.0,12.0,12.0,12.0,12.0,15.0,15.0,10.0,10.0,0.0,0.0,0.0,0.0,0.0,0.0,0.0,0.0,0.0,0.0,0.0,0.0,0.0,0.0,0.0,,,,,,,,,,,,,14.42584991,11.28441048,10.8080101,16.61474991,20.65770912,1.0,15.39748001,16.56785965,11.43130016,10.5092802,10.0,0.0,0.0,0.0,0.0,0.0,0.0,0.0,0.0,0.0,0.0,0.0,0.0,0.0
SIPA072,,Guntur,Ponnuru,Non-Exclusive,6629265.0,63504.0,0.0,,,367.5,46.0,40.0,51.0,34.0,46.0,41.0,44.0,0.0,0.0,0.0,0.0,0.0,,,,,,,,,,,,,,,,,,,,,,,,,30.0,30.0,30.0,30.0,30.0,40.0,40.0,45.0,45.0,0.0,0.0,0.0,0.0,0.0,0.0,0.0,0.0,0.0,0.0,0.0,0.0,0.0,0.0,0.0,,,,,,,,,,,,,180.8883667,83.40467834,121.7273483,100.0764236,34.34706116,1.0,74.01268005,58.65256119,43.96842957,265.3315125,66.97502136,195.3958435,0.0,0.0,0.0,0.0,0.0,0.0,0.0,0.0,0.0,0.0,0.0,0.0
SIPA073,Sri Krishna Steels,Guntur,Repalle,Exclusive,6629265.0,61123.0,166.95000000000002,AP,Active,315.0,35.0,14.0,32.0,24.0,44.0,37.0,36.0,24.0,20.0,41.0,41.0,62.0,32.0,41.0,54.0,45.0,37.0,56.0,55.0,53.0,13.0,25.0,30.0,45.0,48.51,24.439999999999998,34.52,0.0,20.61,20.73,35.31,12.55,12.56,11.990000000000002,21.15,10.030000000000001,34.0,34.0,30.0,30.0,20.0,34.0,35.0,40.0,40.0,30.0,30.0,35.0,40.0,48.0,40.0,40.0,40.0,40.0,40.0,40.0,40.0,40.0,40.0,35.0,35.0,50.0,60.0,50.0,45.0,45.0,35.0,35.0,35.0,30.0,30.0,26.4375,50.36629868,7.251220226,7.933119774,29.87284088,26.01903915,1.0,15.19964027,7.133440018,15.70720005,18.74931908,85.68039703,99.43656158,34.0,43.0,47.0,43.0,114.0,30.0,30.0,48.0,33.0,44.0,43.0,159.0
SIPA077,Lakshmi Srinivasa Traders,Guntur,Tenali,Exclusive,6629265.0,75094.0,1.05,AP,Active,441.0,34.0,31.0,28.0,29.0,33.0,0.0,40.0,41.0,13.0,44.0,13.0,40.0,0.0,0.0,0.0,42.0,43.0,13.0,25.0,25.0,14.0,30.0,0.0,0.0,21.14,13.81,31.4,0.0,26.24,26.54,27.16,41.21,24.8,24.18,0.0,0.0,30.0,25.0,25.0,30.0,30.0,30.0,30.0,40.0,40.0,40.0,40.0,40.0,40.0,48.0,40.0,40.0,40.0,40.0,20.0,25.0,40.0,30.0,30.0,15.0,15.0,15.0,30.0,30.0,22.0,22.0,20.0,20.0,24.0,25.0,25.0,0.0,68.30309296,33.49996948,93.3951416,51.06594086,55.73102188,1.0,62.9566803,68.75598907,36.01411819,69.52892303,36.49158096,44.19427109,16.0,5.0,5.0,45.0,45.0,10.0,36.0,37.0,40.0,50.0,21.0,1.0
SIPA078,Gayatri Traders,Guntur,Tenali,Non-Exclusive,6629265.0,75094.0,43.05,AP,Inactive,441.0,0.0,0.0,15.0,15.0,16.0,15.0,0.0,0.0,0.0,0.0,12.0,15.0,0.0,16.0,16.0,12.0,12.0,13.0,0.0,20.0,0.0,0.0,0.0,0.0,0.0,0.0,0.0,0.0,0.0,0.0,0.0,0.0,0.0,0.0,,,14.0,14.0,0.0,12.0,12.0,12.0,15.0,11.0,11.0,10.0,10.0,12.0,12.0,15.0,12.0,12.0,12.0,12.0,12.0,12.0,12.0,12.0,12.0,0.0,0.0,0.0,0.0,0.0,0.0,0.0,0.0,0.0,0.0,0.0,0.0,0.0,20.69091034,0.213119999,12.32411957,9.858360291,11.57999992,1.0,9.563220024,6.838140011,6.0,9.650279999,12.3020401,79.07800293,41.0,42.0,41.0,45.0,70.0,40.0,40.0,40.0,40.0,48.0,46.0,41.0
SIPA079,Lalitha Traders,Guntur,Tenali,Exclusive,6629265.0,75094.0,3.1500000000000004,AP,Active,441.0,45.0,52.0,40.0,41.0,50.0,0.0,55.0,51.0,0.0,50.0,38.0,39.0,13.0,44.0,0.0,0.0,0.0,38.0,0.0,40.0,0.0,32.0,39.0,0.0,31.23,25.02,22.0,0.0,25.38000000000001,25.43,26.91,35.43,37.900000000000006,47.99000000000001,24.259999999999998,0.0,41.0,41.0,41.0,40.0,40.0,40.0,40.0,51.0,51.0,35.0,35.0,35.0,35.0,42.0,40.0,40.0,40.0,40.0,40.0,40.0,30.0,30.0,30.0,20.0,24.0,24.0,24.0,25.0,22.0,22.0,20.0,20.0,24.0,25.0,25.0,30.324999999999996,83.89531708,53.6366806,86.64830017,62.96995926,73.88696289,1.0,77.14824677,71.50964355,26.22727966,77.16790009,61.46340942,40.53255844,13.0,43.0,11.0,6.0,9.0,28.0,0.0,45.0,29.0,42.0,39.0,3.0
SIPA081,Sri Rama Iron & Hardware Stores,Guntur,Vinukonda,Non-Exclusive,6629265.0,52773.0,64.05,AP,Active,367.5,37.0,14.0,25.0,13.0,27.0,26.0,26.0,33.0,13.0,27.0,40.0,26.0,26.0,27.0,25.0,25.0,27.0,24.0,14.0,24.0,13.0,13.0,25.0,24.0,27.53,12.57,12.3,12.89,24.81,12.53,11.84,11.900000000000002,15.579999999999998,12.15,12.03,14.71,25.0,25.0,25.0,25.0,25.0,25.0,22.0,40.0,40.0,25.0,25.0,25.0,25.0,30.0,25.0,25.0,25.0,25.0,25.0,25.0,25.0,25.0,25.0,25.0,25.0,25.0,30.0,24.0,30.0,30.0,20.0,20.0,24.0,20.0,20.0,15.0375,55.65000153,20.2874794,28.62284088,26.22628021,29.1593399,1.0,87.77559662,61.7045784,11.35330963,11.06223965,35.51908112,73.39504242,90.0,22.0,87.0,24.0,76.0,47.0,25.0,20.0,22.0,51.0,22.0,61.0
SIPA084,,Krishna,Kuchipudi,Non-Exclusive,6097627.0,3941.0,30.450000000000003,,,,21.0,13.0,13.0,15.0,18.0,0.0,15.0,0.0,19.0,0.0,15.0,15.0,15.0,15.0,0.0,16.0,0.0,0.0,0.0,0.0,0.0,0.0,0.0,0.0,,,,,,,,,,,,,14.0,17.0,17.0,17.0,17.0,15.0,15.0,17.0,17.0,15.0,15.0,15.0,15.0,18.0,15.0,15.0,15.0,0.0,0.0,0.0,0.0,0.0,0.0,0.0,,,,,,,,,,,,,42.06319046,5.384520054,53.95946121,24.98348045,27.42476082,1.0,20.6040802,24.20503998,24.10832024,29.47862053,29.26016045,44.36371994,46.0,37.0,47.0,38.0,36.0,29.0,29.0,29.0,29.0,29.0,29.0,29.0
SIPA086,Chinni Krishna Steel Traders,Krishna,Gudiwada,Non-Exclusive,6097627.0,,36.75,AP,Active,420.0,12.0,12.0,12.0,13.0,18.0,13.0,16.0,20.0,14.0,15.0,14.0,17.0,0.0,0.0,17.0,14.0,19.0,13.0,12.0,0.0,0.0,11.0,0.0,15.0,14.85,11.16,0.0,0.0,0.0,12.56,11.86,12.16,-0.6699999999999999,0.0,23.730000000000004,12.500000000000002,25.0,20.0,20.0,20.0,17.0,20.0,15.0,18.0,18.0,15.0,15.0,42.0,20.0,24.0,17.0,17.0,17.0,17.0,17.0,15.0,15.0,12.0,12.0,10.0,10.0,15.0,20.0,20.0,10.0,10.0,10.0,10.0,12.0,12.0,12.0,12.0,30.38945961,2.17343998,32.13735962,21.42472076,21.07180023,1.0,43.77994156,29.40068054,12.01395988,33.96519852,18.12940025,40.34968185,35.0,33.0,38.0,46.0,54.0,36.0,36.0,43.0,30.0,39.0,37.0,35.0
SIPA088,Maturi PurnaChandra Rao Sons,Krishna,Machilipatnam,Exclusive,6097627.0,69070.0,30.450000000000003,AP,Active,420.0,12.0,13.0,13.0,13.0,13.0,0.0,13.0,0.0,14.0,14.0,0.0,14.0,15.0,15.0,17.0,16.0,15.0,15.0,20.0,7.0,13.0,0.0,13.0,0.0,0.0,11.59,0.0,14.179999999999998,4.91,15.19,13.34,11.6,0.0,11.78,12.55,12.02,35.0,30.0,17.0,17.0,17.0,12.0,12.0,14.0,14.0,14.0,14.0,14.0,15.0,18.0,15.0,15.0,15.0,20.0,20.0,20.0,20.0,20.0,20.0,15.0,15.0,10.0,15.0,15.0,15.0,15.0,10.0,10.0,12.0,12.0,12.0,12.0,32.264431,16.78302956,33.63600159,21.42308044,18.11244011,1.0,37.56491852,17.45783997,21.45582008,48.48963928,20.91605949,25.90854073,47.0,32.0,33.0,66.0,40.0,23.0,22.0,43.0,24.0,22.0,22.0,29.0
SIPA094,Konakalla Steel Enterprises,Krishna,Vijayawada,Exclusive,6097627.0,141039.0,696.15,AP,Active,2100.0,102.0,127.0,123.0,133.0,129.0,111.0,117.0,116.0,0.0,101.0,39.0,128.0,34.0,73.0,101.0,117.0,118.0,104.0,81.0,105.0,100.0,63.0,81.0,159.0,209.99999999999997,151.47000000000003,139.29000000000005,131.28,134.34999999999997,204.83,171.01000000000005,149.76999999999998,153.75999999999996,72.1,54.09999999999998,91.96999999999998,90.0,100.0,100.0,110.0,110.0,110.0,110.0,144.0,144.0,140.0,140.0,120.0,110.0,120.0,100.0,110.0,110.0,100.0,110.0,100.0,130.0,100.0,100.0,90.0,100.0,130.0,200.0,150.0,150.0,150.0,200.0,110.0,150.0,150.0,150.0,150.0,28.78774071,65.68256378,75.47212219,75.70178223,74.1516037,1.0,62.69810104,61.39096069,62.1878891,67.53708649,66.00383759,90.03173828,239.0,193.0,295.0,228.0,261.0,296.0,253.0,341.0,240.0,246.0,279.0,663.0
SIPA101,Sri Lakshmi Venkata Ramana Traders,Kurnool,Allagadda,Non-Exclusive,6203936.0,108915.0,36.75,AP,Active,178.5,25.0,25.0,24.0,24.0,25.0,30.0,26.0,13.0,13.0,27.0,24.0,36.0,0.0,32.0,13.0,26.0,21.0,0.0,15.0,17.0,0.0,12.0,12.0,16.0,12.28,12.21,24.65,12.4,0.0,22.21,19.84,12.27,14.279999999999998,0.0,15.060000000000002,15.36,25.0,25.0,20.0,25.0,25.0,25.0,25.0,32.0,32.0,32.0,32.0,48.0,30.0,35.0,30.0,30.0,20.0,20.0,15.0,15.0,25.0,12.0,12.0,15.0,15.0,20.0,20.0,25.0,15.0,15.0,10.0,10.0,15.0,15.0,15.0,15.0,45.6032486,22.22142029,47.55316925,64.84938812,42.14680099,1.0,44.57265091,32.5987587,31.51770973,36.15243149,45.94586182,40.61891937,32.0,37.0,42.0,50.0,34.0,30.0,43.0,42.0,27.0,25.0,38.0,35.0
SIPA102,Sri Sadasiva Traders,Kurnool,Chagalamarri,Non-Exclusive,6203936.0,72421.0,98.7,AP,Active,126.0,26.0,25.0,24.0,26.0,24.0,25.0,26.0,25.0,12.0,24.0,24.0,26.0,25.0,30.0,23.0,31.0,35.0,33.0,31.0,30.0,12.0,10.0,23.0,31.0,20.6,29.21,0.0,25.860000000000003,11.9,20.25,25.21,11.72,20.520000000000003,14.77,20.04,14.79,25.0,25.0,25.0,25.0,25.0,25.0,25.0,31.0,31.0,31.0,31.0,25.0,30.0,35.0,30.0,30.0,30.0,30.0,30.0,30.0,30.0,30.0,30.0,30.0,30.0,30.0,30.0,30.0,30.0,30.0,20.0,20.0,24.0,15.0,15.0,15.0,46.95631027,22.98040962,27.04719925,32.23888016,37.93933868,1.0,26.64489937,35.59011841,17.59324074,32.19435883,48.47891998,41.29658127,35.0,52.0,68.0,67.0,60.0,65.0,79.0,41.0,36.0,30.0,38.0,94.0
SIPA103,SRI VENKAT MANIKYA CONSTRUCTION NEEDS,Kurnool,Dhone,Non-Exclusive,6203936.0,60960.0,49.35,AP,Active,147.0,35.0,21.0,33.0,20.0,34.0,33.0,31.0,38.0,30.0,20.0,12.0,23.0,20.0,34.0,16.0,34.0,39.0,33.0,30.0,30.0,32.0,0.0,24.0,27.0,0.0,29.42,0.0,0.0,19.29,22.42,0.0,20.29,22.14,0.0,7.739999999999999,14.38,50.0,40.0,30.0,35.0,30.0,30.0,30.0,37.0,37.0,37.0,37.0,37.0,30.0,35.0,30.0,30.0,30.0,30.0,30.0,30.0,30.0,30.0,30.0,25.0,25.0,30.0,30.0,30.0,30.0,30.0,35.0,20.0,24.0,15.0,15.0,15.0,68.58553314,26.0220108,28.71022034,38.92399979,46.13011932,1.0,34.56938934,43.04129028,17.40748024,34.03155899,47.55434036,48.77016068,63.0,62.0,95.0,79.0,68.0,73.0,66.0,45.0,42.0,40.0,45.0,47.0
SIPA104,G C S AGENCIES,Kurnool,KODUMUR,Non-Exclusive,6203936.0,103422.0,11.55,AP,Active,84.0,10.0,10.0,10.0,0.0,10.0,11.0,12.0,0.0,11.0,11.0,9.0,10.0,10.0,25.0,13.0,14.0,23.0,0.0,13.0,0.0,11.0,0.0,11.0,10.0,0.0,8.5,0.0,0.0,12.2,0.0,12.13,10.79,9.66,0.0,9.12,9.6,10.0,10.0,10.0,10.0,10.0,10.0,10.0,10.0,10.0,10.0,10.0,12.0,12.0,15.0,15.0,15.0,15.0,15.0,15.0,15.0,15.0,15.0,12.0,10.0,12.0,12.0,12.0,12.0,10.0,10.0,10.0,10.0,12.0,12.0,12.0,12.0,10.48999977,7.245210171,9.419199944,3.849669933,8.484219551,1.0,7.665699959,12.96450043,3.721169949,20.16873932,4.226699829,21.71722031,17.0,33.0,32.0,26.0,32.0,17.0,22.0,15.0,25.0,10.0,10.0,11.0
SIPA106,SAI RAM YELUKUR IRON MART,Kurnool,Kurnool,Exclusive,6203936.0,110700.0,165.9,AP,Active,2625.0,182.0,153.0,121.0,123.0,152.0,229.0,185.0,214.0,183.0,219.0,152.0,300.0,153.0,199.0,30.0,214.0,123.0,182.0,120.0,201.0,92.0,85.0,114.0,152.0,93.45,159.88,34.959999999999994,30.72000000000001,0.0,0.0,0.0,106.13,106.5,0.0,34.48,68.97,180.0,150.0,120.0,130.0,130.0,130.0,140.0,188.0,188.0,188.0,188.0,201.0,180.0,216.0,200.0,200.0,200.0,200.0,200.0,200.0,200.0,200.0,200.0,140.0,150.0,170.0,160.0,160.0,160.0,160.0,200.0,35.0,80.0,80.0,70.0,70.0,251.8915558,178.4194336,211.8239899,224.2805786,176.949173,1.0,219.5764465,238.0597534,184.3552856,273.95758060000003,184.4994507,241.7259827,148.0,136.0,155.0,215.0,78.0,214.0,50.0,180.0,147.0,175.0,128.0,158.0
SIPA107,Sai Shakthi Agency,Kurnool,Kurnool,Exclusive,6203936.0,110700.0,97.65,AP,Active,2625.0,134.0,153.0,60.0,61.0,90.0,123.0,90.0,123.0,96.0,62.0,121.0,122.0,57.0,93.0,102.0,77.0,97.0,83.0,61.0,93.0,87.0,34.0,44.0,92.0,90.26,103.3,57.74000000000001,81.71,78.43000000000002,65.83000000000001,103.74,89.74000000000001,91.8,58.87999999999999,62.11999999999999,100.24999999999999,140.0,150.0,125.0,125.0,120.0,120.0,100.0,153.0,153.0,153.0,153.0,150.0,140.0,144.0,125.0,130.0,130.0,130.0,130.0,130.0,125.0,125.0,100.0,80.0,80.0,100.0,100.0,100.0,100.0,100.0,110.0,110.0,110.0,105.0,100.0,100.0,254.5436249,138.4944916,127.1108093,93.00305939,105.4448318,1.0,127.7897263,157.3704071,122.8645401,137.2089996,98.07958984,123.4437332,46.0,70.0,136.0,72.0,59.0,132.0,63.0,144.0,119.0,52.0,50.0,93.0
SIPA108,Sri Sai Building Materials,Kurnool,Kurnool,Exclusive,6203936.0,110700.0,69.3,AP,Active,2625.0,138.0,151.0,122.0,119.0,138.0,123.0,91.0,146.0,123.0,123.0,122.0,122.0,92.0,122.0,99.0,103.0,119.0,106.0,127.0,96.0,121.0,115.0,72.0,61.0,58.03,101.5,67.67,49.81000000000002,90.32,65.63,109.41000000000004,27.85,100.97000000000004,59.08,60.35999999999999,85.43,150.0,150.0,125.0,125.0,130.0,120.0,120.0,145.0,145.0,145.0,145.0,150.0,140.0,144.0,125.0,130.0,130.0,130.0,130.0,130.0,125.0,125.0,100.0,100.0,100.0,100.0,100.0,100.0,100.0,100.0,110.0,110.0,110.0,80.0,80.0,80.0,201.292038,215.7341309,220.6615295,211.9136047,220.5310211,1.0,187.1025391,255.0483856,187.4530487,231.2541351,198.6840973,105.1002502,101.0,152.0,112.0,129.0,142.0,106.0,120.0,143.0,142.0,84.0,92.0,66.0
SIPA109,New Balavenkatarama Traders,Kurnool,Nandikotkur,Non-Exclusive,6203936.0,83748.0,58.8,AP,Active,147.0,35.0,25.0,25.0,26.0,25.0,25.0,25.0,46.0,0.0,41.0,26.0,31.0,30.0,32.0,29.0,51.0,31.0,30.0,30.0,30.0,30.0,21.0,30.0,27.0,30.33,30.85,23.59,0.0,0.0,34.4,0.0,0.0,24.78,24.94,15.120000000000001,15.320000000000004,25.0,25.0,25.0,25.0,25.0,25.0,25.0,33.0,33.0,33.0,33.0,30.0,30.0,30.0,30.0,30.0,30.0,30.0,30.0,30.0,30.0,30.0,30.0,30.0,30.0,30.0,30.0,30.0,30.0,30.0,35.0,20.0,24.0,15.0,15.0,15.0,52.32580185,98.44980621,127.8438568,117.0190582,110.6082916,1.0,111.4650726,125.5478134,98.08551025,136.6026611,105.4027023,46.18907928,49.0,61.0,60.0,64.0,59.0,62.0,54.0,57.0,75.0,65.0,36.0,56.0
SIPA112,Sohail Steels,Kurnool,Yemmiganur,Non-Exclusive,6203936.0,74195.0,112.35,AP,Active,168.0,19.0,31.0,20.0,41.0,51.0,24.0,30.0,33.0,28.0,54.0,30.0,29.0,0.0,51.0,78.0,48.0,25.0,29.0,50.0,32.0,0.0,27.0,29.0,49.0,27.89,32.65,30.82,55.10000000000001,30.24,41.60000000000001,0.0,27.17,25.22,27.7,30.119999999999997,31.199999999999996,40.0,30.0,30.0,40.0,40.0,40.0,30.0,38.0,38.0,38.0,38.0,40.0,30.0,40.0,40.0,40.0,40.0,40.0,40.0,40.0,40.0,40.0,30.0,35.0,40.0,35.0,40.0,40.0,40.0,40.0,50.0,50.0,35.0,30.0,30.0,30.0,35.21007156,37.24240112,38.57561111,81.0,52.75363922,1.0,36.90322113,47.89149857,33.19068909,58.86763,47.24700165,86.94435883,87.0,105.0,133.0,105.0,77.0,85.0,62.0,84.0,64.0,52.0,54.0,107.0
SIPA113,Kota Hanumantha Prasad,Nellore,Alluru,Exclusive,4538626.0,,69.3,AP,Active,47.25,11.0,0.0,12.0,13.0,13.0,13.0,12.0,0.0,0.0,12.0,12.0,13.0,0.0,12.0,12.0,13.0,12.0,24.0,0.0,41.0,12.0,12.0,12.0,0.0,25.94,0.0,15.36,11.51,16.63,15.55,20.22,12.38,0.0,14.989999999999998,15.309999999999999,0.0,12.0,12.0,12.0,12.0,12.0,12.0,12.0,14.0,14.0,12.0,12.0,34.0,12.0,15.0,12.0,12.0,12.0,12.0,12.0,12.0,15.0,15.0,14.0,12.0,12.0,12.0,15.0,15.0,15.0,15.0,10.0,10.0,15.0,15.0,15.0,15.0,45.73717117,72.72653961,95.95805359,102.2757721,85.20670319,1.0,73.67053223,68.57367706,62.50524139,66.93119812,134.151535,74.63684082,96.0,66.0,103.0,78.0,75.0,99.0,69.0,82.0,69.0,68.0,68.0,66.0
SIPA114,Patchipulusu Steel & Cements,Nellore,Kavali,Exclusive,4538626.0,67997.0,91.35,AP,Active,262.5,33.0,32.0,50.0,42.0,24.0,31.0,31.0,24.0,0.0,26.0,24.0,26.0,20.0,38.0,39.0,25.0,55.0,40.0,41.0,40.0,30.0,25.0,25.0,0.0,59.18,25.64,29.07,30.75,19.95,20.82,25.78,20.24,25.61,20.96,24.88,39.94,30.0,30.0,30.0,40.0,40.0,30.0,30.0,43.0,43.0,25.0,25.0,25.0,25.0,30.0,25.0,30.0,30.0,30.0,30.0,30.0,40.0,30.0,30.0,25.0,25.0,25.0,25.0,25.0,25.0,25.0,20.0,20.0,30.0,30.0,25.0,30.0,59.82184601,91.32878113,92.91184998,107.2406311,110.6218414,1.0,89.13787079,87.40473938,75.63877869,69.15840149,69.84828186,91.28437042,95.0,95.0,86.0,105.0,99.0,95.0,111.0,99.0,98.0,86.0,97.0,87.0
SIPA117,Sri Venkateswara Steels & Cements,Nellore,Nellore,Exclusive,4538626.0,132216.0,509.25,AP,Active,2520.0,251.0,253.0,268.0,253.0,303.0,321.0,251.0,200.0,229.0,270.0,246.0,306.0,236.0,240.0,270.0,266.0,242.0,248.0,270.0,199.0,167.0,122.0,152.0,262.0,268.19000000000005,222.84,175.84,178.3,214.59000000000003,226.08,214.83000000000004,223.99,173.63,150.16,175.83999999999995,214.17000000000002,250.0,250.0,250.0,250.0,250.0,270.0,270.0,312.0,312.0,300.0,300.0,300.0,300.0,360.0,300.0,300.0,300.0,300.0,270.0,250.0,275.0,250.0,230.0,200.0,220.0,240.0,250.0,225.0,250.0,250.0,200.0,200.0,220.0,220.0,200.0,220.0,0.0,0.0,0.0,0.0,0.0,0.0,0.0,0.0,0.0,0.0,10.0,10.0,521.0,474.0,570.0,433.0,513.0,431.0,450.0,392.0,390.0,418.0,443.0,485.0
SIPA118,Vinayaka Steel & Cements,Nellore,Venkatagiri,Non-Exclusive,4538626.0,27880.0,63.0,AP,Active,178.5,35.0,34.0,42.0,42.0,40.0,33.0,41.0,20.0,40.0,40.0,32.0,44.0,20.0,54.0,40.0,41.0,40.0,41.0,39.0,40.0,39.0,25.0,23.0,45.0,65.2,24.92,24.1,39.190000000000005,42.330000000000005,45.42,45.73,34.13,21.6,19.81,24.67,24.65,40.0,40.0,40.0,40.0,40.0,40.0,40.0,48.0,48.0,40.0,40.0,40.0,40.0,48.0,40.0,40.0,40.0,40.0,40.0,40.0,40.0,40.0,40.0,35.0,35.0,35.0,40.0,35.0,40.0,40.0,35.0,35.0,40.0,40.0,30.0,30.837500000000002,54.51871872,150.3794098,127.018959,124.2255402,117.7640915,1.0,120.868187,110.1214371,115.3094025,117.0814438,123.5069427,202.2311401,218.0,57.0,75.0,90.0,39.0,59.0,66.0,61.0,51.0,58.0,60.0,60.0
SIPA120,,Prakasam,Addanki,Non-Exclusive,5954328.0,89769.0,0.0,,,420.0,52.0,47.0,67.0,50.0,112.0,25.0,12.0,0.0,20.0,39.0,12.0,0.0,,,,,,,,,,,,,,,,,,,,,,,,,45.0,45.0,45.0,50.0,50.0,60.0,60.0,65.0,65.0,45.0,45.0,109.0,0.0,0.0,0.0,0.0,0.0,0.0,0.0,0.0,0.0,0.0,0.0,0.0,,,,,,,,,,,,,104.8157883,104.134552,125.0161514,132.5509033,163.2661438,1.0,68.7125473,66.08381653000001,86.31707764,70.3139267,65.0,120.742363,0.0,0.0,0.0,0.0,0.0,0.0,0.0,0.0,0.0,0.0,0.0,0.0
SIPA122,Sri Srinivasa Traders D,Prakasam,Darsi,Exclusive,5954328.0,120120.0,6.300000000000001,AP,Active,168.0,60.0,30.0,31.0,42.0,62.0,19.0,42.0,41.0,42.0,42.0,42.0,40.0,0.0,20.0,32.0,30.0,30.0,10.0,31.0,0.0,46.0,28.0,0.0,39.0,43.12,25.1,0.0,33.51,0.0,27.39,25.21,25.02,20.52,19.84,0.0,11.66,50.0,50.0,50.0,40.0,40.0,40.0,40.0,51.0,51.0,40.0,40.0,40.0,40.0,48.0,30.0,30.0,30.0,30.0,30.0,25.0,25.0,25.0,25.0,20.0,20.0,25.0,30.0,30.0,30.0,30.0,20.0,20.0,24.0,25.0,25.0,25.0,131.7400055,78.26045227,35.50419998,76.65386963,40.75559998,1.0,45.22859955,50.15102005,63.81053162,62.48310852,61.54766083,120.3751221,56.0,5.0,41.0,25.0,22.0,9.0,33.0,8.0,6.0,8.0,4.0,6.0
SIPA123,Manjunatha Cement & Steel,Prakasam,Giddalur,Exclusive,5954328.0,86133.0,53.55,AP,Active,115.5,13.0,12.0,33.0,12.0,22.0,22.0,28.0,0.0,28.0,33.0,0.0,32.0,19.0,30.0,26.0,26.0,25.0,31.0,0.0,28.0,30.0,0.0,0.0,50.0,25.48,0.0,25.65,0.0,25.34,30.21,0.0,19.18,26.1,0.0,0.0,0.0,18.0,20.0,20.0,20.0,20.0,20.0,20.0,26.0,26.0,22.0,22.0,22.0,20.0,24.0,25.0,25.0,25.0,25.0,25.0,25.0,25.0,25.0,20.0,20.0,20.0,20.0,24.0,24.0,25.0,25.0,20.0,20.0,24.0,25.0,20.0,20.0,31.0433197,53.66363907,87.70025635,52.0,64.81759644,1.0,71.6778183,50.37231827,50.42132187,50.08259964,98.56780243,36.44384003,37.0,17.0,47.0,43.0,37.0,28.0,43.0,27.0,21.0,19.0,35.0,51.0
SIPA126,Gopal Steel Syndicate,Prakasam,Kanigiri,Non-Exclusive,5954328.0,92466.0,60.900000000000006,AP,Active,147.0,11.0,11.0,12.0,14.0,23.0,18.0,17.0,15.0,0.0,11.0,16.0,12.0,0.0,12.0,20.0,21.0,19.0,0.0,21.0,4.0,28.0,16.0,0.0,17.0,31.21,7.779999999999999,0.0,0.0,20.200000000000003,18.39,0.0,20.9,0.0,20.44,20.240000000000002,15.579999999999998,22.0,22.0,22.0,22.0,22.0,17.0,15.0,20.0,20.0,0.0,20.0,76.0,20.0,24.0,20.0,20.0,20.0,20.0,20.0,20.0,15.0,15.0,20.0,15.0,15.0,15.0,20.0,20.0,17.0,17.0,20.0,20.0,20.0,12.0,12.0,15.0,25.99640083,3.316319942,25.93000031,22.35280037,31.05451965,1.0,13.27299976,12.00105,11.66394043,26.64323997,19.66791916,79.54290009,58.0,53.0,61.0,60.0,59.0,44.0,65.0,40.0,46.0,44.0,48.0,58.0
SIPA128,Eswar Agencies,Prakasam,Marrichetlapalem,Non-Exclusive,5954328.0,,36.75,AP,Active,131.25,12.0,13.0,11.0,13.0,11.0,0.0,13.0,12.0,12.0,12.0,12.0,12.0,13.0,12.0,12.0,12.0,12.0,12.0,13.0,12.0,10.0,11.0,12.0,0.0,24.36,24.47,0.0,0.0,10.46,0.0,0.0,0.0,0.0,11.6,10.42,26.34,12.0,13.0,13.0,12.0,12.0,12.0,12.0,16.0,16.0,12.0,12.0,12.0,15.0,18.0,12.0,12.0,12.0,12.0,12.0,12.0,12.0,12.0,12.0,10.0,12.0,12.0,12.0,12.0,10.0,10.0,10.0,10.0,12.0,10.0,10.0,12.0,60.49700165,52.4936409,92.10864258,46.0,71.6470108,1.0,35.19981003,39.15172958,31.70959091,37.63951874,34.2121582,35.88473892,53.0,58.0,38.0,40.0,32.0,31.0,33.0,32.0,36.0,36.0,35.0,35.0
SIPA131,Balaji Steel Corporation,Prakasam,Ongole,Exclusive,5954328.0,48376.0,37.8,AP,Active,525.0,47.0,46.0,45.0,51.0,26.0,41.0,41.0,0.0,21.0,43.0,22.0,42.0,42.0,40.0,53.0,25.0,25.0,46.0,53.0,46.0,41.0,38.0,50.0,42.0,77.14,54.66,25.65000000000001,39.02999999999999,51.16000000000001,50.17,55.3,20.34,25.570000000000004,30.25,44.6,55.05,40.0,40.0,40.0,50.0,50.0,40.0,40.0,53.0,53.0,40.0,40.0,40.0,50.0,60.0,50.0,50.0,50.0,50.0,50.0,50.0,45.0,50.0,50.0,40.0,45.0,50.0,60.0,60.0,50.0,50.0,50.0,50.0,50.0,45.0,45.0,50.0,77.03752136,100.2211609,39.15335846,35.07078934,52.1365509,1.0,72.34980774,21.39909935,36.73654938,58.13428116,37.37995911,62.45904922,103.0,39.0,68.0,22.0,25.0,47.0,52.0,50.0,30.0,40.0,37.0,36.0
SIPA133,Sri Dhanalakshmi Steels,Prakasam,Pamur,Non-Exclusive,5954328.0,,39.9,AP,Active,210.0,26.0,32.0,60.0,23.0,47.0,40.0,31.0,11.0,6.0,26.0,25.0,40.0,18.0,24.0,36.0,26.0,31.0,37.0,24.0,25.0,37.0,12.0,11.0,16.0,41.71,0.0,14.28,11.96,7.220000000000001,25.99,23.89,0.0,12.59,16.580000000000002,26.93,21.0,13.0,17.0,24.0,30.0,30.0,34.0,30.0,46.0,46.0,25.0,25.0,25.0,20.0,24.0,24.0,24.0,24.0,24.0,24.0,24.0,30.0,24.0,24.0,15.0,20.0,24.0,24.0,24.0,25.0,25.0,20.0,20.0,24.0,15.0,15.0,15.0,57.91096878,35.71157074,55.26314163,46.46239853,67.71190643,1.0,46.65439987,32.15359879,23.0048008,27.6933403,27.7920208,105.6160431,39.0,64.0,76.0,91.0,75.0,58.0,61.0,76.0,68.0,41.0,44.0,38.0
SIPA134,Sri Sai Balaji Agencies,Prakasam,Podili,Non-Exclusive,5954328.0,67017.0,24.15,AP,Active,126.0,30.0,24.0,12.0,36.0,31.0,24.0,25.0,13.0,14.0,12.0,14.0,13.0,0.0,21.0,25.0,12.0,24.0,14.0,0.0,42.0,19.0,13.0,0.0,0.0,22.91,15.57,15.02,15.13,15.959999999999996,20.48,13.55,21.95,12.44,5.88,0.0,21.939999999999998,22.0,22.0,22.0,20.0,20.0,24.0,30.0,32.0,32.0,22.0,22.0,40.0,20.0,24.0,20.0,20.0,20.0,20.0,20.0,20.0,25.0,20.0,20.0,15.0,15.0,15.0,15.0,15.0,17.0,17.0,20.0,20.0,24.0,20.0,20.0,20.0,39.64796066,26.99411964,17.85555077,24.01444054,28.3700695,1.0,14.5019598,26.4776001,13.62691975,16.95472908,15.32647991,40.40140152,39.0,37.0,42.0,41.0,39.0,36.0,28.0,40.0,33.0,20.0,23.0,23.0
SIPA135,Sri Balaji Steel Traders,Prakasam,Singarayakonda,Non-Exclusive,5954328.0,70708.0,33.6,AP,Active,189.0,33.0,25.0,35.0,37.0,25.0,25.0,25.0,0.0,11.0,25.0,26.0,25.0,13.0,37.0,26.0,24.0,25.0,25.0,13.0,14.0,24.0,14.0,24.0,13.0,23.62,22.18,9.78,0.0,12.36,25.04,23.58,28.12,23.48,12.269999999999998,23.09,27.03,20.0,20.0,20.0,25.0,25.0,25.0,25.0,36.0,36.0,25.0,25.0,25.0,20.0,24.0,24.0,24.0,24.0,24.0,24.0,24.0,24.0,24.0,24.0,20.0,20.0,24.0,24.0,24.0,25.0,25.0,20.0,20.0,24.0,20.0,20.0,24.0,79.04373932,14.91331959,64.43058014,44.69601822,36.93991852,1.0,61.35760117,63.36235809,27.88952065,36.52687836,52.96080017,49.41312027,45.0,56.0,60.0,48.0,39.0,32.0,36.0,37.0,45.0,31.0,48.0,32.0
SIPA148,Sri Sita Mahalaxmi Enterprises,Vizianagaram,Parvathipuram,Non-Exclusive,3662958.0,,73.5,AP,Active,525.0,45.0,55.0,60.0,30.0,46.0,12.0,41.0,46.0,48.0,5.0,40.0,41.0,32.0,36.0,40.0,61.0,0.0,30.0,34.0,30.0,0.0,0.0,0.0,0.0,0.0,67.16,41.17,0.0,49.27,34.12,29.92,39.96999999999999,30.57,0.0,39.78,50.39999999999999,50.0,50.0,60.0,45.0,40.0,40.0,40.0,49.0,49.0,49.0,49.0,50.0,40.0,50.0,40.0,40.0,40.0,40.0,30.0,30.0,40.0,40.0,40.0,30.0,30.0,30.0,40.0,40.0,30.0,30.0,30.0,30.0,40.0,30.0,30.0,49.725,102.8781815,26.53079987,14.8987999,77.16011047,25.11727905,1.0,29.9041996,47.04629898,5.0,5.0,6.065599918,97.95469666,189.0,78.0,69.0,62.0,67.0,51.0,46.0,47.0,72.0,55.0,41.0,70.0
SIPA151,Arunodaya Steel Corporation,Vizianagaram,Vizianagaram,Non-Exclusive,3662958.0,,1353.45,AP,Active,1470.0,88.0,71.0,1.0,60.0,52.0,0.0,51.0,66.0,61.0,6.0,231.0,50.0,0.0,165.0,61.0,0.0,254.0,167.0,60.0,102.0,0.0,0.0,0.0,0.0,0.0,0.0,0.0,0.0,80.08,39.84,49.92,87.25999999999999,0.0,87.3,97.63999999999999,75.47999999999999,110.0,100.0,75.0,60.0,50.0,50.0,50.0,65.0,65.0,65.0,65.0,65.0,60.0,80.0,60.0,110.0,110.0,110.0,110.0,100.0,100.0,100.0,100.0,777.0,777.0,700.0,200.0,50.0,100.0,100.0,100.0,80.0,80.0,30.0,35.0,122.04999999999998,139.2962494,13.5095396,34.20011902,47.46615982,48.91854095,1.0,20.04030037,25.34903908,22.37174034,16.04537964,61.45254898,415.1555176,411.0,386.0,377.0,358.0,595.0,371.0,371.0,376.0,441.0,893.0,778.0,1289.0
SIPA154,,West Godavari,Eluru,Non-Exclusive,6422436.0,115625.0,0.0,,,735.0,16.0,0.0,14.0,13.0,11.0,14.0,12.0,2.0,17.0,6.0,11.0,0.0,0.0,0.0,0.0,0.0,0.0,0.0,0.0,0.0,0.0,0.0,0.0,0.0,,,,,,,,,,,,,13.0,13.0,12.0,12.0,12.0,12.0,12.0,12.0,12.0,12.0,12.0,33.0,12.0,15.0,0.0,0.0,0.0,0.0,0.0,0.0,0.0,0.0,0.0,0.0,,,,,,,,,,,,,19.33979034,10.21615982,1.675420046,5.67855978,8.864500046,1.0,1.364140034,1.946969986,19.61590004,2.209399939,1.0,25.79224014,0.0,0.0,0.0,0.0,0.0,0.0,0.0,0.0,0.0,0.0,0.0,0.0
SIPA163,Sri Vijayalaxmi Enterprises,Vizianagaram,Kothavalasa,Exclusive,3662958.0,,89.25,AP,Active,315.0,27.0,31.0,33.0,13.0,12.0,0.0,24.0,27.0,31.0,20.0,39.0,40.0,0.0,21.0,20.0,20.0,41.0,0.0,37.0,26.0,0.0,0.0,0.0,0.0,39.55,53.36,20.33,20.22,36.47,25.43,9.91,31.270000000000003,20.28,10.08,10.02,52.23,30.0,30.0,35.0,30.0,25.0,25.0,20.0,26.0,26.0,26.0,26.0,40.0,30.0,50.0,40.0,40.0,40.0,40.0,30.0,30.0,40.0,40.0,40.0,30.0,30.0,30.0,40.0,40.0,30.0,30.0,30.0,30.0,30.0,30.0,30.0,12.524999999999999,61.48905182,22.19971085,22.05213928,23.43646049,25.95767975,1.0,12.54829979,13.5938797,41.3637619,10.84350014,24.28986931,83.22466278,76.0,104.0,101.0,81.0,110.0,76.0,100.0,98.0,142.0,78.0,96.0,85.0
SIPA164,Kamakshi Steels - (U),Guntur,Undavalli,Non-Exclusive,6629265.0,10675.0,12.6,AP,Active,105.0,26.0,12.0,12.0,11.0,11.0,14.0,0.0,0.0,15.0,0.0,14.0,15.0,0.0,0.0,0.0,12.0,14.0,12.0,0.0,13.0,0.0,0.0,13.0,12.0,12.93,0.0,0.0,0.0,2.39,0.0,5.4,3.95,0.0,0.0,0.0,0.0,18.0,18.0,17.0,12.0,12.0,12.0,14.0,12.0,12.0,15.0,15.0,15.0,15.0,18.0,15.0,15.0,15.0,15.0,12.0,12.0,15.0,15.0,15.0,12.0,12.0,12.0,12.0,12.0,10.0,10.0,10.0,10.0,12.0,12.0,12.0,0.0,0.0,0.0,0.0,0.0,0.0,0.0,0.0,0.0,20.0,20.0,20.0,500.5700073,1.0,1.0,1.0,7.0,0.0,0.0,0.0,0.0,0.0,0.0,6.0,12.0
SIPA165,Om Vinayaka Hardware & Paints,Chittoor,Bangarupalem,Exclusive,6588204.0,73199.0,4.2,AP,Active,63.0,20.0,10.0,32.0,20.0,20.0,41.0,20.0,12.0,0.0,21.0,10.0,11.0,0.0,21.0,18.0,13.0,10.0,16.0,14.0,10.0,12.0,10.0,0.0,11.0,20.39,19.74,13.92,9.79,14.35,9.76,10.6,15.2,0.0,0.0,11.879999999999999,15.040000000000001,25.0,20.0,20.0,20.0,20.0,20.0,20.0,30.0,30.0,30.0,30.0,20.0,20.0,24.0,20.0,20.0,20.0,12.0,12.0,12.0,20.0,20.0,20.0,10.0,12.0,20.0,20.0,20.0,15.0,15.0,20.0,20.0,24.0,15.0,15.0,15.0,53.96606827,13.46693039,30.02223969,19.45659065,41.31119156,1.0,47.86668015,27.18972015,19.67494011,44.72988129,14.3435297,17.00702095,16.0,7.0,25.0,8.0,4.0,5.0,17.0,4.0,4.0,2.0,4.0,4.0
SIPA167,MATURI STEEL & CEMENT,Krishna,Machilipatnam,Non-Exclusive,6097627.0,69070.0,26.25,AP,Active,420.0,12.0,13.0,13.0,12.0,12.0,13.0,13.0,0.0,14.0,16.0,12.0,14.0,15.0,15.0,15.0,15.0,0.0,12.0,25.0,3.0,0.0,0.0,5.0,20.0,16.259999999999998,12.63,0.0,11.579999999999998,0.0,13.72,0.0,0.0,0.0,11.89,0.0,13.44,10.0,12.0,12.0,12.0,12.0,12.0,12.0,16.0,16.0,12.0,12.0,12.0,15.0,18.0,15.0,15.0,15.0,12.0,12.0,12.0,12.0,12.0,12.0,10.0,10.0,12.0,15.0,15.0,15.0,15.0,10.0,10.0,12.0,6.0,6.0,6.0,11.89999962,2.078639984,35.62797928,14.50119972,13.87948036,1.0,31.04426956,14.38251972,12.04757977,39.11938095,29.21636009,44.96852112,53.0,24.0,36.0,34.0,28.0,31.0,26.0,38.0,23.0,22.0,28.0,25.0
SIPA173,Jai Vasavi Steel Syndicate (V),East Godavari,Vaddigudem,Non-Exclusive,8274560.0,,58.8,AP,Active,315.0,49.0,0.0,37.0,45.0,0.0,30.0,0.0,31.0,30.0,5.0,20.0,30.0,32.0,35.0,29.0,30.0,30.0,0.0,31.0,30.0,0.0,0.0,0.0,0.0,0.0,25.11,25.07,30.14,0.0,31.23,28.5,26.85,32.870000000000005,0.0,30.69,30.080000000000005,50.0,40.0,30.0,30.0,30.0,30.0,30.0,29.0,29.0,29.0,29.0,29.0,30.0,35.0,30.0,30.0,30.0,30.0,30.0,30.0,30.0,30.0,30.0,25.0,25.0,30.0,30.0,30.0,25.0,25.0,25.0,25.0,30.0,22.0,22.0,38.362500000000004,41.60448074,30.20669937,10.43696022,12.71243954,1.853760004,1.0,8.575440407,2.249340057,2.523240089,12.93572044,4.529980183,16.28577995,100.0,75.0,40.0,58.0,96.0,35.0,37.0,55.0,35.0,35.0,56.0,56.0
SIPA174,Sai Venkata Lakshmi Steels,Guntur,Macherla,Exclusive,6629265.0,55758.0,141.75,AP,Active,315.0,71.0,67.0,50.0,70.0,58.0,53.0,30.0,20.0,71.0,64.0,41.0,89.0,60.0,65.0,71.0,64.0,61.0,46.0,53.0,54.0,54.0,12.0,41.0,41.0,44.86,40.05,45.11,25.47,0.0,12.580000000000002,20.34,18.33,37.56,22.02,29.950000000000003,34.239999999999995,60.0,60.0,40.0,50.0,50.0,50.0,50.0,71.0,71.0,60.0,60.0,60.0,60.0,70.0,60.0,60.0,60.0,60.0,50.0,50.0,55.0,50.0,40.0,40.0,40.0,40.0,45.0,45.0,60.0,60.0,50.0,35.0,35.0,30.0,30.0,30.4375,95.5090332,35.87575912,62.2005806,90.29826355,56.98149872,1.0,48.3822403,55.69060135,13.05879021,32.75991821,82.69641113,201.5475769,91.0,53.0,207.0,117.0,116.0,103.0,73.0,163.0,87.0,50.0,105.0,135.0
SIPA175,,Kurnool,Velgodu,Non-Exclusive,6203936.0,,0.0,,,,13.0,9.0,10.0,12.0,14.0,10.0,0.0,0.0,0.0,0.0,0.0,0.0,,,,,,,,,,,,,,,,,,,,,,,,,10.0,10.0,10.0,10.0,10.0,10.0,10.0,11.0,11.0,11.0,11.0,0.0,0.0,0.0,0.0,0.0,0.0,0.0,0.0,0.0,0.0,0.0,0.0,0.0,,,,,,,,,,,,,13.94318008,2.152990103,15.28586006,15.58578014,14.96086979,1.0,9.985759735,12.30893993,6.836190224,7.003439903,6.750800133,6.750800133,0.0,0.0,0.0,0.0,0.0,0.0,0.0,0.0,0.0,0.0,0.0,0.0
SIPA178,,Anantapur,Gorintla,Non-Exclusive,6321948.0,,10.5,,,,0.0,14.0,24.0,21.0,15.0,20.0,0.0,18.0,0.0,12.0,0.0,12.0,0.0,0.0,0.0,0.0,0.0,0.0,0.0,0.0,0.0,0.0,0.0,0.0,,,,,,,,,,,,,12.0,20.0,20.0,20.0,20.0,20.0,20.0,17.0,17.0,17.0,17.0,12.0,20.0,15.0,12.0,12.0,12.0,12.0,12.0,12.0,0.0,0.0,0.0,0.0,,,,,,,,,,,,,13.21352959,13.08300018,9.72743988,13.78672981,6.792600155,1.0,12.95652008,20.73376083,3.965640068,5.939010143,4.337279797,12.43144035,25.0,10.0,10.0,10.0,13.0,10.0,10.0,10.0,10.0,10.0,10.0,10.0
SIPA184,Sri Satyanarayana Stores,Prakasam,Tangutur,Exclusive,5954328.0,90270.0,11.55,AP,Active,52.5,25.0,23.0,20.0,20.0,9.0,17.0,16.0,0.0,0.0,19.0,12.0,12.0,0.0,12.0,13.0,13.0,9.0,21.0,11.0,12.0,15.0,13.0,0.0,12.0,11.87,12.56,12.51,0.0,15.679999999999998,15.45,12.57,10.61,12.71,11.35,0.0,12.98,18.0,18.0,18.0,20.0,20.0,15.0,15.0,38.0,38.0,20.0,20.0,15.0,12.0,15.0,12.0,12.0,12.0,12.0,12.0,12.0,15.0,12.0,12.0,10.0,12.0,12.0,12.0,12.0,15.0,15.0,10.0,10.0,12.0,12.0,12.0,12.0,53.7300415,37.06848145,43.92993927,37.26844025,27.41320038,1.0,14.21366978,12.48647022,13.1552496,13.23760033,12.66897964,42.65916061,17.0,32.0,23.0,24.0,27.0,29.0,28.0,21.0,19.0,15.0,14.0,11.0
SIPA187,Karthikeya Enterprises,Krishna,Agiripalli,Non-Exclusive,6097627.0,75381.0,26.25,AP,Active,52.5,20.0,14.0,13.0,4.0,11.0,12.0,13.0,15.0,15.0,12.0,13.0,13.0,0.0,6.0,18.0,15.0,8.0,0.0,14.0,13.0,10.0,2.0,3.0,10.0,2.3,10.34,1.74,0.0,10.29,13.81,15.9,0.0,12.36,0.0,0.0,0.0,12.0,12.0,12.0,12.0,12.0,12.0,12.0,15.0,15.0,12.0,12.0,12.0,15.0,18.0,15.0,15.0,15.0,15.0,12.0,12.0,12.0,12.0,12.0,10.0,10.0,10.0,10.0,10.0,10.0,10.0,10.0,10.0,12.0,12.0,12.0,12.0,50.79161835,18.15263939,25.23542023,16.04700089,24.9253006,1.0,17.80824089,11.11884022,26.29454041,29.56884003,30.29380035,20.43371964,59.0,22.0,34.0,40.0,30.0,30.0,25.0,27.0,41.0,23.0,24.0,25.0
SIPA190,Sri Bhavani Iron & Tiles,Guntur,Gurazala,Non-Exclusive,6629265.0,92260.0,26.25,AP,Active,42.0,20.0,16.0,15.0,16.0,21.0,16.0,18.0,19.0,19.0,20.0,21.0,20.0,20.0,29.0,19.0,20.0,20.0,13.0,0.0,21.0,0.0,12.0,13.0,15.0,14.579999999999998,15.53,12.29,12.46,18.72,0.0,20.37,24.06,19.97,11.26,15.01,20.71,12.0,15.0,15.0,15.0,15.0,15.0,15.0,23.0,23.0,20.0,20.0,20.0,20.0,24.0,20.0,20.0,20.0,20.0,20.0,20.0,20.0,20.0,12.0,15.0,15.0,15.0,15.0,15.0,18.0,18.0,20.0,20.0,20.0,15.0,15.0,19.7625,26.11208916,20.54534912,27.11595917,13.07392025,10.38376045,1.0,24.47307968,34.14770889,27.04286003,39.08375931,23.9056797,58.67699814,44.0,36.0,61.0,35.0,34.0,28.0,12.0,13.0,13.0,21.0,27.0,25.0
SIPA192,M. Bharatha Raju,Anantapur,Amarapuram,Non-Exclusive,6321948.0,67721.0,37.8,AP,Active,105.0,5.0,13.0,15.0,13.0,13.0,14.0,0.0,11.0,12.0,0.0,0.0,13.0,14.0,14.0,0.0,0.0,14.0,13.0,11.0,11.0,10.0,21.0,0.0,14.0,0.0,5.939999999999998,12.9,0.0,9.880000000000004,0.0,0.0,0.0,10.130000000000004,0.0,10.060000000000002,0.0,12.0,12.0,12.0,12.0,12.0,12.0,12.0,11.0,11.0,11.0,11.0,33.0,12.0,15.0,12.0,12.0,12.0,12.0,12.0,12.0,25.0,15.0,15.0,10.0,12.0,12.0,12.0,12.0,10.0,10.0,10.0,10.0,12.0,10.0,10.0,10.0,15.24687004,2.301739931,2.137599945,1.983279943,13.02748013,1.0,9.23731041,12.78248978,10.50094032,2.864700079,2.033440113,38.86111069,39.0,33.0,35.0,32.0,31.0,33.0,30.0,38.0,30.0,36.0,38.0,36.0
SIPA202,Mahesh Enterprises,Guntur,Vinukonda,Non-Exclusive,6629265.0,52773.0,110.25,AP,Active,367.5,34.0,27.0,21.0,31.0,42.0,0.0,34.0,28.0,50.0,29.0,68.0,64.0,45.0,86.0,66.0,49.0,71.0,64.0,58.0,83.0,56.0,19.0,33.0,66.0,60.48,40.46,40.41,50.900000000000006,51.59,53.46,23.4,0.0,53.55,24.43,43.21,52.709999999999994,35.0,30.0,30.0,30.0,30.0,30.0,0.0,34.0,34.0,30.0,30.0,40.0,30.0,50.0,50.0,50.0,50.0,50.0,60.0,60.0,75.0,75.0,50.0,40.0,45.0,50.0,70.0,60.0,60.0,60.0,50.0,50.0,50.0,40.0,40.0,50.0125,57.36896133,20.88015938,23.08988953,48.23189926,41.5092392,1.0,61.16120148,69.80709839,11.47447968,15.34113979,90.67601776,72.59261322,142.0,79.0,125.0,82.0,94.0,92.0,88.0,30.0,33.0,111.0,59.0,105.0
SIPA204,,Krishna,Avanigadda ,Non-Exclusive,6097627.0,64723.0,0.0,,,,9.0,0.0,16.0,13.0,0.0,0.0,0.0,0.0,0.0,0.0,0.0,0.0,,,,,,,,,,,,,,,,,,,,,,,,,12.0,12.0,12.0,12.0,12.0,0.0,0.0,0.0,0.0,0.0,0.0,0.0,0.0,0.0,0.0,0.0,0.0,0.0,0.0,0.0,0.0,0.0,0.0,0.0,,,,,,,,,,,,,32.63542175,4.171800137,20.9903698,19.38471985,11.71467972,1.0,10.0,10.0,10.0,10.0,10.0,0.0,0.0,0.0,0.0,0.0,0.0,0.0,0.0,0.0,0.0,0.0,0.0,0.0
SIPA205,Jaya Sree Enterprises,Kurnool,Nandyal,Non-Exclusive,6203936.0,68852.0,42.0,AP,Inactive,1050.0,64.0,74.0,63.0,61.0,61.0,64.0,52.0,61.0,63.0,60.0,82.0,61.0,60.0,56.0,76.0,0.0,35.0,24.0,40.0,0.0,0.0,0.0,0.0,0.0,0.0,0.0,0.0,0.0,0.0,0.0,0.0,0.0,0.0,0.0,,,70.0,70.0,70.0,60.0,60.0,60.0,50.0,78.0,78.0,78.0,78.0,75.0,70.0,84.0,70.0,75.0,75.0,60.0,60.0,60.0,60.0,0.0,0.0,0.0,0.0,0.0,0.0,0.0,0.0,0.0,0.0,0.0,0.0,0.0,0.0,0.0,79.36186218,29.73413086,3.909610033,28.63664055,30.98279953,1.0,26.61840057,4.726799965,6.422599792,7.098320007,2.0,0.0,138.0,68.0,125.0,56.0,72.0,71.0,66.0,43.0,41.0,40.0,40.0,40.0
SIPA206,Sree Rama Devi Steel & Cement,Cuddapah,Duvvuru,Exclusive,4111686.0,64599.0,49.35,AP,Active,94.5,7.0,24.0,12.0,19.0,24.0,24.0,12.0,22.0,12.0,25.0,12.0,25.0,12.0,26.0,25.0,20.0,25.0,24.0,13.0,0.0,20.0,20.0,12.0,31.0,23.51,12.35,7.16,12.37,11.87,0.0,21.700000000000003,12.0,0.0,11.739999999999998,12.24,11.98,20.0,20.0,12.0,12.0,12.0,12.0,12.0,23.0,23.0,23.0,23.0,20.0,20.0,24.0,24.0,24.0,24.0,20.0,20.0,20.0,20.0,20.0,20.0,20.0,20.0,20.0,20.0,20.0,20.0,20.0,20.0,20.0,20.0,12.0,12.0,12.0,33.62174988,4.140240192,45.32506943,33.33898163,19.19787979,1.0,25.63150978,35.78647995,22.24971962,13.03215981,28.14591026,27.91604996,31.0,3.0,26.0,21.0,25.0,27.0,3.0,0.0,0.0,14.0,15.0,47.0
SIPA208,Suresh And Ramesh Traders,Srikakulam,Pathapattanam,Non-Exclusive,4798722.0,80593.0,64.05,AP,Active,262.5,0.0,15.0,40.0,21.0,17.0,0.0,20.0,23.0,31.0,5.0,8.0,24.0,0.0,0.0,21.0,0.0,25.0,0.0,20.0,0.0,0.0,0.0,0.0,0.0,0.0,30.36,0.0,0.0,25.3,0.0,0.0,0.0,49.91,0.0,0.0,30.09,30.0,30.0,30.0,20.0,12.0,12.0,12.0,22.0,22.0,22.0,22.0,22.0,25.0,30.0,20.0,20.0,20.0,20.0,20.0,20.0,25.0,25.0,25.0,20.0,20.0,30.0,30.0,30.0,20.0,20.0,20.0,20.0,24.0,10.0,10.0,0.0,26.46898079,3.082309961,3.891860008,15.0500803,2.0,1.0,2.608099937,2.0,2.0,2.0,2.0,36.07315826,33.0,60.0,63.0,72.0,79.0,68.0,64.0,63.0,60.0,61.0,70.0,61.0
SIPA212,Yaswanthi Iron Mart,Anantapur,Dharmavaram,Non-Exclusive,6321948.0,50605.0,71.4,AP,Active,294.0,45.0,43.0,47.0,45.0,50.0,51.0,50.0,50.0,0.0,59.0,61.0,55.0,26.0,56.0,55.0,55.0,55.0,49.0,55.0,56.0,71.0,23.0,59.0,19.0,50.97,34.14,23.85,25.25,50.82000000000001,51.29,55.77,0.0,20.700000000000003,10.260000000000002,50.2,19.92,45.0,40.0,40.0,45.0,50.0,50.0,50.0,59.0,59.0,59.0,59.0,55.0,55.0,60.0,55.0,55.0,55.0,55.0,55.0,55.0,70.0,70.0,55.0,50.0,50.0,50.0,50.0,50.0,50.0,50.0,50.0,50.0,50.0,50.0,50.0,55.0,91.3342514,27.61240005,49.43584824,99.92691803,36.25996017,1.0,55.83884811,68.59529114,21.88376999,53.73207855,63.74932098,85.56954956,78.0,85.0,92.0,100.0,89.0,86.0,109.0,81.0,114.0,67.0,93.0,68.0
SIPA213,Sri Vasavi Agencies,Prakasam,Parchur,Non-Exclusive,5954328.0,68043.0,26.25,AP,Active,105.0,13.0,6.0,25.0,30.0,11.0,13.0,12.0,0.0,15.0,0.0,11.0,19.0,13.0,24.0,19.0,26.0,12.0,45.0,12.0,12.0,32.0,0.0,25.0,40.0,39.39,13.86,13.1,25.08,35.28,24.15,20.26,21.270000000000003,12.010000000000002,23.63,20.18,0.0,24.0,24.0,24.0,24.0,24.0,15.0,15.0,34.0,34.0,22.0,22.0,22.0,20.0,15.0,15.0,20.0,20.0,20.0,20.0,20.0,20.0,20.0,20.0,20.0,20.0,24.0,24.0,24.0,25.0,25.0,20.0,20.0,24.0,24.0,20.0,24.0,23.97156906,5.641200066,8.377479553,8.677599907,21.53092003,1.0,5.203839779,20.45755959,5.927979946,6.917500019,6.355959892,26.90115929,12.0,36.0,40.0,44.0,23.0,22.0,30.0,24.0,22.0,20.0,24.0,25.0
SIPA214,Sree Lakshmi Venkatarama Steels,West Godavari,Chintalapudi,Non-Exclusive,6422436.0,117324.0,36.75,AP,Active,126.0,13.0,13.0,13.0,10.0,13.0,6.0,16.0,10.0,13.0,5.0,2.0,12.0,,,,,,,,,,,,0.0,0.0,0.0,0.0,0.0,0.0,0.0,0.0,0.0,0.0,0.0,0.0,0.0,12.0,12.0,12.0,12.0,12.0,12.0,12.0,12.0,12.0,12.0,12.0,34.0,0.0,0.0,0.0,0.0,0.0,0.0,0.0,0.0,0.0,0.0,0.0,5.0,5.0,0.0,0.0,0.0,0.0,0.0,0.0,0.0,0.0,0.0,0.0,0.0,26.63735962,1.958400011,5.678679943,14.69194031,6.421919823,1.0,3.580660105,3.0,16.28160095,3.0,3.0,40.0,0.0,0.0,0.0,0.0,0.0,0.0,0.0,0.0,0.0,0.0,0.0,35.0
SIPA215,Raghavendra Traders,Chittoor,Kuppam,Non-Exclusive,6588204.0,120479.0,43.05,AP,Active,210.0,0.0,11.0,36.0,21.0,0.0,10.0,16.0,0.0,0.0,10.0,0.0,20.0,10.0,20.0,10.0,0.0,11.0,27.0,0.0,15.0,0.0,13.0,5.0,10.0,11.72,11.46,0.0,10.97,0.0,10.54,10.12,0.0,12.12,11.040000000000004,0.0,20.560000000000002,20.0,20.0,20.0,20.0,20.0,20.0,15.0,18.0,18.0,18.0,18.0,20.0,20.0,24.0,20.0,20.0,20.0,20.0,20.0,20.0,20.0,20.0,20.0,10.0,10.0,12.0,12.0,12.0,10.0,10.0,10.0,10.0,12.0,12.0,12.0,12.0,24.31900978,2.50026989,42.18767166,22.11770058,40.07727814,1.0,19.92024994,14.37176991,11.1971302,22.45383072,14.8660202,54.66682816,51.0,44.0,51.0,42.0,53.0,54.0,53.0,41.0,46.0,44.0,45.0,41.0
SIPA217,Capital Building Enterprises,Guntur,Mandadam,Non-Exclusive,6629265.0,6588.0,25.200000000000003,AP,Active,105.0,0.0,13.0,13.0,12.0,13.0,0.0,0.0,13.0,0.0,12.0,20.0,13.0,0.0,0.0,10.0,12.0,13.0,10.0,0.0,0.0,0.0,10.0,0.0,0.0,0.0,0.0,13.96,0.0,0.0,0.0,0.0,9.95,0.0,0.0,11.87,0.0,0.0,12.0,12.0,12.0,12.0,12.0,12.0,10.0,10.0,12.0,12.0,12.0,12.0,15.0,12.0,12.0,12.0,12.0,12.0,12.0,12.0,12.0,12.0,5.0,5.0,0.0,0.0,12.0,10.0,10.0,10.0,10.0,12.0,12.0,12.0,14.837499999999999,0.0,0.0,12.20382023,2.025360107,2.866080046,1.0,2.450040102,1.160760045,2.475840092,10.00782013,6.445079803,48.85250854,27.0,21.0,20.0,37.0,24.0,16.0,16.0,17.0,15.0,15.0,17.0,24.0
SIPA227,SRI GAYATHRI CEMENT & STEEL CORPORATION (NEW),Guntur,Guntur,Exclusive,6629265.0,131781.0,43.05,AP,Active,1260.0,51.0,13.0,71.0,47.0,19.0,51.0,55.0,45.0,38.0,31.0,18.0,41.0,12.0,0.0,31.0,20.0,0.0,14.0,0.0,0.0,0.0,0.0,0.0,0.0,0.0,0.0,0.0,0.0,0.0,0.0,0.0,0.0,0.0,0.0,0.0,0.0,50.0,50.0,0.0,50.0,50.0,50.0,50.0,55.0,55.0,50.0,50.0,75.0,50.0,48.0,30.0,30.0,30.0,30.0,30.0,30.0,30.0,0.0,0.0,0.0,12.0,12.0,12.0,12.0,0.0,0.0,0.0,0.0,0.0,0.0,0.0,0.0,96.34400177,11.9864397,54.18643951,23.01334,32.83063889,1.0,111.4412613,59.56428146,18.59980011,69.22810364,24.80434036,87.72660065,59.0,49.0,114.0,61.0,43.0,66.0,42.0,43.0,40.0,40.0,41.0,41.0
SIPA228,,Prakasam,Markapur,Non-Exclusive,5954328.0,51892.0,10.5,,,336.0,21.0,12.0,13.0,18.0,0.0,13.0,0.0,14.0,0.0,0.0,13.0,0.0,0.0,0.0,0.0,0.0,0.0,0.0,0.0,0.0,0.0,0.0,0.0,0.0,,,,,,,,,,,,,14.0,17.0,17.0,12.0,12.0,12.0,12.0,19.0,19.0,12.0,12.0,12.0,12.0,15.0,12.0,12.0,0.0,0.0,0.0,0.0,0.0,0.0,0.0,0.0,,,,,,,,,,,,,58.09712219,47.58557129,17.31430054,18.85744095,22.52643967,1.0,7.621640205,10.58883953,6.395740032,4.0,4.0,11.95479965,11.0,25.0,15.0,11.0,12.0,11.0,11.0,10.0,10.0,10.0,10.0,10.0
SIPA232,Sri Hari Hara Cement & Steels,Nellore,Atmakur,Non-Exclusive,4538626.0,90636.0,15.75,AP,Active,157.5,37.0,12.0,38.0,38.0,36.0,31.0,21.0,0.0,34.0,0.0,13.0,14.0,14.0,25.0,23.0,25.0,21.0,13.0,25.0,24.0,21.0,12.0,13.0,12.0,11.95,0.0,0.0,11.91,12.44,0.0,12.58,0.0,0.0,23.43,0.0,15.490000000000002,24.0,30.0,30.0,30.0,30.0,30.0,30.0,38.0,38.0,25.0,25.0,25.0,25.0,30.0,25.0,25.0,25.0,25.0,25.0,25.0,35.0,25.0,25.0,12.0,12.0,12.0,15.0,12.0,20.0,20.0,20.0,10.0,12.0,12.0,15.0,15.0,114.4915771,12.26159954,17.5581398,92.67111969,21.19655991,1.0,1.335659981,3.799849987,3.262500048,1.254179955,4.666860104,70.87336731,20.0,19.0,81.0,87.0,20.0,21.0,19.0,62.0,17.0,15.0,17.0,15.0
SIPA233,Sri Vigneswara Agencies,Nellore,Kota,Non-Exclusive,4538626.0,71463.0,87.15,AP,Active,252.0,40.0,66.0,44.0,33.0,21.0,42.0,50.0,51.0,47.0,56.0,46.0,102.0,25.0,48.0,51.0,51.0,57.0,75.0,50.0,70.0,25.0,31.0,50.0,62.0,52.45,25.19999999999999,10.12,20.889999999999997,47.72999999999999,55.329999999999984,54.48,53.63,50.120000000000005,32.050000000000004,25.400000000000006,54.84,40.0,45.0,45.0,45.0,45.0,40.0,40.0,53.0,53.0,50.0,50.0,50.0,55.0,60.0,50.0,50.0,50.0,50.0,50.0,50.0,60.0,50.0,50.0,40.0,40.0,45.0,50.0,50.0,50.0,50.0,50.0,50.0,50.0,50.0,50.0,35.0,43.65385818,42.84241867,52.51147842,35.0,35.0,1.0,35.0,35.0,35.0,35.0,35.0,0.0,70.0,78.0,105.0,128.0,44.0,128.0,69.0,64.0,78.0,53.0,60.0,83.0
SIPA234,Lakshmi Iron & Cements,Prakasam,Chirala,Non-Exclusive,5954328.0,85626.0,176.4,AP,Active,336.0,67.0,62.0,79.0,61.0,104.0,72.0,51.0,26.0,41.0,25.0,67.0,54.0,46.0,62.0,62.0,62.0,34.0,46.0,65.0,51.0,55.0,34.0,32.0,42.0,102.91,68.34,48.09,50.4,47.97,53.32000000000001,60.4,91.41,0.0,0.0,0.0,0.0,60.0,60.0,60.0,70.0,70.0,70.0,70.0,89.0,89.0,60.0,60.0,60.0,50.0,60.0,60.0,60.0,60.0,50.0,50.0,50.0,60.0,50.0,50.0,40.0,45.0,55.0,60.0,50.0,50.0,50.0,50.0,35.0,50.0,30.0,20.0,0.0,90.69203949,142.8840942,84.52639771,19.65995979,74.41091919,1.0,23.73995972,62.84159088,8.683199883,8.29308033,79.04873657,92.65921783,128.0,131.0,139.0,139.0,124.0,71.0,122.0,92.0,92.0,89.0,128.0,168.0
SIPA235,Maddileti Agencies Nandyal,Kurnool,Nandyal,Exclusive,6203936.0,68852.0,217.35,AP,Active,1050.0,81.0,85.0,51.0,74.0,57.0,51.0,41.0,51.0,52.0,56.0,51.0,51.0,48.0,53.0,56.0,76.0,57.0,53.0,60.0,61.0,91.0,31.0,60.0,74.0,91.53,39.39,33.25,30.260000000000005,55.97999999999999,63.43000000000001,55.75999999999999,55.32,45.98000000000001,29.58,64.75,55.72,80.0,80.0,70.0,60.0,60.0,60.0,50.0,76.0,76.0,76.0,76.0,70.0,70.0,70.0,60.0,60.0,60.0,60.0,60.0,60.0,80.0,60.0,60.0,60.0,60.0,65.0,65.0,55.0,65.0,65.0,50.0,50.0,60.0,60.0,50.0,55.0,112.8889236,74.299263,64.23455811,70.0835495,53.08769989,1.0,47.43444824,50.96377945,50.71982956,73.60624695,55.24411011,86.4360733,85.0,124.0,117.0,107.0,105.0,126.0,100.0,100.0,153.0,60.0,109.0,207.0
SIPA236,Siva Sankar Traders,Prakasam,Cumbum,Non-Exclusive,5954328.0,48698.0,21.0,AP,Active,131.25,31.0,0.0,32.0,26.0,12.0,12.0,27.0,16.0,0.0,33.0,21.0,34.0,0.0,26.0,22.0,21.0,20.0,23.0,24.0,25.0,32.0,0.0,26.0,29.0,28.410000000000004,24.49,25.34,24.91,10.95,11.39,20.25,10.04,16.79,13.83,12.030000000000001,38.56,24.0,24.0,24.0,24.0,24.0,24.0,20.0,26.0,26.0,20.0,20.0,32.0,20.0,24.0,20.0,20.0,20.0,20.0,20.0,20.0,20.0,24.0,24.0,20.0,24.0,24.0,30.0,24.0,25.0,25.0,20.0,20.0,24.0,24.0,24.0,24.0,94.32649994,25.82844925,8.225999832,41.53926086,4.645120144,1.0,40.7147789,16.87973976,0.925320029,2.076060057,2.932019949,64.11891937,1.0,24.0,22.0,24.0,16.0,5.0,25.0,6.0,0.0,4.0,6.0,20.0
SIPA237,Sri Sai Durga Traders,Guntur,Modukur,Non-Exclusive,6629265.0,6354.0,29.4,AP,Active,42.0,32.0,28.0,30.0,12.0,16.0,16.0,14.0,20.0,0.0,21.0,48.0,21.0,25.0,17.0,20.0,0.0,0.0,34.0,0.0,24.0,0.0,7.0,17.0,14.0,25.91,0.0,0.0,13.42,20.67,13.04,0.0,12.22,20.19,11.71,11.85,14.91,25.0,22.0,22.0,25.0,15.0,15.0,13.0,39.0,39.0,20.0,20.0,20.0,20.0,24.0,20.0,20.0,20.0,20.0,20.0,12.0,20.0,20.0,20.0,12.0,12.0,12.0,12.0,12.0,15.0,15.0,20.0,20.0,24.0,12.0,12.0,11.8125,54.53538132,29.65667915,15.29866028,15.15596008,3.061860085,1.0,54.82091904,22.69140053,1.189440012,0.876359999,47.72256088,84.36717987,72.0,29.0,42.0,38.0,26.0,47.0,27.0,25.0,25.0,59.0,25.0,28.0
SIPA238,Kalyan Traders,Cuddapah,Jammalamadugu,Non-Exclusive,4111686.0,32257.0,2.1,AP,Active,241.5,0.0,33.0,12.0,33.0,34.0,0.0,25.0,0.0,27.0,0.0,29.0,0.0,25.0,31.0,0.0,0.0,0.0,0.0,0.0,0.0,0.0,0.0,0.0,11.0,0.0,12.65,0.0,0.0,12.89,12.19,0.0,0.0,11.72,5.96,0.0,11.940000000000001,30.0,30.0,25.0,30.0,30.0,35.0,25.0,33.0,33.0,33.0,33.0,25.0,25.0,30.0,25.0,25.0,25.0,25.0,25.0,25.0,0.0,0.0,0.0,0.0,0.0,12.0,10.0,10.0,10.0,10.0,10.0,10.0,12.0,5.0,5.0,5.0,42.74747849,3.76631999,6.447360039,10.89791965,4.222859859,1.0,10.25082016,17.41200066,5.950940132,9.260700226,4.784999847,21.74819946,4.0,2.0,32.0,2.0,0.0,0.0,0.0,0.0,0.0,0.0,0.0,2.0
SIPA241,Sree Ranga Traders Atmakur,Kurnool,Atmakur,Non-Exclusive,6203936.0,121731.0,45.15,AP,Active,157.5,30.0,11.0,20.0,25.0,0.0,10.0,20.0,0.0,12.0,20.0,21.0,25.0,12.0,25.0,25.0,0.0,25.0,13.0,13.0,15.0,24.0,20.0,15.0,20.0,20.42,19.52,21.54,0.0,22.62,20.3,0.0,20.1,20.42,0.0,19.96,0.0,30.0,30.0,20.0,25.0,25.0,25.0,20.0,22.0,22.0,22.0,22.0,45.0,30.0,30.0,25.0,25.0,25.0,25.0,25.0,15.0,15.0,15.0,15.0,15.0,15.0,15.0,15.0,20.0,20.0,20.0,20.0,20.0,20.0,20.0,20.0,20.0,39.19752884,11.79232979,11.70419979,13.41501999,7.71683979,1.0,10.80121994,4.164279938,11.63064003,8.183719635,27.09506035,50.2625885,50.0,35.0,47.0,27.0,51.0,34.0,28.0,32.0,29.0,33.0,28.0,43.0
SIPA243,Sri Balaji Cement Agencies,Prakasam,Kandukuru,Non-Exclusive,5954328.0,44750.0,37.8,AP,Active,168.0,7.0,11.0,20.0,20.0,20.0,17.0,19.0,14.0,0.0,20.0,0.0,25.0,20.0,12.0,25.0,25.0,50.0,26.0,25.0,7.0,25.0,12.0,24.0,51.0,12.339999999999996,11.68,12.48,12.080000000000002,11.840000000000002,25.41,25.99,25.390000000000004,12.14,11.810000000000002,20.27,19.84,15.0,15.0,15.0,15.0,15.0,17.0,18.0,21.0,21.0,20.0,20.0,25.0,20.0,24.0,24.0,24.0,24.0,24.0,24.0,24.0,25.0,25.0,20.0,20.0,20.0,24.0,24.0,24.0,30.0,30.0,20.0,20.0,24.0,20.0,20.0,20.0,43.64656067,2.131200075,8.171999931,66.96575928,11.9187603,1.0,5.176080227,27.90151024,2.266489983,10.44863987,15.49116039,34.75149918,58.0,29.0,49.0,52.0,44.0,30.0,29.0,33.0,25.0,35.0,26.0,36.0
SIPA244,Sri Balaji Agencies,Guntur,Ponnur,Non-Exclusive,6629265.0,,122.85,AP,Active,367.5,128.0,53.0,69.0,69.0,45.0,30.0,46.0,31.0,63.0,25.0,30.0,44.0,65.0,43.0,64.0,59.0,21.0,45.0,49.0,40.0,18.0,22.0,51.0,45.0,51.11,53.99,30.430000000000003,24.86,24.83,25.44,49.2,20.65,49.290000000000006,19.67,49.63,20.11,90.0,75.0,70.0,75.0,75.0,60.0,60.0,75.0,75.0,75.0,75.0,126.0,70.0,75.0,60.0,60.0,60.0,50.0,50.0,50.0,50.0,40.0,50.0,40.0,50.0,50.0,50.0,50.0,50.0,50.0,50.0,50.0,50.0,40.0,40.0,62.0375,173.3475189,27.61529922,41.55390167,95.95349884,10.73161983,1.0,80.72740173,52.33538055,23.74356079,26.68152046,60.4358902,147.3127899,172.0,59.0,171.0,111.0,97.0,74.0,81.0,56.0,114.0,51.0,125.0,117.0
SIPA248,,Nellore,Vinjamur,Non-Exclusive,4538626.0,62031.0,0.0,,,94.5,7.0,13.0,26.0,18.0,12.0,0.0,12.0,11.0,0.0,11.0,12.0,0.0,0.0,0.0,0.0,0.0,0.0,0.0,0.0,0.0,0.0,0.0,0.0,0.0,,,,,,,,,,,,,10.0,12.0,12.0,12.0,12.0,12.0,12.0,16.0,16.0,12.0,12.0,12.0,12.0,15.0,12.0,15.0,0.0,0.0,0.0,0.0,0.0,0.0,0.0,0.0,,,,,,,,,,,,,27.14812088,35.03681946,20.15177917,23.66267967,33.58776093,1.0,2.220180035,7.2572999,0.75059998,1.068899989,23.82353973,48.57263947,25.0,0.0,18.0,0.0,0.0,0.0,0.0,0.0,0.0,0.0,0.0,0.0
SIPA249,MANIKANTA STEEL CEMENT AND HARDWARE,Krishna,GAMPALAGUDEM ,Non-Exclusive,6097627.0,79800.0,47.25,AP,Active,126.0,18.0,22.0,20.0,24.0,22.0,0.0,21.0,0.0,13.0,19.0,19.0,23.0,0.0,20.0,20.0,21.0,20.0,19.0,21.0,20.0,0.0,13.0,0.0,0.0,18.54,14.95,11.95,0.0,0.0,12.21,13.05,22.24,19.450000000000003,0.0,20.799999999999997,12.379999999999999,17.0,20.0,20.0,20.0,20.0,20.0,20.0,24.0,24.0,20.0,20.0,22.0,20.0,24.0,20.0,20.0,20.0,20.0,20.0,20.0,20.0,20.0,20.0,12.0,12.0,15.0,20.0,12.0,15.0,15.0,20.0,20.0,20.0,12.0,12.0,12.0,28.95866013,11.68772984,13.22591972,15.18282032,13.87199974,1.0,16.87416077,8.428919792,10.64564037,2.760240078,21.73737907,62.17498016,52.0,36.0,43.0,38.0,71.0,41.0,40.0,46.0,30.0,35.0,31.0,45.0
SIPA250,JAYA LAKSHMI STEEL & CEMENT (M),Krishna,Machilipatnam,Non-Exclusive,6097627.0,69070.0,10.5,AP,Active,420.0,20.0,21.0,12.0,13.0,0.0,11.0,0.0,0.0,15.0,0.0,13.0,0.0,15.0,0.0,0.0,0.0,0.0,0.0,0.0,0.0,13.0,13.0,0.0,0.0,0.0,0.0,0.0,0.0,0.0,0.0,0.0,0.0,0.0,0.0,0.0,0.0,20.0,20.0,20.0,20.0,17.0,12.0,12.0,14.0,14.0,14.0,14.0,14.0,14.0,17.0,15.0,15.0,15.0,15.0,15.0,15.0,0.0,0.0,0.0,0.0,0.0,0.0,0.0,0.0,0.0,0.0,0.0,0.0,0.0,0.0,0.0,0.0,89.01010895,49.74327087,76.35861206,64.33193207,63.6648407,1.0,45.02870178,78.0174408,59.39189148,115.8290176,81.25421143,136.4574432,15.0,13.0,15.0,17.0,12.0,10.0,10.0,10.0,10.0,18.0,16.0,10.0
SIPA252,SRI RAJA RAJESWARI STEELS & CEMENT,Nellore,SULLURPET,Non-Exclusive,4538626.0,83760.0,26.25,AP,Active,210.0,20.0,17.0,31.0,42.0,20.0,20.0,21.0,0.0,20.0,0.0,0.0,0.0,16.0,15.0,13.0,21.0,0.0,12.0,15.0,12.0,0.0,13.0,0.0,15.0,20.11,7.480000000000002,0.0,10.420000000000002,14.11,0.0,14.77,12.639999999999992,0.0,15.010000000000002,0.0,0.0,16.0,16.0,16.0,17.0,17.0,17.0,20.0,32.0,32.0,22.0,22.0,22.0,15.0,15.0,12.0,12.0,12.0,12.0,12.0,12.0,20.0,12.0,12.0,10.0,12.0,15.0,15.0,15.0,15.0,15.0,10.0,10.0,12.0,12.0,12.0,0.0,45.53545761,13.59375954,10.29143047,41.26914978,54.93545914,1.0,28.74385071,5.024340153,5.690400124,6.724140167,9.51791954,23.61333084,10.0,21.0,56.0,61.0,18.0,21.0,19.0,15.0,15.0,16.0,21.0,25.0
SIPA253,BEERAN SAAB TRADERS,Anantapur,O.D. CHERUVU,Non-Exclusive,6321948.0,,15.75,AP,Active,84.0,0.0,0.0,13.0,14.0,12.0,0.0,12.0,14.0,14.0,0.0,13.0,0.0,13.0,0.0,16.0,21.0,0.0,0.0,8.0,0.0,0.0,0.0,0.0,0.0,0.0,0.0,6.32,0.0,0.0,0.0,0.0,0.0,0.0,0.0,0.0,0.0,12.0,12.0,12.0,12.0,12.0,12.0,12.0,12.0,12.0,12.0,12.0,12.0,12.0,15.0,15.0,15.0,15.0,15.0,15.0,15.0,15.0,15.0,15.0,5.0,5.0,12.0,12.0,12.0,10.0,10.0,10.0,10.0,0.0,0.0,0.0,0.0,18.49353027,1.144440055,10.04438019,5.672609806,0.67395997,1.0,14.47990036,18.06879997,12.86555958,0.874440014,10.83483982,18.8695507,19.0,11.0,25.0,26.0,23.0,13.0,14.0,16.0,10.0,10.0,14.0,15.0
SIPA255,SRI SIRI TRADERS,Krishna,Avanigadda,Non-Exclusive,6097627.0,64723.0,27.3,AP,Active,126.0,17.0,0.0,26.0,12.0,14.0,0.0,17.0,0.0,17.0,30.0,0.0,17.0,0.0,0.0,24.0,12.0,0.0,0.0,13.0,4.0,0.0,0.0,0.0,0.0,12.15,0.0,0.0,0.0,0.0,0.0,0.0,0.0,0.0,0.0,0.0,0.0,10.0,17.0,17.0,17.0,17.0,15.0,15.0,16.0,16.0,16.0,16.0,16.0,15.0,18.0,18.0,20.0,20.0,20.0,15.0,12.0,10.0,12.0,12.0,0.0,10.0,12.0,12.0,12.0,10.0,10.0,10.0,10.0,12.0,10.0,10.0,10.0,28.77603912,2.650559902,21.57930946,6.232800007,22.45001984,1.0,2.253720045,9.483599663,1.246559978,10.90188026,17.14146042,25.30611992,30.0,28.0,47.0,45.0,33.0,27.0,27.0,29.0,28.0,27.0,31.0,26.0
SIPA257,SRI SRINIVASA ENTERPRISES,Krishna,Nagayalanka,Non-Exclusive,6097627.0,57220.0,11.55,AP,Active,73.5,13.0,0.0,14.0,5.0,13.0,0.0,13.0,12.0,13.0,13.0,29.0,14.0,14.0,0.0,14.0,13.0,16.0,13.0,13.0,15.0,0.0,12.0,13.0,0.0,23.950000000000003,0.0,11.83,0.0,3.6,10.52,11.47,0.0,11.32,0.0,11.870000000000001,12.96,12.0,12.0,12.0,12.0,12.0,12.0,12.0,12.0,12.0,12.0,12.0,12.0,12.0,15.0,12.0,12.0,12.0,12.0,12.0,12.0,12.0,12.0,12.0,10.0,10.0,12.0,12.0,12.0,10.0,10.0,10.0,10.0,12.0,12.0,12.0,12.0,0.0,0.0,0.0,0.0,10.21726036,1.0,32.15111923,44.65414047,33.03480148,32.70660019,36.11520004,67.28044128,58.0,23.0,38.0,35.0,19.0,35.0,7.0,31.0,13.0,12.0,24.0,11.0
SIPA259,,Anantapur,Madakasira,Non-Exclusive,6321948.0,102691.0,10.5,,,,12.0,0.0,12.0,12.0,14.0,13.0,0.0,14.0,13.0,13.0,0.0,0.0,0.0,14.0,0.0,0.0,12.0,0.0,0.0,0.0,0.0,0.0,0.0,0.0,,,,,,,,,,,,,12.0,12.0,12.0,12.0,12.0,12.0,12.0,12.0,12.0,12.0,12.0,12.0,12.0,15.0,12.0,12.0,12.0,12.0,12.0,12.0,0.0,0.0,0.0,0.0,,,,,,,,,,,,,17.04657936,3.635940075,7.630680084,9.424920082,8.516770363,1.0,3.132240057,15.91285038,15.17977047,11.9056797,2.495759964,11.49209976,12.0,24.0,11.0,10.0,16.0,15.0,10.0,10.0,10.0,10.0,10.0,10.0
SIPA260,SRI SRINIVASA AGENCIES,Guntur,NIJAMPATNAM,Non-Exclusive,6629265.0,80955.0,38.85,AP,Active,94.5,0.0,13.0,0.0,0.0,0.0,12.0,0.0,0.0,0.0,12.0,0.0,13.0,0.0,14.0,12.0,13.0,12.0,0.0,14.0,5.0,0.0,6.0,0.0,0.0,28.43,0.0,0.0,12.150000000000002,0.0,0.0,0.0,10.27,12.05,11.99,0.0,12.38,0.0,12.0,12.0,12.0,12.0,12.0,12.0,16.0,16.0,12.0,12.0,12.0,12.0,15.0,12.0,12.0,12.0,12.0,12.0,12.0,12.0,12.0,12.0,10.0,10.0,12.0,15.0,15.0,10.0,10.0,10.0,10.0,12.0,12.0,12.0,0.0,11.98357964,14.68290043,20.09111977,14.46629047,12.74337006,1.0,17.59333038,26.46273041,12.31978989,12.90161991,13.7760601,30.45599937,31.0,43.0,35.0,45.0,45.0,39.0,31.0,36.0,37.0,35.0,37.0,37.0
SIPA263,BALA PRAGATHI TRADERS,Prakasam,YERRAGONDAPALEM,Non-Exclusive,5954328.0,64063.0,33.6,AP,Active,78.75,49.0,13.0,14.0,22.0,26.0,0.0,26.0,12.0,0.0,0.0,0.0,0.0,12.0,12.0,15.0,5.0,0.0,11.0,9.0,10.0,0.0,13.0,0.0,13.0,12.0,12.78,0.0,0.0,11.98,0.0,12.170000000000002,0.0,0.0,0.0,0.0,0.0,25.0,25.0,25.0,25.0,25.0,30.0,25.0,28.0,28.0,22.0,22.0,22.0,12.0,15.0,15.0,15.0,15.0,15.0,12.0,12.0,15.0,12.0,12.0,10.0,10.0,12.0,12.0,12.0,10.0,10.0,10.0,10.0,12.0,12.0,10.0,10.0,66.98426056,27.05240059,35.11404037,22.78956032,32.23896027,1.0,19.06703949,19.42605972,15.27383995,14.73497963,18.87911987,21.0564003,18.0,27.0,37.0,18.0,23.0,35.0,20.0,29.0,23.0,17.0,24.0,32.0
SIPA265,RAMANA STEEL,Anantapur,PAMIDI,Non-Exclusive,6321948.0,82189.0,23.1,AP,Active,105.0,25.0,0.0,29.0,26.0,13.0,13.0,15.0,23.0,12.0,25.0,0.0,20.0,0.0,16.0,20.0,35.0,39.0,14.0,20.0,0.0,20.0,15.0,16.0,5.0,14.81,0.0,9.66,0.0,11.18,9.68,20.11,23.09,0.0,0.0,10.959999999999999,19.0,12.0,12.0,12.0,15.0,15.0,12.0,12.0,22.0,22.0,22.0,22.0,17.0,20.0,15.0,15.0,15.0,15.0,15.0,15.0,20.0,20.0,20.0,20.0,15.0,15.0,15.0,20.0,20.0,20.0,20.0,20.0,20.0,20.0,10.0,20.0,20.0,46.09032822,12.69371986,19.72757912,3.835200071,11.79732037,1.0,10.65017986,22.88632965,15.78528023,14.22467995,2.13815999,29.80800056,26.0,37.0,44.0,60.0,35.0,34.0,40.0,21.0,52.0,20.0,37.0,22.0
SIPA266,Dada And Co V Kota,Chittoor,V Kota,Non-Exclusive,6588204.0,101124.0,21.0,AP,Inactive,210.0,0.0,9.0,14.0,14.0,15.0,10.0,10.0,0.0,0.0,11.0,0.0,0.0,0.0,6.0,0.0,0.0,0.0,0.0,0.0,0.0,0.0,0.0,0.0,0.0,0.0,0.0,0.0,0.0,0.0,0.0,0.0,0.0,0.0,0.0,,,20.0,15.0,15.0,15.0,15.0,15.0,10.0,13.0,13.0,13.0,13.0,12.0,12.0,15.0,10.0,10.0,10.0,10.0,10.0,10.0,10.0,6.0,6.0,0.0,0.0,0.0,0.0,0.0,0.0,0.0,0.0,0.0,0.0,0.0,0.0,0.0,22.57336044,10.44717979,25.55789948,22.31991959,26.52099991,1.0,10.87903976,10.16734982,10.23243046,42.57711029,11.13547993,20.70447922,21.0,20.0,21.0,22.0,20.0,20.0,21.0,20.0,20.0,20.0,20.0,20.0
SIPA270,SRI SRINIVASA STEELS (T),Guntur,THULLUR,Non-Exclusive,6629265.0,61875.0,6.300000000000001,AP,Active,94.5,19.0,8.0,13.0,13.0,13.0,14.0,0.0,12.0,14.0,28.0,16.0,0.0,15.0,16.0,12.0,15.0,13.0,12.0,13.0,14.0,13.0,13.0,26.0,23.0,12.99,26.58,9.92,12.0,10.419999999999998,11.98,10.45,9.27,20.39,12.15,11.72,15.36,17.0,17.0,17.0,12.0,12.0,12.0,14.0,19.0,19.0,15.0,15.0,34.0,18.0,22.0,15.0,15.0,15.0,15.0,15.0,12.0,15.0,15.0,15.0,12.0,12.0,15.0,20.0,20.0,20.0,20.0,10.0,10.0,15.0,15.0,15.0,14.65,36.93560028,19.25115967,23.38599968,23.6357193,17.48236084,1.0,20.35593033,39.52833176,17.51310921,19.29027939,46.13584137,29.88648033,0.0,0.0,1.0,1.0,40.0,1.0,0.0,0.0,0.0,0.0,40.0,6.0
SIPA271,Sri Kishore Traders,Nellore,UDAYAGIRI,Non-Exclusive,4538626.0,36378.0,13.65,AP,Active,63.0,12.0,0.0,13.0,13.0,0.0,11.0,13.0,0.0,0.0,12.0,0.0,0.0,13.0,0.0,14.0,11.0,7.0,7.0,7.0,0.0,0.0,0.0,0.0,13.0,0.0,0.0,0.0,0.0,12.49,11.59,0.0,11.55,12.09,0.0,12.01,0.0,8.0,10.0,10.0,10.0,10.0,10.0,12.0,11.0,11.0,12.0,12.0,12.0,12.0,15.0,12.0,12.0,12.0,12.0,12.0,12.0,12.0,12.0,12.0,0.0,0.0,0.0,0.0,0.0,0.0,10.0,10.0,10.0,10.0,10.0,10.0,12.0,26.99388695,8.58837986,24.03482056,20.52537918,10.04539967,1.0,8.917719841,6.496640205,6.938539982,5.17471981,6.929200172,20.09613037,19.0,18.0,28.0,25.0,15.0,35.0,17.0,12.0,14.0,15.0,10.0,13.0
SIPA273,VIZAG STEELS,Krishna,VIJAYAWADA,Non-Exclusive,6097627.0,141039.0,331.8,AP,Active,2100.0,12.0,29.0,26.0,16.0,26.0,0.0,25.0,0.0,20.0,0.0,7.0,21.0,20.0,0.0,24.0,16.0,0.0,0.0,21.0,20.0,0.0,19.0,0.0,48.0,71.32,25.35,32.14,2.75,21.42,28.91,0.0,20.58,0.0,28.66,19.96,30.619999999999997,25.0,25.0,25.0,25.0,25.0,25.0,25.0,29.0,29.0,20.0,20.0,20.0,20.0,24.0,20.0,20.0,20.0,20.0,20.0,20.0,20.0,20.0,20.0,15.0,20.0,30.0,35.0,30.0,20.0,20.0,35.0,35.0,35.0,22.0,22.0,22.0,43.31457138,14.97576046,14.88827991,23.23955917,8.597279549,1.0,25.55286026,5.816160202,5.141640186,24.60527992,7.581480026,28.12397957,26.0,316.0,307.0,312.0,313.0,305.0,316.0,320.0,306.0,325.0,313.0,316.0
SIPA274,M V STEEL TRADERS (C),Krishna,Challapalli,Non-Exclusive,6097627.0,70607.0,42.0,AP,Active,210.0,13.0,15.0,13.0,14.0,15.0,13.0,0.0,0.0,15.0,16.0,15.0,0.0,0.0,0.0,15.0,14.0,19.0,25.0,15.0,33.0,0.0,0.0,25.0,23.0,24.51,16.080000000000002,12.57,0.0,14.64,17.62,11.39,11.15,12.98,0.0,12.030000000000001,24.29,12.0,12.0,12.0,12.0,12.0,12.0,12.0,15.0,15.0,15.0,15.0,15.0,15.0,18.0,15.0,15.0,15.0,20.0,20.0,15.0,20.0,20.0,20.0,12.0,12.0,15.0,20.0,20.0,15.0,15.0,20.0,20.0,20.0,12.0,12.0,12.0,35.06219101,8.377200127,7.670340061,15.15252018,8.001119614,1.0,12.22873974,2.398679972,4.359360218,6.325560093,13.40952015,28.8803997,17.0,29.0,29.0,44.0,45.0,28.0,35.0,57.0,25.0,39.0,34.0,40.0
SIPA275,KHAJA BANDE NAWAZ TRADERS,Kurnool,ORVAKAL,Exclusive,6203936.0,63306.0,10.5,AP,Active,42.0,26.0,5.0,27.0,22.0,20.0,20.0,21.0,7.0,20.0,37.0,20.0,33.0,20.0,26.0,25.0,27.0,26.0,25.0,0.0,26.0,26.0,8.0,0.0,0.0,20.67,12.37,0.0,0.0,0.0,16.07,11.95,13.12,12.46,12.22,12.8,0.0,25.0,20.0,20.0,20.0,20.0,20.0,20.0,33.0,33.0,33.0,33.0,20.0,20.0,24.0,25.0,25.0,25.0,25.0,25.0,25.0,25.0,25.0,25.0,20.0,20.0,20.0,20.0,20.0,15.0,15.0,10.0,10.0,12.0,12.0,12.0,12.0,119.2770386,177.5789337,133.0763245,111.3631973,157.2940674,1.0,92.05529785,164.1106262,48.84075928,73.37023926,167.5101166,252.7739563,42.0,6.0,32.0,26.0,26.0,3.0,4.0,19.0,7.0,0.0,12.0,10.0
SIPA276,NAGA SAI STEEL CORPORATION,Guntur,PIDUGURALLA,Non-Exclusive,6629265.0,59216.0,33.6,AP,Active,147.0,30.0,32.0,27.0,16.0,33.0,0.0,0.0,0.0,0.0,0.0,3.0,0.0,6.0,0.0,0.0,16.0,0.0,12.0,18.0,0.0,0.0,0.0,5.0,0.0,23.340000000000003,0.0,0.0,15.21,10.61,9.65,11.34,7.82,6.14,0.0,12.73,11.700000000000001,25.0,25.0,25.0,25.0,25.0,20.0,18.0,20.0,20.0,0.0,10.0,10.0,12.0,15.0,15.0,15.0,15.0,15.0,15.0,15.0,15.0,15.0,15.0,10.0,12.0,15.0,15.0,15.0,10.0,10.0,10.0,10.0,12.0,12.0,12.0,11.912500000000001,52.85520935,64.25003815,54.06132126,38.42023849,11.27943993,1.0,49.3555603,11.01856041,11.0067997,13.70493984,11.00716019,25.61816025,21.0,27.0,27.0,24.0,21.0,35.0,22.0,21.0,20.0,21.0,27.0,32.0
SIPA278,SRI MUTHUMARIYAMMAN TRADERS,Chittoor,PAKALA,Non-Exclusive,6588204.0,78232.0,30.450000000000003,AP,Active,63.0,10.0,10.0,14.0,20.0,10.0,0.0,16.0,0.0,14.0,12.0,10.0,9.0,0.0,12.0,0.0,10.0,9.0,10.0,12.0,11.0,0.0,15.0,0.0,11.0,0.0,10.4,11.86,12.31,11.93,9.97,10.44,10.18,0.0,8.98,0.0,10.18,12.0,10.0,10.0,10.0,10.0,10.0,15.0,15.0,15.0,15.0,15.0,12.0,15.0,15.0,12.0,10.0,10.0,10.0,10.0,10.0,20.0,12.0,12.0,5.0,10.0,12.0,12.0,12.0,10.0,10.0,10.0,10.0,12.0,12.0,12.0,12.0,33.46334076,40.05192947,47.88808823,61.50505829,61.24177933,1.0,49.61172104,38.17322159,55.56555939,53.79362106,46.79771042,24.88168907,24.0,27.0,37.0,27.0,28.0,32.0,28.0,27.0,35.0,29.0,36.0,29.0
SIPA281,Maha Ganapathi Steels,Guntur,Narasaraopet,Non-Exclusive,6629265.0,95698.0,79.8,AP,Active,682.5,0.0,12.0,12.0,21.0,14.0,14.0,14.0,0.0,14.0,46.0,21.0,39.0,26.0,26.0,0.0,25.0,0.0,13.0,20.0,20.0,0.0,12.0,0.0,13.0,19.93,0.0,19.89,0.0,25.28,0.0,0.0,0.0,0.0,0.0,0.0,0.0,25.0,25.0,22.0,22.0,22.0,17.0,22.0,26.0,26.0,20.0,20.0,20.0,25.0,30.0,25.0,25.0,25.0,25.0,20.0,20.0,20.0,20.0,25.0,12.0,12.0,20.0,25.0,25.0,15.0,15.0,20.0,20.0,24.0,10.0,10.0,0.0,17.02264023,46.04758835,51.56296921,49.21659851,52.54191971,1.0,83.78848267,51.54827881,43.09204102,47.02196121,62.86347961,139.0960388,61.0,66.0,78.0,86.0,75.0,68.0,72.0,69.0,83.0,81.0,73.0,76.0
SIPA282,SHOAIB STEELS,Anantapur,GOOTY,Non-Exclusive,6321948.0,88887.0,65.10000000000001,AP,Active,231.0,48.0,45.0,50.0,56.0,50.0,50.0,44.0,61.0,59.0,56.0,52.0,50.0,50.0,52.0,62.0,51.0,51.0,40.0,52.0,50.0,56.0,25.0,29.0,24.0,50.08,29.1,26.27,20.14,18.16,46.08,51.75,23.68,21.52,19.879999999999995,26.84,24.84,45.0,40.0,45.0,45.0,50.0,50.0,40.0,61.0,61.0,61.0,61.0,50.0,55.0,60.0,60.0,60.0,60.0,50.0,50.0,50.0,65.0,55.0,50.0,40.0,45.0,50.0,45.0,40.0,50.0,50.0,50.0,50.0,50.0,30.0,40.0,40.0,77.24314117,63.18909073,55.28664017,44.5973587,71.38421631,1.0,43.47817993,71.00169373,60.05644989,51.96223831,56.26261139,78.70294189,87.0,109.0,110.0,101.0,106.0,106.0,104.0,101.0,84.0,100.0,51.0,62.0
SIPA285,,Guntur,KOLLURU,Non-Exclusive,6629265.0,2158.0,0.0,,,,12.0,0.0,0.0,0.0,0.0,0.0,0.0,0.0,0.0,0.0,0.0,0.0,,,,,,,,,,,,,,,,,,,,,,,,,10.0,10.0,0.0,0.0,0.0,0.0,0.0,0.0,0.0,0.0,0.0,0.0,0.0,0.0,0.0,0.0,0.0,0.0,0.0,0.0,0.0,0.0,0.0,0.0,,,,,,,,,,,,,20.26460075,10.27089977,10.95351982,11.65275955,10.0,1.0,10.0,10.0,10.0,10.0,10.0,0.0,0.0,0.0,0.0,0.0,0.0,0.0,0.0,0.0,0.0,0.0,0.0,0.0
SIPA286,,Kurnool,KOLAKUNTLA,Non-Exclusive,6203936.0,,0.0,,,,22.0,0.0,25.0,0.0,0.0,0.0,0.0,0.0,0.0,0.0,0.0,0.0,,,,,,,,,,,,,,,,,,,,,,,,,20.0,15.0,12.0,0.0,0.0,0.0,0.0,0.0,0.0,0.0,0.0,0.0,0.0,0.0,0.0,0.0,0.0,0.0,0.0,0.0,0.0,0.0,0.0,0.0,,,,,,,,,,,,,0.0,0.0,0.0,10.0,12.77888012,1.0,15.01019001,19.86245918,25.80755043,17.97123909,24.99220085,28.41444969,0.0,0.0,0.0,0.0,0.0,0.0,0.0,0.0,0.0,0.0,0.0,0.0
SIPA287,SAI KEERTHI ENTERPRISES,Krishna,BANTUMILLI ,Non-Exclusive,6097627.0,53237.0,33.6,AP,Active,105.0,0.0,0.0,0.0,14.0,11.0,0.0,0.0,13.0,0.0,13.0,12.0,14.0,0.0,0.0,12.0,0.0,12.0,12.0,11.0,25.0,13.0,13.0,0.0,11.0,12.64,12.37,0.0,0.0,13.21,11.83,11.28,12.16,0.0,0.0,11.99,0.0,12.0,12.0,12.0,12.0,12.0,10.0,12.0,12.0,12.0,12.0,12.0,12.0,12.0,15.0,12.0,12.0,12.0,12.0,12.0,12.0,12.0,12.0,12.0,10.0,10.0,12.0,12.0,12.0,10.0,10.0,10.0,10.0,12.0,12.0,12.0,12.0,12.19692993,6.139999866,6.071839809,7.718359947,11.80543995,1.0,6.160580158,5.974279881,8.227999687,11.22883987,13.59403992,27.96139908,31.0,19.0,22.0,17.0,26.0,25.0,35.0,34.0,16.0,19.0,20.0,32.0
SIPA288,,Kurnool,Pattikonda,Non-Exclusive,6203936.0,98304.0,0.0,,,73.5,17.0,16.0,16.0,13.0,18.0,0.0,15.0,0.0,16.0,0.0,16.0,13.0,0.0,0.0,0.0,0.0,0.0,0.0,0.0,0.0,0.0,0.0,0.0,0.0,,,,,,,,,,,,,15.0,15.0,15.0,15.0,15.0,15.0,15.0,18.0,18.0,18.0,18.0,35.0,15.0,18.0,20.0,20.0,20.0,20.0,20.0,20.0,0.0,0.0,0.0,0.0,,,,,,,,,,,,,39.94539261,28.80801964,32.81018066,31.56949997,25.6161499,1.0,20.61426926,13.55663967,22.63900948,20.83703995,17.91647911,17.75448036,22.0,8.0,0.0,2.0,0.0,0.0,0.0,0.0,0.0,0.0,0.0,0.0
SIPA289,Sri Surya Cement & Steels,Srikakulam,Sompeta,Non-Exclusive,4798722.0,78908.0,21.0,AP,Inactive,52.5,0.0,15.0,0.0,15.0,13.0,0.0,7.0,10.0,20.0,5.0,4.0,0.0,,,,,,,,,,,0.0,0.0,0.0,0.0,0.0,0.0,0.0,0.0,0.0,0.0,0.0,0.0,,,30.0,15.0,12.0,12.0,12.0,12.0,12.0,12.0,12.0,12.0,12.0,0.0,0.0,0.0,0.0,0.0,0.0,0.0,0.0,0.0,0.0,0.0,10.0,10.0,10.0,0.0,0.0,0.0,0.0,0.0,0.0,0.0,0.0,0.0,0.0,0.0,20.21755981,1.510560036,2.976300001,2.23980999,0.0,1.0,0.0,0.0,0.0,0.0,0.0,20.0,0.0,0.0,0.0,0.0,0.0,0.0,0.0,0.0,0.0,0.0,20.0,20.0
SIPA290,Sai Steels,Kurnool,Adhoni,Non-Exclusive,6203936.0,102942.0,57.75,AP,Active,262.5,26.0,25.0,26.0,25.0,15.0,11.0,0.0,12.0,29.0,0.0,15.0,22.0,0.0,17.0,25.0,25.0,50.0,25.0,13.0,25.0,0.0,0.0,14.0,22.0,0.0,54.45,0.0,29.77,0.0,25.380000000000003,0.0,0.0,0.0,0.0,0.0,,25.0,25.0,25.0,25.0,25.0,25.0,40.0,32.0,32.0,32.0,32.0,25.0,30.0,30.0,25.0,25.0,25.0,25.0,25.0,25.0,25.0,25.0,25.0,20.0,20.0,25.0,24.0,24.0,25.0,25.0,35.0,35.0,35.0,0.0,0.0,0.0,33.44923019,3.592560053,30.76704025,12.03143978,12.84887981,1.0,8.922459602,23.3465004,13.75582981,11.67780018,6.623020172,42.34257889,47.0,32.0,47.0,63.0,63.0,46.0,49.0,30.0,39.0,59.0,30.0,55.0
SIPA291,HSN Cement and Steels,Chittoor,Kalikiri,Non-Exclusive,6588204.0,61794.0,36.75,AP,Active,115.5,24.0,22.0,21.0,22.0,23.0,0.0,20.0,25.0,27.0,0.0,19.0,20.0,26.0,25.0,25.0,0.0,25.0,24.0,25.0,25.0,30.0,30.0,0.0,30.0,0.0,24.43,0.0,0.0,25.37,0.0,24.88,0.0,10.14,0.0,0.0,0.0,20.0,20.0,20.0,20.0,20.0,20.0,20.0,28.0,28.0,28.0,28.0,55.0,25.0,30.0,25.0,25.0,25.0,25.0,25.0,25.0,25.0,25.0,25.0,20.0,20.0,25.0,25.0,25.0,25.0,25.0,20.0,20.0,24.0,20.0,20.0,20.0,121.6911469,76.54177094,100.9748306,92.95955658,75.86673737,1.0,78.77752686,82.39009857,37.32884979,38.08879852,55.008461,58.25450134,36.0,54.0,51.0,37.0,32.0,51.0,36.0,35.0,43.0,44.0,52.0,35.0
SIPA292,,Guntur,Guntur,Non-Exclusive,6629265.0,131781.0,0.0,,,1260.0,0.0,0.0,0.0,0.0,0.0,0.0,0.0,0.0,0.0,0.0,0.0,0.0,,,,,,,,,,,,,,,,,,,,,,,,,12.0,12.0,0.0,0.0,12.0,0.0,0.0,0.0,0.0,0.0,0.0,0.0,0.0,0.0,0.0,0.0,0.0,0.0,0.0,0.0,0.0,0.0,0.0,0.0,,,,,,,,,,,,,51.13835907,2.360630035,1.208160043,0.748669982,0.68712002,1.0,0.0,0.0,0.0,0.0,0.0,0.0,0.0,0.0,0.0,0.0,0.0,0.0,0.0,0.0,0.0,0.0,0.0,0.0
SIPA296,,East Godavari,Venkataypalem,Non-Exclusive,8274560.0,,21.0,,,,24.0,0.0,0.0,0.0,12.0,0.0,0.0,12.0,33.0,6.0,19.0,0.0,0.0,0.0,0.0,0.0,0.0,0.0,0.0,0.0,0.0,0.0,0.0,0.0,,,,,,,,,,,,,20.0,20.0,12.0,12.0,12.0,12.0,12.0,27.0,27.0,27.0,27.0,27.0,15.0,18.0,0.0,0.0,0.0,0.0,0.0,0.0,0.0,0.0,0.0,0.0,,,,,,,,,,,,,28.62183952,2.190360069,3.009190083,1.181759953,0.0,1.0,0.703199983,0.503400028,34.73976135,2.126039982,1.485299945,100.4412994,101.0,20.0,20.0,20.0,20.0,20.0,20.0,20.0,20.0,20.0,20.0,20.0
SIPA300,Sri Venkateswara Fertilizers,Chittoor,Pichatoor,Non-Exclusive,6588204.0,36144.0,19.95,AP,Active,78.75,26.0,20.0,40.0,35.0,25.0,25.0,26.0,25.0,25.0,24.0,25.0,24.0,26.0,20.0,25.0,0.0,25.0,24.0,0.0,31.0,25.0,0.0,0.0,0.0,26.32,11.9,0.0,0.0,20.11,0.0,0.0,19.75,0.0,19.12,24.520000000000003,0.0,15.0,20.0,15.0,25.0,25.0,25.0,25.0,35.0,35.0,35.0,35.0,25.0,25.0,30.0,25.0,25.0,25.0,25.0,25.0,25.0,30.0,30.0,25.0,15.0,20.0,20.0,25.0,20.0,20.0,20.0,20.0,20.0,24.0,12.0,12.0,12.0,70.83485413,26.62298012,28.09518051,21.24517059,44.46141052,1.0,25.29974937,27.62101936,25.2139492,34.3222084,19.45317078,41.98669815,41.0,22.0,47.0,21.0,21.0,43.0,21.0,19.0,29.0,22.0,25.0,19.0
SIPA302,Sesha Sai Traders,West Godavari,Tadepalligudem,Non-Exclusive,6422436.0,88256.0,63.0,AP,Active,210.0,12.0,25.0,34.0,25.0,14.0,25.0,0.0,25.0,8.0,13.0,14.0,17.0,13.0,0.0,0.0,15.0,3.0,3.0,0.0,10.0,0.0,0.0,0.0,0.0,0.0,3.46,3.39,3.73,15.24,11.88,12.74,13.25,12.06,15.249999999999998,15.07,12.399999999999999,22.0,22.0,25.0,25.0,25.0,25.0,25.0,25.0,25.0,25.0,25.0,25.0,20.0,24.0,15.0,15.0,15.0,15.0,12.0,12.0,15.0,15.0,15.0,15.0,15.0,15.0,15.0,10.0,10.0,10.0,10.0,10.0,11.667,12.0,12.0,18.8375,19.07579041,53.25056839,20.60816956,14.64272022,3.953000069,1.0,14.80282974,0.0,4.686600208,0.0,2.903000116,223.1834412,220.0,70.0,61.0,60.0,63.0,60.0,60.0,60.0,60.0,60.0,64.0,60.0
SIPA306,,Anantapur,Narpala,Non-Exclusive,6321948.0,73955.0,0.0,,,,0.0,11.0,13.0,12.0,12.0,0.0,24.0,0.0,0.0,0.0,0.0,0.0,,,,,,,,,,,,,,,,,,,,,,,,,12.0,12.0,12.0,12.0,12.0,12.0,12.0,20.0,20.0,20.0,20.0,0.0,0.0,0.0,0.0,0.0,0.0,0.0,0.0,0.0,0.0,0.0,0.0,0.0,,,,,,,,,,,,,3.638819933,13.33763981,12.98208046,24.07349968,4.72258997,1.0,18.26742935,8.995120049,1.995479941,0.51918,0.459120005,0.459120005,0.0,0.0,0.0,0.0,0.0,0.0,0.0,0.0,0.0,0.0,0.0,0.0
SIPA307,,East Godavari,Tallarevu,Non-Exclusive,8274560.0,,0.0,,,,0.0,0.0,0.0,0.0,0.0,0.0,0.0,0.0,0.0,0.0,0.0,0.0,,,,,,,,,,,,,,,,,,,,,,,,,0.0,0.0,0.0,0.0,0.0,0.0,0.0,0.0,0.0,0.0,0.0,0.0,0.0,0.0,0.0,0.0,0.0,0.0,0.0,0.0,0.0,0.0,0.0,0.0,,,,,,,,,,,,,1.004459977,0.0,0.0,0.0,0.0,1.0,0.0,0.0,0.0,0.0,0.0,0.0,0.0,0.0,0.0,0.0,0.0,0.0,0.0,0.0,0.0,0.0,0.0,0.0
SIPA308,Mahalakshmi Steel Enterprises,West Godavari,Narsapuram,Non-Exclusive,6422436.0,,49.35,AP,Active,472.5,22.0,0.0,31.0,21.0,16.0,0.0,0.0,12.0,13.0,4.0,11.0,0.0,12.0,0.0,0.0,12.0,25.0,12.0,12.0,0.0,0.0,0.0,0.0,0.0,12.89,24.94,0.0,14.22,17.55,20.12,0.0,15.7,0.0,31.78,15.329999999999998,27.730000000000004,20.0,20.0,20.0,15.0,15.0,15.0,12.0,12.0,12.0,12.0,12.0,12.0,12.0,15.0,12.0,12.0,12.0,12.0,12.0,12.0,20.0,20.0,20.0,12.0,12.0,20.0,15.0,20.0,10.0,10.0,10.0,10.0,15.0,12.0,15.0,19.162499999999998,40.3047905,5.195519924,3.288419962,10.63854027,6.68903017,1.0,7.063739777,18.59325981,15.0156002,13.95977974,1.03895998,123.7424393,122.0,43.0,40.0,55.0,69.0,44.0,44.0,44.0,42.0,40.0,64.0,47.0
SIPA309,Basha Agencies,Nellore,Naidupeta,Non-Exclusive,4538626.0,79648.0,50.400000000000006,AP,Active,262.5,53.0,47.0,50.0,53.0,50.0,61.0,51.0,51.0,0.0,31.0,39.0,49.0,0.0,52.0,51.0,51.0,51.0,11.0,54.0,45.0,0.0,30.0,40.0,40.0,0.0,25.87,41.31,0.0,55.78,0.0,0.0,22.5,33.81999999999999,23.58,40.45,102.08,50.0,50.0,50.0,50.0,50.0,50.0,50.0,65.0,65.0,60.0,60.0,81.0,50.0,60.0,50.0,50.0,50.0,50.0,50.0,50.0,60.0,50.0,40.0,30.0,30.0,30.0,40.0,40.0,45.0,45.0,50.0,35.0,40.0,20.0,20.0,50.5625,63.03564072,65.12789154,32.17036057,34.50251007,86.8497467,1.0,54.00682068,64.35800171,6.705369949,3.147840023,3.358890057,94.40882874,57.0,64.0,136.0,82.0,53.0,95.0,41.0,35.0,36.0,35.0,41.0,48.0
SIPA310,SRI VENKATA SAI STEELS,Prakasam,Kandukur,Non-Exclusive,5954328.0,,85.05,AP,Active,168.0,26.0,0.0,25.0,20.0,20.0,18.0,25.0,6.0,12.0,24.0,12.0,35.0,12.0,13.0,37.0,24.0,27.0,37.0,25.0,13.0,37.0,18.0,12.0,41.0,62.91,9.41,0.0,12.130000000000004,26.739999999999988,32.41,24.04,20.06,24.92000000000001,10.41,27.53,35.43000000000001,17.0,17.0,17.0,17.0,17.0,17.0,20.0,25.0,25.0,20.0,20.0,20.0,20.0,24.0,24.0,24.0,24.0,24.0,24.0,24.0,25.0,25.0,25.0,20.0,20.0,24.0,24.0,24.0,30.0,30.0,20.0,20.0,24.0,24.0,20.0,20.0,63.92594147,12.02945042,20.95203972,42.98001862,10.10099983,1.0,5.848800182,15.08574009,2.066279888,6.080959797,40.1330986,31.41297913,54.0,35.0,58.0,47.0,28.0,30.0,45.0,24.0,25.0,24.0,27.0,81.0
SIPA311,,East Godavari,Mandapeta,Non-Exclusive,8274560.0,79046.0,31.5,,,367.5,29.0,31.0,43.0,25.0,26.0,5.0,0.0,33.0,36.0,10.0,22.0,10.0,0.0,0.0,0.0,0.0,0.0,0.0,0.0,0.0,0.0,0.0,0.0,0.0,,,,,,,,,,,,,29.0,30.0,30.0,20.0,20.0,20.0,20.0,28.0,28.0,28.0,28.0,44.0,12.0,0.0,0.0,0.0,0.0,0.0,0.0,0.0,0.0,0.0,0.0,0.0,,,,,,,,,,,,,35.42541885,9.045189857,11.89272022,0.463440001,29.13875961,1.0,8.038439751,2.80279994,21.5237999,23.5262394,0.332500011,141.7959747,100.0,36.0,30.0,30.0,30.0,30.0,30.0,30.0,30.0,30.0,30.0,30.0
SIPA312,,Anantapur,Uravakonda,Non-Exclusive,6321948.0,80201.0,8.4,,,,12.0,12.0,0.0,15.0,14.0,0.0,15.0,0.0,0.0,15.0,0.0,0.0,0.0,0.0,13.0,0.0,13.0,0.0,0.0,0.0,0.0,0.0,0.0,0.0,,,,,,,,,,,,,12.0,12.0,12.0,12.0,12.0,12.0,12.0,17.0,17.0,17.0,17.0,12.0,12.0,15.0,10.0,10.0,10.0,10.0,10.0,10.0,0.0,0.0,0.0,0.0,,,,,,,,,,,,,55.76074982,16.31448936,10.89589024,14.37370014,2.555639982,1.0,10.47268009,10.12714005,6.191110134,1.934630036,1.880570054,16.9422493,9.0,20.0,18.0,15.0,26.0,9.0,8.0,8.0,8.0,8.0,8.0,8.0
SIPA313,,Anantapur,GUNTAKAL,Non-Exclusive,6321948.0,45385.0,0.0,,,,24.0,21.0,34.0,0.0,0.0,0.0,0.0,0.0,0.0,0.0,0.0,0.0,,,,,,,,,,,,,,,,,,,,,,,,,22.0,25.0,25.0,25.0,20.0,0.0,0.0,0.0,0.0,0.0,0.0,0.0,0.0,0.0,0.0,0.0,0.0,0.0,0.0,0.0,0.0,0.0,0.0,0.0,,,,,,,,,,,,,76.19258881,9.75041008,25.63413048,20.46376991,3.201359987,1.0,0.0,0.0,0.0,0.0,0.0,0.0,0.0,0.0,0.0,0.0,0.0,0.0,0.0,0.0,0.0,0.0,0.0,0.0
SIPA314,Vali Enterprises,Kurnool,Bethamcherla,Non-Exclusive,6203936.0,88726.0,5.25,AP,Inactive,105.0,12.0,0.0,14.0,9.0,14.0,12.0,0.0,7.0,0.0,11.0,13.0,12.0,0.0,16.0,11.0,0.0,0.0,0.0,0.0,0.0,0.0,0.0,0.0,0.0,0.0,0.0,0.0,0.0,0.0,0.0,0.0,0.0,0.0,0.0,,,12.0,12.0,12.0,12.0,12.0,12.0,12.0,16.0,16.0,16.0,16.0,12.0,12.0,15.0,12.0,12.0,12.0,12.0,12.0,12.0,12.0,12.0,12.0,0.0,0.0,0.0,0.0,0.0,0.0,0.0,0.0,0.0,0.0,0.0,0.0,0.0,24.52025986,3.701030016,8.453300476,3.488280058,9.714050293,1.0,3.132380009,6.095620155,5.459109783,5.088479996,10.91110039,12.06239986,29.0,11.0,24.0,9.0,10.0,11.0,5.0,5.0,6.0,5.0,5.0,5.0
SIPA315,Vemuri Steels,Krishna,Tiruvuru,Non-Exclusive,6097627.0,76731.0,40.95,AP,Active,147.0,7.0,20.0,21.0,23.0,28.0,21.0,0.0,0.0,11.0,0.0,12.0,13.0,23.0,13.0,20.0,23.0,20.0,12.0,0.0,21.0,0.0,0.0,12.0,16.0,40.22,12.170000000000002,12.77,0.0,14.19,15.78,0.0,21.630000000000003,0.0,0.0,32.169999999999995,0.0,30.0,30.0,30.0,30.0,25.0,20.0,20.0,20.0,20.0,20.0,20.0,38.0,20.0,24.0,20.0,20.0,20.0,20.0,20.0,20.0,20.0,20.0,12.0,15.0,12.0,20.0,20.0,12.0,15.0,15.0,20.0,10.0,20.0,15.0,15.0,15.0,41.67694855,35.68682861,51.48550034,9.621839523,24.99161911,1.0,0.17351,0.395660013,2.832550049,0.208560005,0.047400001,8.641180038,24.0,32.0,59.0,40.0,34.0,28.0,22.0,23.0,38.0,20.0,22.0,39.0
SIPA316,Sri Uma Maheswara Cement Traders,Kurnool,Peapully,Non-Exclusive,6203936.0,,5.25,AP,Inactive,42.0,13.0,13.0,13.0,13.0,12.0,13.0,13.0,13.0,0.0,6.0,8.0,13.0,0.0,13.0,15.0,0.0,21.0,0.0,0.0,0.0,0.0,0.0,0.0,0.0,0.0,0.0,0.0,0.0,0.0,0.0,0.0,0.0,0.0,0.0,,,10.0,10.0,10.0,12.0,12.0,12.0,12.0,17.0,17.0,17.0,17.0,12.0,12.0,15.0,15.0,15.0,15.0,12.0,12.0,12.0,15.0,15.0,12.0,0.0,0.0,0.0,0.0,0.0,0.0,0.0,0.0,0.0,0.0,0.0,0.0,0.0,15.51714039,10.19684029,12.21557999,13.91287041,11.30471992,1.0,13.40592003,9.818710327,4.631639957,3.72239995,8.968130112,18.24865913,10.0,9.0,20.0,13.0,7.0,7.0,9.0,8.0,7.0,5.0,5.0,5.0
SIPA317,CHALLA VENKATA SUBBAIAH AND COMPANY,Krishna,Krishna,Exclusive,6097627.0,,23.1,AP,Active,2100.0,31.0,31.0,28.0,10.0,32.0,11.0,51.0,11.0,48.0,26.0,22.0,0.0,0.0,33.0,12.0,13.0,12.0,27.0,20.0,4.0,10.0,13.0,12.0,0.0,0.0,12.78,11.9,0.0,14.139999999999995,0.0,13.31,12.37,12.309999999999995,0.0,13.27,0.0,30.0,30.0,30.0,30.0,30.0,25.0,25.0,48.0,48.0,40.0,40.0,40.0,30.0,24.0,24.0,24.0,24.0,24.0,20.0,20.0,25.0,25.0,25.0,12.0,12.0,12.0,24.0,24.0,15.0,15.0,10.0,10.0,12.0,12.0,12.0,12.0,47.38143921,49.3094902,31.1685009,17.0,25.28997993,1.0,38.62136078,13.05294037,33.05884171,16.62883949,18.26343918,22.56946945,32.0,37.0,48.0,26.0,33.0,33.0,29.0,31.0,27.0,24.0,33.0,22.0
SIPA318,URUKUNDU ERANNA SWAMY AGENCIES,Kurnool,PATTIKONDA,Non-Exclusive,6203936.0,98304.0,21.0,AP,Active,73.5,15.0,6.0,20.0,32.0,13.0,13.0,25.0,13.0,12.0,23.0,15.0,23.0,22.0,37.0,26.0,25.0,24.0,0.0,11.0,0.0,25.0,20.0,0.0,17.0,15.04,0.0,25.4,0.0,0.0,7.83,23.590000000000003,0.0,0.0,19.7,0.0,15.200000000000001,15.0,12.0,12.0,12.0,12.0,12.0,12.0,23.0,23.0,23.0,23.0,15.0,15.0,18.0,25.0,25.0,25.0,25.0,25.0,25.0,30.0,30.0,20.0,15.0,15.0,20.0,25.0,25.0,22.0,22.0,20.0,20.0,20.0,10.0,15.0,15.0,29.57266045,9.989560127,24.28441048,24.68519974,17.20684052,1.0,15.62232018,14.17698002,12.8702898,29.98163986,10.83619022,34.94335938,48.0,53.0,55.0,46.0,50.0,30.0,24.0,25.0,25.0,29.0,22.0,20.0
SIPA319,Gayatri Steels,East Godavari,Samarlakota,Non-Exclusive,8274560.0,,114.45,AP,Active,420.0,71.0,48.0,60.0,51.0,0.0,51.0,30.0,22.0,72.0,6.0,37.0,30.0,10.0,43.0,29.0,0.0,40.0,0.0,42.0,42.0,0.0,0.0,0.0,0.0,33.220000000000006,37.5,12.62,15.560000000000002,29.8,36.19,28.31000000000001,25.61,60.11,29.7,89.52000000000001,35.26,60.0,65.0,60.0,50.0,50.0,50.0,50.0,55.0,55.0,55.0,55.0,55.0,50.0,60.0,50.0,50.0,50.0,50.0,40.0,40.0,40.0,40.0,40.0,30.0,30.0,50.0,60.0,60.0,25.0,25.0,25.0,20.0,30.0,30.0,30.0,111.9,102.089798,73.00948334,56.69264984,41.90726089,25.59511948,1.0,15.57281017,30.64979935,24.91180038,57.41324997,23.98547935,137.6306763,136.0,110.0,82.0,92.0,71.0,85.0,90.0,79.0,125.0,90.0,106.0,109.0
SIPA320,VANAMA APPANNA & SONS IRON COMPANY,Guntur,Guntur,Non-Exclusive,6629265.0,131781.0,60.900000000000006,AP,Active,1260.0,32.0,32.0,0.0,18.0,12.0,12.0,16.0,15.0,0.0,14.0,12.0,13.0,27.0,16.0,32.0,21.0,33.0,25.0,53.0,12.0,17.0,14.0,14.0,26.0,30.5,11.55,0.0,13.29,25.0,0.0,12.5,12.17,11.8,12.98,15.309999999999999,13.969999999999999,18.0,20.0,17.0,20.0,12.0,12.0,15.0,34.0,34.0,15.0,15.0,15.0,18.0,22.0,22.0,22.0,22.0,25.0,25.0,25.0,30.0,30.0,25.0,25.0,25.0,25.0,30.0,30.0,30.0,30.0,35.0,20.0,24.0,15.0,15.0,19.1375,40.26142883,10.96088028,4.949769974,15.4265604,40.02513885,1.0,26.68856049,16.45433044,0.0,1.090489984,0.0,30.0,32.0,59.0,107.0,77.0,64.0,83.0,91.0,53.0,90.0,69.0,63.0,58.0
SIPA321,LALITHA SAI TRADERS,Prakasam,Parchur,Non-Exclusive,5954328.0,68043.0,37.8,AP,Active,105.0,24.0,12.0,34.0,13.0,12.0,13.0,32.0,14.0,13.0,39.0,55.0,52.0,13.0,40.0,37.0,25.0,36.0,12.0,0.0,21.0,0.0,7.0,0.0,16.0,7.68,10.24,0.0,8.95,20.58,25.270000000000003,20.08,19.81,20.5,15.000000000000004,21.540000000000006,11.369999999999997,20.0,20.0,20.0,20.0,20.0,12.0,12.0,26.0,26.0,17.0,17.0,30.0,20.0,24.0,35.0,25.0,25.0,25.0,25.0,20.0,20.0,20.0,20.0,15.0,15.0,15.0,15.0,15.0,20.0,20.0,20.0,20.0,24.0,24.0,20.0,24.0,39.057621,14.9513998,30.88330078,6.597959995,13.90289974,1.0,32.45709991,5.759819984,10.53948021,40.74787903,26.24099922,106.1150436,35.0,61.0,74.0,61.0,53.0,43.0,34.0,37.0,49.0,31.0,40.0,36.0
SIPA322,,Krishna,VIJAYAWADA,Non-Exclusive,6097627.0,141039.0,0.0,,,,20.0,0.0,0.0,0.0,0.0,0.0,0.0,0.0,0.0,0.0,0.0,0.0,,,,,,,,,,,,,,,,,,,,,,,,,30.0,30.0,30.0,30.0,0.0,0.0,0.0,0.0,0.0,0.0,0.0,0.0,0.0,0.0,0.0,0.0,0.0,0.0,0.0,0.0,0.0,0.0,0.0,0.0,,,,,,,,,,,,,39.07160187,1.160760045,2.244719982,1.085340023,0.0,1.0,0.0,0.0,0.0,0.0,0.0,0.0,0.0,0.0,0.0,0.0,0.0,0.0,0.0,0.0,0.0,0.0,0.0,0.0
SIPA323,SREE AKSHAY BUILDING NEEDS,Anantapur,GUNTAKAL,Non-Exclusive,6321948.0,45385.0,4.2,AP,Active,178.5,23.0,25.0,14.0,26.0,25.0,22.0,22.0,26.0,26.0,24.0,27.0,29.0,30.0,32.0,0.0,30.0,31.0,0.0,0.0,30.0,29.0,0.0,29.0,29.0,0.0,0.0,0.0,0.0,0.0,0.0,0.0,0.0,0.0,0.0,0.0,0.0,25.0,25.0,25.0,20.0,20.0,20.0,20.0,33.0,33.0,33.0,33.0,30.0,30.0,36.0,30.0,30.0,30.0,30.0,30.0,30.0,50.0,40.0,30.0,20.0,20.0,30.0,20.0,20.0,0.0,0.0,0.0,0.0,0.0,0.0,0.0,0.0,56.02264023,22.75118065,21.81892014,49.44797897,21.55703926,1.0,44.97521973,42.65784073,37.01042175,29.04466057,23.93232918,9.594820023,40.0,8.0,27.0,24.0,8.0,47.0,5.0,39.0,1.0,0.0,3.0,4.0
SIPA324,Sri Balaji Traders (T),Anantapur,Thimmampalli,Non-Exclusive,6321948.0,,15.75,AP,Active,52.5,13.0,0.0,12.0,15.0,0.0,0.0,13.0,13.0,25.0,0.0,12.0,0.0,14.0,0.0,12.0,0.0,14.0,0.0,10.0,11.0,0.0,16.0,0.0,6.0,0.0,0.0,0.0,0.0,10.47,10.260000000000002,9.420000000000002,0.0,9.76,0.0,10.279999999999998,0.0,12.0,12.0,12.0,12.0,12.0,12.0,12.0,16.0,16.0,16.0,16.0,15.0,12.0,15.0,15.0,15.0,15.0,15.0,15.0,15.0,15.0,15.0,15.0,5.0,5.0,5.0,5.0,10.0,10.0,10.0,10.0,10.0,10.0,12.0,12.0,12.0,15.83045006,2.364190102,3.77147007,4.401279926,8.779259682,1.0,14.20384979,19.66530991,3.77008009,36.53329086,0.462000012,12.82993984,25.0,9.0,21.0,9.0,9.0,12.0,11.0,12.0,16.0,8.0,13.0,15.0
SIPA325,SRI SAI NARESH TRADERS,Chittoor,Chinnathippa Samudram,Non-Exclusive,6588204.0,9823.0,23.1,AP,Active,42.0,20.0,16.0,16.0,19.0,37.0,0.0,16.0,25.0,0.0,14.0,16.0,19.0,0.0,16.0,17.0,0.0,13.0,12.0,0.0,10.0,15.0,7.0,0.0,8.0,0.0,0.0,0.0,0.0,0.0,0.0,0.0,0.0,0.0,0.0,0.0,0.0,17.0,15.0,15.0,15.0,15.0,15.0,15.0,23.0,23.0,23.0,23.0,20.0,20.0,15.0,15.0,15.0,15.0,15.0,15.0,12.0,15.0,15.0,10.0,10.0,10.0,10.0,10.0,10.0,0.0,0.0,0.0,0.0,0.0,0.0,0.0,0.0,39.18492889,21.90119934,16.49040031,9.491160393,29.04372025,1.0,19.27965927,39.23487854,0.902999997,3.844199896,8.067239761,23.17823982,31.0,19.0,39.0,22.0,35.0,20.0,20.0,20.0,34.0,19.0,20.0,22.0
SIPA326,,Krishna,Vijayawada,Non-Exclusive,6097627.0,141039.0,42.0,,,2100.0,29.0,33.0,12.0,12.0,12.0,0.0,11.0,0.0,12.0,7.0,13.0,26.0,0.0,0.0,0.0,0.0,0.0,0.0,0.0,0.0,0.0,0.0,0.0,0.0,,,,,,,,,,,,,30.0,30.0,30.0,30.0,30.0,20.0,15.0,47.0,47.0,25.0,25.0,25.0,20.0,24.0,20.0,20.0,20.0,20.0,10.0,10.0,0.0,0.0,0.0,0.0,,,,,,,,,,,,,51.66104126,24.31524086,45.35707092,0.56904,1.839169979,1.0,3.222779989,19.40325928,0.370319992,0.660420001,0.924070001,1.975270033,9.0,41.0,51.0,40.0,44.0,43.0,41.0,40.0,40.0,40.0,40.0,40.0
SIPA327,SRI KRISHNA CEMENTS & IRON,Krishna,GUDIVADA,Non-Exclusive,6097627.0,49571.0,37.8,AP,Active,420.0,27.0,14.0,13.0,5.0,14.0,14.0,13.0,0.0,13.0,14.0,12.0,16.0,16.0,16.0,18.0,0.0,35.0,0.0,18.0,0.0,17.0,0.0,18.0,19.0,0.0,0.0,0.0,0.0,16.689999999999998,0.0,0.0,0.0,0.0,0.0,23.990000000000002,12.850000000000001,12.0,12.0,12.0,12.0,12.0,12.0,12.0,18.0,18.0,12.0,12.0,15.0,14.0,17.0,17.0,17.0,17.0,17.0,17.0,15.0,20.0,17.0,17.0,12.0,15.0,12.0,20.0,20.0,17.0,17.0,10.0,10.0,12.0,5.0,5.0,5.0,42.29216003,4.018320084,14.08485985,21.62994957,0.503400028,1.0,23.32699966,5.38973999,3.006180048,10.98731995,4.455659866,13.86641979,27.0,21.0,57.0,35.0,28.0,42.0,22.0,35.0,20.0,23.0,23.0,36.0
SIPA328,Aditya Enterprises Nidadavole,West Godavari,Nidadavole,Non-Exclusive,6422436.0,70436.0,36.75,AP,Active,157.5,12.0,0.0,13.0,0.0,12.0,0.0,12.0,16.0,19.0,6.0,8.0,0.0,0.0,0.0,0.0,0.0,0.0,0.0,0.0,0.0,0.0,0.0,0.0,0.0,,12.58,0.0,0.0,0.0,0.0,0.0,0.0,0.0,0.0,0.0,0.0,10.0,10.0,12.0,12.0,12.0,12.0,12.0,17.0,17.0,17.0,17.0,17.0,12.0,15.0,0.0,0.0,0.0,0.0,0.0,0.0,0.0,0.0,0.0,0.0,0.0,5.0,10.0,12.0,10.0,10.0,10.0,10.0,0.0,0.0,0.0,0.0,25.12397003,0.089400001,0.130919993,3.0079,6.009500027,1.0,0.604149997,0.635219991,20.19024086,20.57188034,0.0,82.28247833,80.0,43.0,35.0,35.0,35.0,35.0,35.0,35.0,35.0,35.0,35.0,35.0
SIPA329,SREE RAMA STEELS,Cuddapah,Proddatur,Non-Exclusive,4111686.0,96162.0,152.25,AP,Active,735.0,69.0,69.0,69.0,74.0,53.0,49.0,62.0,56.0,25.0,52.0,54.0,111.0,60.0,86.0,56.0,82.0,100.0,51.0,63.0,80.0,81.0,30.0,74.0,61.0,86.10000000000001,60.61,49.69999999999999,24.99,30.06,30.67000000000001,33.76,0.0,31.08,29.83,40.36000000000001,41.160000000000004,75.0,75.0,75.0,75.0,75.0,70.0,75.0,76.0,76.0,76.0,76.0,75.0,75.0,90.0,80.0,80.0,70.0,75.0,75.0,75.0,90.0,80.0,70.0,70.0,70.0,70.0,70.0,70.0,80.0,80.0,80.0,80.0,80.0,40.0,40.0,40.0,116.6058807,60.06032181,42.98548889,82.61608124,35.78417969,1.0,126.7774124,64.90991211,18.6811409,78.00338745,93.02664185,166.8150635,227.0,33.0,92.0,112.0,116.0,88.0,42.0,38.0,30.0,32.0,70.0,145.0
SIPA330,SRI VENKATARAMANA IRON AND HARDWARE,Prakasam,Pamuru,Non-Exclusive,5954328.0,63017.0,39.9,AP,Active,210.0,19.0,8.0,17.0,29.0,16.0,15.0,20.0,18.0,0.0,19.0,17.0,25.0,0.0,15.0,12.0,14.0,32.0,13.0,0.0,21.0,20.0,28.0,13.0,15.0,29.67,11.96,14.36,13.27,21.43,23.06,12.49,13.12,23.83,10.86,19.87,20.57,15.0,15.0,15.0,15.0,15.0,15.0,15.0,23.0,23.0,18.0,18.0,18.0,20.0,24.0,20.0,20.0,20.0,20.0,20.0,20.0,24.0,24.0,20.0,15.0,15.0,15.0,20.0,20.0,18.0,18.0,20.0,10.0,17.0,17.0,17.0,15.0,31.46803093,22.84059906,38.5057106,11.72070026,27.11862946,1.0,8.801259995,5.79832983,2.07701993,34.23405075,18.39492035,38.01998138,34.0,37.0,45.0,51.0,42.0,34.0,41.0,42.0,63.0,40.0,45.0,38.0
SIPA331,M.B.S TRADERS,Krishna,MACHILIPATNAM,Non-Exclusive,6097627.0,69070.0,22.05,AP,Active,420.0,21.0,21.0,24.0,15.0,13.0,13.0,16.0,0.0,12.0,13.0,18.0,24.0,18.0,18.0,4.0,17.0,20.0,11.0,12.0,13.0,12.0,0.0,13.0,12.0,28.17,12.3,16.43,13.53,17.119999999999997,15.960000000000004,0.0,12.77,12.14,12.74,11.96,11.88,17.0,17.0,12.0,20.0,20.0,12.0,15.0,23.0,23.0,17.0,17.0,17.0,17.0,22.0,20.0,20.0,20.0,20.0,17.0,17.0,15.0,15.0,12.0,10.0,12.0,12.0,15.0,15.0,15.0,15.0,20.0,20.0,20.0,12.0,12.0,12.0,26.8357296,39.62945938,33.67070007,21.25305939,10.52727985,1.0,72.40144348,12.00981998,16.50683975,15.98950005,18.82877922,70.39341736,61.0,31.0,27.0,24.0,30.0,34.0,27.0,29.0,21.0,18.0,23.0,21.0
SIPA332,SAI SUDHA STEELS,Krishna,Vijayawada,Non-Exclusive,6097627.0,141039.0,148.05,AP,Active,2100.0,29.0,23.0,19.0,23.0,11.0,21.0,20.0,22.0,29.0,48.0,46.0,12.0,10.0,0.0,10.0,20.0,26.0,27.0,20.0,6.0,11.0,12.0,21.0,12.0,11.97,13.11,12.200000000000005,0.0,20.50999999999999,12.82,11.079999999999998,14.54,10.27,11.829999999999991,0.0,12.069999999999997,24.0,25.0,20.0,20.0,20.0,20.0,20.0,26.0,26.0,30.0,30.0,30.0,30.0,24.0,24.0,24.0,24.0,20.0,20.0,20.0,24.0,20.0,24.0,12.0,12.0,20.0,24.0,24.0,20.0,20.0,20.0,20.0,24.0,12.0,12.0,12.0,32.6778717,38.82268143,21.92601967,28.54388046,41.25823975,1.0,31.74106026,38.05152893,25.30933952,27.34147072,80.73213959,110.4561615,101.0,100.0,100.0,129.0,104.0,133.0,104.0,104.0,100.0,112.0,100.0,141.0
SIPA333,KR STEELS AND CEMENT,Prakasam,Singarayakonda,Non-Exclusive,5954328.0,70708.0,98.7,AP,Active,189.0,27.0,41.0,40.0,32.0,43.0,40.0,30.0,13.0,21.0,26.0,24.0,36.0,25.0,26.0,52.0,39.0,25.0,35.0,14.0,31.0,30.0,25.0,33.0,55.0,37.52,40.72,25.46,24.58,30.43,38.510000000000005,32.96000000000001,26.09,13.63,12.03,25.689999999999998,66.51,20.0,25.0,25.0,30.0,30.0,30.0,40.0,45.0,45.0,25.0,25.0,25.0,30.0,36.0,40.0,40.0,40.0,40.0,35.0,30.0,30.0,30.0,30.0,25.0,25.0,30.0,40.0,40.0,40.0,40.0,35.0,35.0,40.0,35.0,25.0,24.0,0.0,0.0,0.0,20.0,30.37416077,1.0,25.03479958,27.87755966,20.87516022,22.37668037,39.930439,96.82424927,83.0,71.0,87.0,67.0,73.0,41.0,52.0,42.0,42.0,38.0,43.0,94.0
SIPA334,DSR & CO,Guntur,REPALLE,Non-Exclusive,6629265.0,61123.0,87.15,AP,Active,315.0,20.0,13.0,19.0,13.0,0.0,30.0,0.0,0.0,12.0,20.0,19.0,19.0,12.0,0.0,12.0,20.0,32.0,35.0,14.0,21.0,20.0,20.0,13.0,20.0,32.45,19.41,12.13,0.0,17.64,11.49,20.99,12.35,0.0,11.45,12.23,15.38,18.0,18.0,17.0,17.0,15.0,13.0,20.0,18.0,18.0,18.0,18.0,18.0,18.0,22.0,17.0,17.0,17.0,17.0,20.0,20.0,20.0,20.0,20.0,20.0,20.0,20.0,24.0,24.0,25.0,25.0,20.0,20.0,20.0,15.0,15.0,15.287500000000001,54.56433105,43.22719955,3.096899986,3.994489908,1.572729945,1.0,6.145209789,5.984220028,5.797070026,4.393199921,5.220839977,73.34947968,27.0,31.0,27.0,46.0,41.0,20.0,20.0,29.0,30.0,21.0,33.0,83.0
SIPA335,,Guntur,G.T Road,Non-Exclusive,6629265.0,,84.0,,,,19.0,0.0,0.0,12.0,0.0,0.0,0.0,0.0,12.0,0.0,0.0,0.0,0.0,0.0,0.0,0.0,0.0,0.0,0.0,0.0,0.0,0.0,0.0,0.0,,,,,,,,,,,,,14.0,17.0,17.0,12.0,12.0,12.0,12.0,12.0,12.0,12.0,12.0,36.0,12.0,15.0,12.0,12.0,12.0,0.0,0.0,0.0,0.0,0.0,0.0,0.0,,,,,,,,,,,,,41.40348053,12.04335022,10.46695042,2.088180065,2.535360098,1.0,0.639360011,1.871639967,8.776729584,1.006800056,3.010560036,53.753479,51.0,82.0,84.0,81.0,81.0,80.0,81.0,80.0,80.0,80.0,80.0,80.0
SIPA336,SRI RAGHAVENDRA STEEL CORPORATION,Guntur,TENALI,Non-Exclusive,6629265.0,75094.0,154.35,AP,Active,441.0,50.0,41.0,32.0,29.0,45.0,16.0,33.0,26.0,0.0,67.0,0.0,31.0,0.0,12.0,25.0,26.0,0.0,13.0,0.0,29.0,24.0,18.0,11.0,19.0,25.24,11.65,0.0,8.899999999999999,0.0,23.989999999999995,8.75,7.229999999999997,0.0,11.910000000000002,11.889999999999999,19.869999999999997,50.0,40.0,30.0,40.0,30.0,30.0,30.0,44.0,44.0,30.0,30.0,30.0,30.0,34.0,25.0,25.0,25.0,25.0,25.0,25.0,30.0,24.0,30.0,20.0,20.0,20.0,30.0,24.0,22.0,22.0,20.0,20.0,24.0,20.0,20.0,14.862499999999999,63.78429031,170.5546112,118.2632828,103.428627,108.9498978,1.0,103.6260223,125.5770416,80.0,97.29351807,99.16914368,129.8622589,114.0,114.0,111.0,133.0,133.0,112.0,106.0,118.0,114.0,120.0,118.0,147.0
SIPA337,,Srikakulam,BRAHMANATARLA,Non-Exclusive,4798722.0,2954.0,21.0,,,,39.0,0.0,0.0,20.0,2.0,13.0,0.0,3.0,15.0,20.0,6.0,0.0,0.0,0.0,0.0,0.0,0.0,0.0,0.0,0.0,0.0,0.0,0.0,0.0,,,,,,,,,,,,,25.0,20.0,20.0,20.0,12.0,12.0,12.0,10.0,10.0,10.0,10.0,10.0,10.0,12.0,0.0,0.0,0.0,0.0,0.0,0.0,0.0,0.0,0.0,0.0,,,,,,,,,,,,,68.12243652,50.59141159,52.33134842,51.74311829,50.0,1.0,50.0,63.68384933,50.0,50.0,50.0,50.0,87.0,20.0,20.0,20.0,20.0,20.0,20.0,20.0,20.0,20.0,20.0,20.0
SIPA338,DEVI STEELS,Guntur,Sattenapalli,Non-Exclusive,6629265.0,73887.0,98.7,AP,Active,210.0,0.0,17.0,15.0,19.0,0.0,13.0,16.0,18.0,0.0,21.0,22.0,25.0,0.0,31.0,28.0,29.0,0.0,29.0,30.0,33.0,39.0,0.0,35.0,0.0,0.0,20.18,0.0,0.0,0.0,12.04,0.0,0.0,0.0,12.19,0.0,0.0,0.0,17.0,15.0,12.0,12.0,12.0,13.0,15.0,15.0,20.0,20.0,20.0,25.0,30.0,30.0,30.0,30.0,30.0,30.0,30.0,35.0,35.0,35.0,25.0,25.0,25.0,30.0,30.0,25.0,25.0,20.0,20.0,24.0,5.0,5.0,12.0,3.38158989,94.12085724,104.1106796,96.79421997,95.56523895,1.0,125.2334976,113.9393616,93.17610168,97.41809845,94.81259918,71.83451843,39.0,80.0,93.0,122.0,81.0,112.0,81.0,88.0,103.0,125.0,84.0,94.0
SIPA339,Sri Balaji Agencies (B),Guntur,Bapatla,Non-Exclusive,6629265.0,73048.0,140.70000000000002,AP,Active,210.0,31.0,37.0,88.0,46.0,97.0,26.0,51.0,45.0,41.0,77.0,41.0,61.0,62.0,30.0,51.0,53.0,0.0,52.0,51.0,20.0,0.0,26.0,42.0,31.0,44.73,25.809999999999995,28.25,25.78,0.0,23.2,19.81,24.020000000000003,25.26,28.15,28.21,14.849999999999998,25.0,25.0,25.0,45.0,45.0,60.0,50.0,54.0,54.0,75.0,75.0,60.0,60.0,60.0,50.0,50.0,50.0,50.0,50.0,50.0,60.0,60.0,60.0,40.0,40.0,45.0,50.0,50.0,40.0,40.0,50.0,35.0,35.0,24.0,24.0,35.2625,37.77088165,12.35163975,71.67784119,16.70490074,13.42971992,1.0,180.3193665,58.44675827,24.0447998,19.74975967,96.35295868,83.75720215,188.0,69.0,152.0,116.0,104.0,98.0,96.0,63.0,112.0,65.0,149.0,134.0
SIPA340,DADAPEER IRON MART,Anantapur,PENUKONDA,Non-Exclusive,6321948.0,82765.0,11.55,AP,Active,105.0,18.0,0.0,16.0,12.0,13.0,12.0,14.0,0.0,17.0,16.0,13.0,12.0,0.0,17.0,16.0,16.0,15.0,15.0,0.0,0.0,0.0,0.0,0.0,0.0,0.0,0.0,0.0,0.0,0.0,0.0,0.0,0.0,0.0,0.0,0.0,0.0,15.0,12.0,12.0,12.0,12.0,12.0,12.0,16.0,16.0,16.0,16.0,15.0,12.0,15.0,15.0,15.0,15.0,15.0,15.0,15.0,20.0,20.0,20.0,0.0,10.0,20.0,20.0,20.0,10.0,10.0,0.0,0.0,0.0,0.0,0.0,0.0,42.18577957,47.09589005,69.47210693,54.94749832,52.09899902,1.0,64.43955231,40.72932816,49.87092972,56.44493866,45.77835083,12.01548958,3.0,19.0,16.0,17.0,17.0,16.0,5.0,7.0,12.0,10.0,15.0,11.0
SIPA341,,Kurnool,Veldurthy,Non-Exclusive,6203936.0,81010.0,0.0,,,,13.0,8.0,6.0,5.0,5.0,5.0,8.0,7.0,6.0,6.0,8.0,9.0,5.0,0.0,0.0,0.0,0.0,0.0,0.0,0.0,0.0,0.0,0.0,0.0,,,,,,,,,,,,,5.0,5.0,5.0,5.0,5.0,5.0,5.0,9.0,9.0,9.0,9.0,12.0,8.0,10.0,6.0,6.0,6.0,6.0,6.0,6.0,0.0,0.0,0.0,0.0,,,,,,,,,,,,,34.57683945,50.67024994,49.12818146,42.34395981,50.3940506,1.0,43.39336014,44.87841034,44.88916016,52.32764053,49.64907837,9.376009941,4.0,3.0,2.0,0.0,0.0,0.0,0.0,0.0,0.0,0.0,0.0,0.0
SIPA342,ANJANEYA STEEL & CEMENTS,Krishna,Machilipatnam,Non-Exclusive,6097627.0,69070.0,51.45,AP,Active,420.0,25.0,13.0,13.0,15.0,13.0,13.0,12.0,19.0,0.0,0.0,16.0,16.0,12.0,16.0,15.0,16.0,28.0,24.0,12.0,30.0,27.0,12.0,12.0,16.0,27.18,14.68,0.0,0.0,10.67,12.77,19.06,16.47,0.0,10.86,12.42,0.0,12.0,12.0,12.0,12.0,12.0,12.0,12.0,19.0,19.0,15.0,15.0,15.0,15.0,18.0,15.0,15.0,15.0,15.0,17.0,17.0,25.0,20.0,20.0,15.0,15.0,15.0,20.0,20.0,20.0,20.0,20.0,20.0,20.0,12.0,12.0,12.0,38.67713928,25.65163994,22.07724953,9.474559784,9.338600159,1.0,27.87999916,24.39543915,8.490799904,11.63072014,16.15819931,31.69099998,57.0,14.0,35.0,29.0,31.0,52.0,17.0,34.0,14.0,39.0,17.0,49.0
SIPA343,SREE LAKSHMI TRADERS,Chittoor,Chittoor,Non-Exclusive,6588204.0,59060.0,147.0,AP,Active,735.0,76.0,59.0,58.0,80.0,58.0,101.0,59.0,19.0,51.0,41.0,38.0,41.0,20.0,40.0,40.0,0.0,52.0,42.0,50.0,47.0,53.0,21.0,40.0,48.0,39.14,34.76,23.34,16.21,25.35,39.94,20.37,39.96000000000001,20.42,23.120000000000005,19.6,30.039999999999992,60.0,60.0,60.0,60.0,60.0,50.0,60.0,88.0,88.0,88.0,88.0,50.0,50.0,60.0,50.0,50.0,50.0,40.0,40.0,40.0,60.0,60.0,50.0,50.0,45.0,45.0,50.0,50.0,45.0,45.0,50.0,50.0,50.0,30.0,30.0,30.0,84.13783264,35.63877106,113.0207901,109.0,40.40515137,1.0,63.67813873,55.57896042,14.30947971,58.73313904,58.52544022,82.79660034,83.0,78.0,92.0,62.0,71.0,111.0,157.0,98.0,121.0,136.0,88.0,140.0
SIPA344,SRIRAM STEEL AND CEMENT,Krishna,Vissannapeta,Non-Exclusive,6097627.0,77650.0,36.75,AP,Active,68.25,13.0,13.0,14.0,13.0,13.0,14.0,17.0,13.0,13.0,0.0,0.0,14.0,0.0,0.0,0.0,0.0,0.0,11.0,0.0,12.0,12.0,13.0,13.0,13.0,11.12,0.0,12.45,0.0,12.07,0.0,0.0,11.52,0.0,0.0,12.06,0.0,12.0,12.0,12.0,12.0,12.0,12.0,12.0,18.0,18.0,12.0,12.0,12.0,12.0,20.0,12.0,12.0,12.0,12.0,12.0,12.0,15.0,15.0,12.0,5.0,5.0,12.0,10.0,10.0,10.0,10.0,10.0,10.0,12.0,12.0,12.0,12.0,31.96767998,9.328940392,12.03594017,11.21934032,20.77339935,1.0,20.75477028,14.89194012,2.428740025,18.76692009,2.366159916,6.294239998,5.0,24.0,21.0,19.0,21.0,21.0,22.0,24.0,15.0,29.0,25.0,35.0
SIPA345,SREE NARAYANA SWAMY STEEL SYNDICATE,Prakasam,Kanigiri,Non-Exclusive,5954328.0,92466.0,52.5,AP,Active,147.0,15.0,11.0,13.0,11.0,13.0,11.0,14.0,16.0,24.0,25.0,12.0,12.0,13.0,0.0,19.0,22.0,21.0,19.0,20.0,11.0,25.0,27.0,22.0,21.0,48.14,9.54,10.21,12.66,25.33,30.1,21.27,13.45,24.45,11.49,18.88,24.439999999999998,15.0,15.0,15.0,15.0,15.0,12.0,12.0,16.0,16.0,25.0,25.0,25.0,20.0,24.0,20.0,20.0,20.0,20.0,20.0,20.0,25.0,25.0,20.0,15.0,15.0,20.0,24.0,20.0,20.0,20.0,20.0,20.0,24.0,24.0,24.0,23.599999999999998,32.87263107,10.01609993,9.852140427,4.418519974,8.948180199,1.0,15.94785976,13.68105984,19.53808022,27.23732948,7.147600174,50.22719955,55.0,36.0,64.0,69.0,51.0,38.0,53.0,36.0,52.0,69.0,49.0,50.0
SIPA346,Onkar Sri Jagannadh Traders,West Godavari,Chintalpudi,Non-Exclusive,6422436.0,,54.6,AP,Active,126.0,13.0,0.0,24.0,0.0,4.0,6.0,13.0,6.0,18.0,10.0,8.0,11.0,0.0,25.0,13.0,0.0,0.0,15.0,0.0,3.0,0.0,0.0,0.0,0.0,0.0,0.0,12.34,7.32,25.58,21.74,21.1,37.41,14.86,0.0,40.22,11.37,16.0,16.0,12.0,12.0,12.0,12.0,12.0,10.0,10.0,10.0,10.0,10.0,15.0,18.0,15.0,15.0,15.0,15.0,15.0,12.0,12.0,12.0,12.0,12.0,12.0,12.0,15.0,12.0,10.0,10.0,10.0,10.0,15.0,15.0,15.0,50.275,24.15718079,81.63439941,104.3111572,80.96182251,83.12557983,1.0,83.0245285,80.4225769,99.01940155,81.85543823,80.0,50.39210892,50.0,82.0,115.0,54.0,54.0,58.0,50.0,50.0,52.0,53.0,52.0,52.0
SIPA347,SURAKSHA STEELS & CEMENT,Nellore,Atmakur,Non-Exclusive,4538626.0,90636.0,0.0,AP,Active,157.5,38.0,26.0,26.0,28.0,20.0,27.0,21.0,13.0,27.0,15.0,35.0,51.0,26.0,27.0,26.0,34.0,31.0,24.0,12.0,31.0,13.0,13.0,26.0,23.0,13.39,12.71,12.65,12.79,25.86,27.28,21.94,22.56,0.0,21.25,14.950000000000001,14.54,15.0,25.0,25.0,25.0,25.0,20.0,20.0,33.0,33.0,30.0,30.0,30.0,30.0,34.0,30.0,30.0,30.0,30.0,30.0,30.0,30.0,30.0,30.0,20.0,20.0,20.0,24.0,25.0,30.0,30.0,20.0,20.0,24.0,20.0,20.0,20.0,51.94816971,59.2621994,66.9992218,112.9263687,57.12001038,1.0,53.29726028,56.53773117,54.45610046,51.39476013,66.95722961,186.4639435,83.0,21.0,16.0,35.0,36.0,0.0,0.0,0.0,0.0,0.0,10.0,0.0
SIPA348,,East Godavari,Kakinada,Non-Exclusive,8274560.0,,31.5,,,,18.0,0.0,19.0,13.0,14.0,0.0,8.0,8.0,14.0,5.0,7.0,0.0,0.0,0.0,0.0,0.0,0.0,0.0,0.0,0.0,0.0,0.0,0.0,0.0,,,,,,,,,,,,,15.0,15.0,12.0,12.0,12.0,12.0,12.0,12.0,12.0,12.0,12.0,14.0,12.0,15.0,10.0,10.0,10.0,10.0,10.0,0.0,0.0,0.0,0.0,0.0,,,,,,,,,,,,,28.94364929,91.01441956,91.10453796,91.03637695,92.02416229,1.0,93.17629242,92.37413788,104.1371994,99.74340057,92.00910187,400.6557922,400.0,30.0,30.0,30.0,30.0,30.0,30.0,30.0,30.0,30.0,30.0,30.0
SIPA349,MAADHURI STEELS AND CEMENTS,Prakasam,ONGOLE,Exclusive,5954328.0,48376.0,19.95,AP,Active,525.0,18.0,23.0,35.0,37.0,37.0,31.0,26.0,30.0,0.0,14.0,27.0,0.0,25.0,0.0,29.0,0.0,34.0,29.0,12.0,25.0,0.0,0.0,20.0,12.0,0.0,0.0,18.93,0.0,12.760000000000002,20.61,0.0,0.0,14.489999999999998,0.0,0.0,0.0,15.0,15.0,15.0,20.0,20.0,30.0,30.0,37.0,37.0,25.0,25.0,25.0,25.0,30.0,20.0,20.0,24.0,24.0,24.0,24.0,30.0,30.0,25.0,15.0,15.0,15.0,20.0,20.0,20.0,20.0,20.0,20.0,15.0,10.0,10.0,0.0,30.54247093,25.54404068,31.54768944,79.90503693,38.56349945,1.0,27.64042091,40.22919846,34.73870087,14.37584019,12.37639999,9.337599754,14.0,29.0,51.0,20.0,35.0,26.0,21.0,20.0,17.0,20.0,24.0,19.0
SIPA350,Sri Venkata Durga Traders,Visakhapatnam,Narsipatnam,Non-Exclusive,4845879.0,91612.0,172.20000000000002,AP,Active,210.0,17.0,12.0,14.0,6.0,5.0,0.0,12.0,12.0,12.0,12.0,14.0,10.0,10.0,0.0,10.0,19.0,20.0,0.0,13.0,12.0,0.0,0.0,0.0,0.0,16.27,0.0,5.24,0.0,0.0,12.61,0.0,0.0,5.449999999999999,0.0,13.030000000000001,0.0,10.0,12.0,12.0,12.0,12.0,10.0,10.0,12.0,12.0,12.0,12.0,12.0,12.0,15.0,12.0,12.0,12.0,12.0,12.0,12.0,15.0,15.0,15.0,15.0,15.0,20.0,15.0,12.0,10.0,10.0,10.0,10.0,12.0,5.0,5.0,16.2875,30.56064034,39.54438019,41.22589111,38.38975906,37.21623993,1.0,43.22835922,48.74673843,44.13785934,43.76710892,47.6244812,58.21440125,53.0,163.0,160.0,166.0,161.0,158.0,158.0,156.0,154.0,166.0,159.0,164.0
SIPA351,MAHALAKSHMI GENERAL TRADERS,Krishna,NIDUMOLU,Non-Exclusive,6097627.0,5999.0,15.75,AP,Active,84.0,13.0,0.0,13.0,0.0,12.0,0.0,14.0,12.0,0.0,12.0,5.0,13.0,13.0,14.0,12.0,0.0,25.0,12.0,0.0,0.0,0.0,13.0,8.0,0.0,11.739999999999998,11.96,0.0,0.0,8.16,0.0,11.06,6.02,0.0,0.0,12.0,0.0,12.0,12.0,12.0,12.0,12.0,12.0,12.0,10.0,10.0,12.0,12.0,12.0,12.0,15.0,12.0,12.0,12.0,12.0,12.0,12.0,12.0,12.0,12.0,10.0,10.0,12.0,12.0,12.0,10.0,10.0,10.0,10.0,12.0,12.0,12.0,12.0,24.12268066,44.03276062,51.64957809,58.07143021,45.82870102,1.0,40.99797821,49.89165878,45.75601959,44.72211838,48.79130173,68.37757874,69.0,13.0,23.0,20.0,27.0,31.0,15.0,15.0,12.0,19.0,18.0,15.0
SIPA352,Parameswari Steel Traders,Visakhapatnam,Ramatakies - Vizag Town,Non-Exclusive,4845879.0,,211.05,AP,Active,5000.0,0.0,0.0,0.0,6.0,10.0,19.0,12.0,0.0,24.0,5.0,19.0,19.0,22.0,0.0,0.0,3.0,11.0,0.0,0.0,0.0,0.0,0.0,0.0,0.0,0.0,0.0,5.1,3.59,0.0,14.989999999999998,0.0,0.0,0.0,0.0,0.0,0.0,10.0,10.0,10.0,10.0,10.0,10.0,10.0,10.0,10.0,10.0,10.0,10.0,15.0,18.0,15.0,15.0,15.0,15.0,15.0,12.0,15.0,15.0,15.0,10.0,10.0,5.0,5.0,5.0,10.0,10.0,10.0,10.0,10.0,5.0,5.0,0.0,2.571909904,1.019539952,0.474240005,6.256939888,1.237380028,1.0,0.624430001,5.779200077,22.39883995,0.0,13.76154041,19.43646049,40.0,213.0,202.0,202.0,206.0,201.0,200.0,200.0,200.0,204.0,203.0,201.0
SIPA353,Sree Venkateshwara Home Needs,Anantapur,Kundurpi,Non-Exclusive,6321948.0,64696.0,6.300000000000001,AP,Inactive,42.0,10.0,0.0,9.0,13.0,13.0,11.0,28.0,13.0,13.0,0.0,0.0,0.0,16.0,15.0,0.0,0.0,0.0,0.0,0.0,0.0,0.0,0.0,0.0,0.0,0.0,0.0,0.0,0.0,0.0,0.0,0.0,0.0,0.0,0.0,,,10.0,10.0,10.0,12.0,12.0,12.0,12.0,13.0,13.0,13.0,13.0,12.0,12.0,15.0,15.0,15.0,15.0,15.0,15.0,15.0,12.0,12.0,12.0,5.0,5.0,0.0,0.0,0.0,0.0,0.0,0.0,0.0,0.0,0.0,0.0,0.0,9.93999958,10.04559994,10.00798988,13.08631992,41.56158829,1.0,22.49607086,24.16995049,25.3185997,11.09088039,10.52768993,12.36781979,14.0,34.0,7.0,13.0,6.0,7.0,6.0,6.0,6.0,6.0,6.0,6.0
SIPA354,B T TRADERS,Guntur,BHATTIPROLU,Non-Exclusive,6629265.0,61344.0,26.25,AP,Active,73.5,11.0,0.0,12.0,0.0,14.0,13.0,0.0,12.0,13.0,0.0,13.0,12.0,0.0,14.0,14.0,0.0,14.0,0.0,7.0,12.0,0.0,0.0,0.0,12.0,11.94,12.19,0.0,0.0,12.82,13.8,0.0,0.0,0.0,0.0,12.2,24.04,10.0,12.0,12.0,12.0,12.0,12.0,12.0,10.0,10.0,12.0,12.0,12.0,15.0,18.0,15.0,15.0,15.0,15.0,15.0,12.0,12.0,12.0,12.0,0.0,10.0,12.0,12.0,12.0,10.0,10.0,10.0,10.0,10.0,6.0,6.0,15.25,10.64999962,4.608019829,3.176039934,0.681240022,2.807640076,1.0,2.061359882,14.0340004,2.949840069,16.75740051,1.149000049,29.06263924,36.0,28.0,40.0,30.0,26.0,26.0,26.0,25.0,25.0,42.0,25.0,25.0
SIPA355,,Visakhapatnam,Kotharoad,Non-Exclusive,4845879.0,,0.0,,,,17.0,0.0,0.0,0.0,10.0,0.0,0.0,0.0,0.0,0.0,0.0,0.0,,,,,,,,,,,,,,,,,,,,,,,,,12.0,10.0,10.0,10.0,10.0,10.0,10.0,0.0,0.0,0.0,0.0,0.0,0.0,0.0,0.0,0.0,0.0,0.0,0.0,0.0,0.0,0.0,0.0,0.0,,,,,,,,,,,,,16.75,0.0,0.0,0.0,0.0,1.0,0.0,0.0,0.0,0.0,0.0,0.0,0.0,0.0,0.0,0.0,0.0,0.0,0.0,0.0,0.0,0.0,0.0,0.0
SIPA356,SRI SIVAGANESH TRADERS,Cuddapah,Kalasipadu,Non-Exclusive,4111686.0,35826.0,19.95,AP,Active,31.5,16.0,6.0,13.0,12.0,12.0,13.0,14.0,14.0,0.0,0.0,13.0,12.0,0.0,0.0,12.0,12.0,0.0,12.0,0.0,13.0,0.0,0.0,12.0,13.0,0.0,11.61,12.11,13.36,0.0,0.0,12.11,13.38,13.239999999999998,11.94,13.26,0.0,10.0,12.0,12.0,10.0,10.0,12.0,12.0,11.0,11.0,11.0,11.0,12.0,12.0,15.0,12.0,12.0,12.0,12.0,12.0,12.0,15.0,15.0,12.0,5.0,5.0,12.0,12.0,12.0,10.0,10.0,10.0,10.0,10.0,12.0,12.0,12.0,20.78000069,2.40576005,8.804820061,22.4242897,8.371879578,1.0,1.278890014,11.03236008,2.119859934,14.30508995,13.26581955,10.37469959,11.0,16.0,24.0,15.0,30.0,11.0,15.0,14.0,13.0,11.0,15.0,19.0
SIPA357,TIRUMALA AGENCIES,Cuddapah,Sundupalli,Non-Exclusive,4111686.0,72155.0,16.8,AP,Active,105.0,13.0,0.0,24.0,21.0,15.0,13.0,0.0,13.0,20.0,0.0,20.0,20.0,20.0,0.0,20.0,20.0,25.0,0.0,25.0,24.0,0.0,0.0,20.0,25.0,0.0,16.07,25.17,0.0,25.26,29.82,0.0,0.0,12.18,0.0,12.139999999999997,24.8,12.0,12.0,12.0,12.0,12.0,12.0,12.0,12.0,12.0,12.0,12.0,15.0,15.0,18.0,20.0,20.0,20.0,20.0,20.0,20.0,25.0,25.0,25.0,15.0,15.0,20.0,20.0,20.0,20.0,20.0,20.0,20.0,25.0,12.0,12.0,12.0,12.81999969,14.58238983,20.13722038,16.55547905,32.54219818,1.0,18.9822197,19.70413971,7.558919907,24.40961075,8.269439697,37.80659103,36.0,28.0,35.0,33.0,37.0,22.0,28.0,24.0,26.0,19.0,19.0,16.0
SIPA358,,Nellore,Gudur,Non-Exclusive,4538626.0,55705.0,0.0,,,231.0,11.0,12.0,13.0,20.0,38.0,35.0,21.0,31.0,23.0,30.0,0.0,0.0,,,,,,,,,,,,,,,,,,,,,,,,,10.0,12.0,12.0,12.0,12.0,30.0,30.0,21.0,21.0,30.0,30.0,30.0,0.0,0.0,0.0,0.0,0.0,0.0,0.0,0.0,0.0,0.0,0.0,0.0,,,,,,,,,,,,,11.07999992,7.270349979,9.86289978,15.50652027,7.794889927,1.0,12.08471966,41.72122955,3.513459921,3.998159885,0.0,55.59252167,0.0,0.0,0.0,0.0,0.0,0.0,0.0,0.0,0.0,0.0,0.0,0.0
SIPA359,,Guntur,TENALI,Non-Exclusive,6629265.0,75094.0,0.0,,,,10.0,0.0,36.0,13.0,21.0,0.0,20.0,0.0,0.0,0.0,0.0,0.0,,,,,,,,,,,,,,,,,,,,,,,,,10.0,12.0,12.0,30.0,20.0,20.0,20.0,14.0,14.0,0.0,0.0,0.0,0.0,0.0,0.0,0.0,0.0,0.0,0.0,0.0,0.0,0.0,0.0,0.0,,,,,,,,,,,,,9.909999847,13.03444004,16.49931908,21.23427963,22.58798981,1.0,12.65478039,28.46491051,10.92255974,11.59029961,10.0,0.0,0.0,0.0,0.0,0.0,0.0,0.0,0.0,0.0,0.0,0.0,0.0,0.0
SIPA360,,Kurnool,KOILAKUNTLA,Non-Exclusive,6203936.0,72418.0,12.6,,,,0.0,11.0,24.0,11.0,13.0,12.0,13.0,12.0,13.0,29.0,14.0,15.0,13.0,13.0,0.0,0.0,0.0,0.0,0.0,0.0,0.0,0.0,0.0,0.0,,,,,,,,,,,,,0.0,12.0,12.0,12.0,12.0,12.0,12.0,14.0,14.0,14.0,14.0,15.0,12.0,15.0,15.0,15.0,0.0,0.0,0.0,0.0,0.0,0.0,0.0,0.0,,,,,,,,,,,,,0.0,1.590199947,29.66761971,4.958519936,10.0549202,1.0,13.26599979,16.09839058,14.68896008,20.40486908,15.98068047,30.33492088,34.0,25.0,19.0,12.0,12.0,12.0,12.0,12.0,12.0,12.0,12.0,12.0
SIPA361,KAARTHIKEYA TRADERS,Prakasam,MARKAPUR,Non-Exclusive,5954328.0,51892.0,59.85,AP,Active,336.0,0.0,12.0,6.0,6.0,20.0,12.0,0.0,12.0,13.0,25.0,0.0,0.0,,12.2,23.0,21.0,44.0,14.0,22.0,20.0,12.0,12.0,6.0,20.0,27.1,0.0,12.79,0.0,0.0,11.75,23.67,12.7,0.0,10.8,0.0,11.98,0.0,12.0,12.0,12.0,12.0,12.0,12.0,10.0,10.0,12.0,12.0,0.0,0.0,12.0,12.0,20.0,20.0,20.0,20.0,20.0,25.0,25.0,20.0,15.0,15.0,20.0,24.0,20.0,20.0,20.0,20.0,20.0,20.0,20.0,20.0,20.0,0.0,0.0,0.0,0.0,0.0,0.0,0.0,5.0,5.0,5.570000172,6.002299786,40.54629898,0.0,45.0,48.0,48.0,39.0,54.0,69.0,58.0,52.0,47.0,52.0,57.0
SIPA362,VINAYAKA STEEL AND TILES,Guntur,CHERUKUPALLI,Non-Exclusive,6629265.0,60385.0,35.7,AP,Active,105.0,0.0,13.0,0.0,13.0,12.0,0.0,13.0,0.0,0.0,0.0,12.0,12.0,14.0,0.0,13.0,0.0,12.0,12.0,0.0,12.0,0.0,10.0,0.0,0.0,12.98,0.0,0.0,12.03,11.6,13.06,5.77,0.0,0.0,0.0,0.0,0.0,0.0,12.0,12.0,12.0,12.0,12.0,12.0,10.0,10.0,12.0,12.0,12.0,15.0,18.0,12.0,12.0,12.0,12.0,12.0,12.0,12.0,12.0,12.0,10.0,12.0,12.0,12.0,12.0,10.0,10.0,10.0,10.0,10.0,10.0,10.0,0.0,0.0,0.0,7.795119762,2.413120031,1.776960015,1.0,2.618040085,5.499879837,2.3692801,7.897620201,2.333640099,36.88507843,35.0,35.0,35.0,27.0,26.0,26.0,26.0,26.0,25.0,29.0,36.0,34.0
SIPA363,RAGHU RAM STEEL TRADERS,Krishna,VIJAYAWADA,Non-Exclusive,6097627.0,141039.0,473.55,AP,Active,2100.0,0.0,28.0,47.0,46.0,34.0,30.0,32.0,31.0,34.0,40.0,44.0,32.0,20.0,13.0,54.0,30.0,64.0,40.0,12.0,33.0,60.0,12.0,31.0,53.0,12.58,48.0,27.21,15.64,40.68,77.76999999999998,57.750000000000014,72.14999999999998,78.23999999999997,52.19999999999999,50.99000000000001,83.69999999999999,0.0,12.0,20.0,25.0,30.0,30.0,30.0,38.0,38.0,30.0,30.0,50.0,30.0,50.0,35.0,35.0,25.0,30.0,30.0,30.0,50.0,50.0,50.0,35.0,30.0,35.0,60.0,45.0,40.0,40.0,50.0,50.0,55.0,50.0,50.0,50.0,0.0,3.004610062,36.34228897,32.30709076,11.30272961,1.0,30.82831955,31.68829918,14.33808041,12.35159969,79.82978058,108.5421829,101.0,378.0,419.0,384.0,402.0,410.0,415.0,374.0,399.0,376.0,396.0,451.0
SIPA364,NAGARJUNA AGENCIES,Cuddapah,CHITVEL,Non-Exclusive,4111686.0,51047.0,26.25,AP,Active,105.0,0.0,9.0,19.0,23.0,15.0,48.0,20.0,22.0,8.0,41.0,21.0,20.0,0.0,26.0,25.0,20.0,40.0,12.0,20.0,20.0,25.0,0.0,25.0,34.0,0.0,24.96,24.79,16.21,25.37,25.42,0.0,23.790000000000003,20.54,0.0,0.0,0.0,0.0,12.0,12.0,12.0,12.0,20.0,20.0,22.0,22.0,22.0,22.0,25.0,20.0,24.0,20.0,20.0,20.0,20.0,20.0,20.0,20.0,20.0,20.0,20.0,20.0,25.0,25.0,25.0,25.0,25.0,20.0,20.0,24.0,20.0,20.0,20.0,0.0,8.0,8.836580276,36.47563934,9.859999657,1.0,82.16699982,29.18272018,12.25232029,49.44641876,20.35079002,31.88182068,31.0,18.0,36.0,32.0,26.0,30.0,14.0,14.0,14.0,13.0,19.0,25.0
SIPA365,SRI SAI TRADERS,Chittoor,PENUMURU MAIN ROAD,Non-Exclusive,6588204.0,,21.0,AP,Active,47.25,0.0,9.0,7.0,9.0,5.0,5.0,10.0,0.0,10.0,0.0,11.0,9.0,0.0,0.0,0.0,0.0,12.0,0.0,0.0,0.0,0.0,0.0,0.0,0.0,8.32,0.0,0.0,0.0,0.0,0.0,0.0,0.0,0.0,0.0,0.0,0.0,0.0,12.0,12.0,10.0,10.0,10.0,10.0,10.0,10.0,10.0,10.0,12.0,10.0,12.0,12.0,12.0,12.0,12.0,12.0,12.0,20.0,12.0,12.0,0.0,5.0,0.0,0.0,0.0,0.0,0.0,0.0,0.0,0.0,0.0,0.0,0.0,0.0,0.0,2.934060097,4.444049835,4.770209789,1.0,2.925760031,1.009369969,10.51673985,1.819380045,1.159070015,30.28937912,31.0,23.0,21.0,21.0,25.0,23.0,21.0,21.0,20.0,20.0,20.0,20.0
SIPA366,,Prakasam,PUTTAVARI PALEM,Non-Exclusive,5954328.0,,0.0,,,,0.0,0.0,12.0,0.0,12.0,12.0,0.0,0.0,0.0,0.0,0.0,0.0,,,,,,,,,,,,,,,,,,,,,,,,,0.0,0.0,12.0,12.0,12.0,12.0,12.0,10.0,10.0,12.0,12.0,0.0,0.0,0.0,0.0,0.0,0.0,0.0,0.0,0.0,0.0,0.0,0.0,0.0,,,,,,,,,,,,,0.0,0.0,3.218280077,4.144800186,4.918640137,1.0,4.512790203,10.87679958,1.631819963,2.373239994,1.451400042,1.451400042,0.0,0.0,0.0,0.0,0.0,0.0,0.0,0.0,0.0,0.0,0.0,0.0
SIPA367,SRI SAI SRINIVASA TRADERS,Prakasam,PODILI,Non-Exclusive,5954328.0,67017.0,29.4,AP,Active,126.0,0.0,0.0,12.0,12.0,13.0,13.0,13.0,13.0,0.0,11.0,12.0,28.0,0.0,25.0,0.0,13.0,26.0,0.0,13.0,12.0,0.0,14.0,0.0,14.0,25.05,0.0,12.7,0.0,13.94,12.13,13.970000000000002,22.79,14.98,11.95,11.14,0.0,0.0,0.0,12.0,12.0,12.0,12.0,12.0,11.0,11.0,12.0,12.0,12.0,12.0,15.0,12.0,12.0,12.0,12.0,12.0,12.0,12.0,12.0,12.0,10.0,12.0,12.0,12.0,12.0,10.0,10.0,10.0,10.0,15.0,15.0,15.0,13.925,0.0,0.0,2.448839903,5.36303997,5.611939907,1.0,2.229599953,17.24160957,7.28302002,4.304890156,10.89165974,26.09391975,47.0,23.0,21.0,36.0,28.0,27.0,25.0,20.0,19.0,18.0,23.0,28.0
SIPA368,NAGA SAI ASSOCIATES,Guntur,PIDUGURALLA,Non-Exclusive,6629265.0,59216.0,28.35,AP,Active,147.0,0.0,0.0,12.0,13.0,13.0,13.0,14.0,16.0,26.0,39.0,25.0,32.0,32.0,31.0,32.0,18.0,17.0,20.0,11.0,15.0,18.0,11.0,13.0,22.0,22.92,14.610000000000005,16.1,0.0,21.61,20.4,17.62,11.240000000000002,6.41,12.97,5.74,12.799999999999999,0.0,0.0,12.0,12.0,12.0,12.0,13.0,11.0,11.0,30.0,30.0,30.0,30.0,34.0,30.0,30.0,30.0,30.0,30.0,25.0,20.0,20.0,20.0,15.0,15.0,15.0,15.0,15.0,20.0,20.0,20.0,20.0,24.0,15.0,15.0,12.175,0.0,0.0,0.828960001,13.38286018,11.76879978,1.0,12.84057999,27.42292023,3.779580116,47.1072998,9.299500465,73.21655273,70.0,43.0,34.0,56.0,57.0,37.0,31.0,37.0,47.0,40.0,49.0,27.0
SIPA369,Sri Lakshmi Timber Depot,Krishna,Gudivada,Non-Exclusive,6097627.0,49571.0,29.4,AP,Inactive,420.0,0.0,0.0,13.0,14.0,12.0,13.0,13.0,12.0,15.0,12.0,12.0,13.0,17.0,12.0,0.0,14.0,0.0,15.0,13.0,6.0,13.0,0.0,13.0,13.0,4.9,0.0,0.0,0.0,0.0,0.0,0.0,0.0,0.0,0.0,,,0.0,0.0,12.0,12.0,12.0,12.0,12.0,11.0,11.0,12.0,12.0,12.0,15.0,18.0,17.0,17.0,17.0,20.0,17.0,15.0,15.0,12.0,12.0,10.0,12.0,0.0,0.0,0.0,0.0,0.0,0.0,0.0,0.0,0.0,0.0,0.0,0.0,0.0,1.82664001,13.11585999,6.392439842,1.0,15.98908043,13.25498009,16.156139369999998,4.350790024,11.74174976,16.46113014,14.0,35.0,15.0,32.0,16.0,18.0,23.0,30.0,16.0,16.0,13.0,28.0
SIPA370,Jai Siddhi Bhavani Steels And Cements,East Godavari,Pasarlapudi Badva,Non-Exclusive,8274560.0,,42.0,AP,Inactive,262.5,0.0,0.0,11.0,12.0,13.0,0.0,0.0,13.0,33.0,0.0,21.0,13.0,0.0,16.0,20.0,12.0,0.0,0.0,12.0,0.0,0.0,0.0,0.0,0.0,0.0,0.0,0.0,0.0,0.0,0.0,0.0,0.0,0.0,0.0,,,0.0,0.0,12.0,12.0,12.0,12.0,12.0,10.0,10.0,10.0,10.0,10.0,15.0,18.0,20.0,20.0,20.0,20.0,20.0,20.0,20.0,20.0,20.0,0.0,0.0,0.0,5.0,0.0,0.0,0.0,0.0,0.0,0.0,0.0,0.0,0.0,145.026947,30.05793953,106.8361282,73.01322174,47.44382095,1.0,78.05487061,38.35227966,141.1632385,222.5584869,112.906517,338.996582,71.0,54.0,66.0,45.0,43.0,41.0,40.0,40.0,40.0,40.0,40.0,40.0
SIPA371,Srinivasa Trading Co,Srikakulam,Rajam,Non-Exclusive,4798722.0,54332.0,158.55,AP,Active,262.5,0.0,0.0,13.0,18.0,14.0,0.0,0.0,0.0,0.0,0.0,15.0,15.0,0.0,0.0,11.0,20.0,13.0,0.0,0.0,0.0,0.0,0.0,0.0,0.0,13.24,15.3,35.89,15.73,15.02,15.77,0.0,0.0,0.0,0.0,13.24,13.95,0.0,0.0,12.0,12.0,12.0,12.0,12.0,10.0,10.0,10.0,10.0,10.0,15.0,18.0,15.0,15.0,15.0,15.0,15.0,15.0,20.0,20.0,20.0,10.0,10.0,12.0,10.0,20.0,10.0,10.0,10.0,10.0,15.0,12.0,12.0,16.55,0.0,0.0,0.0,21.30031013,20.54381943,1.0,20.53087997,20.0,20.24509048,20.0,20.0,31.48489952,31.0,159.0,162.0,163.0,155.0,157.0,154.0,153.0,150.0,150.0,151.0,151.0
SIPA372,,Krishna,Nuzividu,Non-Exclusive,6097627.0,70963.0,0.0,,,136.5,0.0,0.0,0.0,26.0,0.0,0.0,0.0,0.0,0.0,0.0,0.0,0.0,,,,,,,,,,,,,,,,,,,,,,,,,0.0,0.0,0.0,12.0,12.0,12.0,12.0,10.0,10.0,12.0,12.0,0.0,0.0,0.0,0.0,0.0,0.0,0.0,0.0,0.0,0.0,0.0,0.0,0.0,,,,,,,,,,,,,0.0,0.0,0.0,13.36456013,11.39554977,1.0,16.10032082,11.1133604,10.0,10.0,10.0,10.0,0.0,0.0,0.0,0.0,0.0,0.0,0.0,0.0,0.0,0.0,0.0,0.0
SIPA373,S S Enterprises,East Godavari,Tapeswaram,Exclusive,8274560.0,7411.0,32.550000000000004,AP,Active,367.5,0.0,0.0,0.0,24.0,31.0,6.0,13.0,0.0,15.0,45.0,11.0,39.0,26.0,28.0,23.0,26.0,31.0,44.0,25.0,0.0,0.0,0.0,0.0,0.0,0.0,41.2,20.790000000000003,21.03,30.23,27.92,30.05,0.0,51.42,29.93,59.81,88.53,0.0,0.0,0.0,12.0,12.0,20.0,12.0,12.0,12.0,12.0,12.0,12.0,25.0,30.0,30.0,30.0,30.0,30.0,40.0,30.0,50.0,50.0,50.0,30.0,30.0,40.0,50.0,40.0,25.0,25.0,25.0,20.0,30.0,25.0,25.0,74.7625,0.0,0.0,0.0,43.51136017,63.04774094,1.0,47.13166046,44.48968124,55.61999893,72.66239929,51.9457283,128.3483582,107.0,53.0,29.0,40.0,96.0,38.0,45.0,27.0,36.0,49.0,44.0,31.0
SIPA374,Lakshmi Enterprises,Srikakulam,Narasannapeta,Non-Exclusive,4798722.0,77321.0,73.5,AP,Inactive,420.0,0.0,0.0,0.0,20.0,0.0,0.0,0.0,0.0,0.0,0.0,13.0,0.0,0.0,0.0,0.0,0.0,15.0,0.0,0.0,0.0,0.0,0.0,0.0,0.0,0.0,0.0,0.0,0.0,0.0,0.0,0.0,0.0,0.0,0.0,,,0.0,0.0,0.0,12.0,12.0,12.0,12.0,10.0,10.0,10.0,10.0,10.0,10.0,12.0,10.0,10.0,10.0,10.0,10.0,10.0,10.0,10.0,10.0,0.0,0.0,0.0,0.0,0.0,0.0,0.0,0.0,0.0,0.0,0.0,0.0,0.0,0.0,0.0,0.0,42.20541,5.0,1.0,5.989230156,5.0,5.0,5.0,5.0,13.35404968,8.0,87.0,70.0,73.0,75.0,72.0,71.0,71.0,71.0,70.0,70.0,70.0
SIPA375,PARAMESWARI TRADERS,Guntur,Gullapalli,Non-Exclusive,6629265.0,,50.400000000000006,AP,Active,73.5,0.0,0.0,0.0,12.0,10.0,14.0,12.0,13.0,0.0,0.0,13.0,25.0,0.0,25.0,15.0,0.0,13.0,14.0,12.0,12.0,0.0,6.0,0.0,24.0,15.14,12.87,19.630000000000003,12.45,0.0,12.66,11.61,12.3,11.35,11.04,11.96,13.020000000000001,0.0,0.0,0.0,12.0,12.0,12.0,12.0,10.0,10.0,12.0,12.0,12.0,12.0,15.0,15.0,15.0,15.0,15.0,15.0,12.0,12.0,12.0,12.0,10.0,12.0,12.0,15.0,15.0,10.0,10.0,10.0,10.0,12.0,12.0,12.0,14.950000000000001,0.0,0.0,0.0,13.64873028,20.28211021,1.0,14.13941956,11.13255978,10.96821976,13.66792011,11.51488018,64.54483795,35.0,36.0,36.0,39.0,36.0,36.0,36.0,36.0,35.0,38.0,36.0,48.0
SIPA376,,West Godavari,JANGAREDDY GUDEM,Non-Exclusive,6422436.0,,0.0,,,,0.0,0.0,0.0,10.0,10.0,0.0,0.0,0.0,0.0,0.0,5.0,0.0,,,,,,,,,,,,,,,,,,,,,,,,,0.0,0.0,0.0,12.0,10.0,10.0,10.0,10.0,10.0,10.0,10.0,10.0,0.0,0.0,0.0,0.0,0.0,0.0,0.0,0.0,0.0,0.0,0.0,0.0,,,,,,,,,,,,,0.0,0.0,0.0,40.50928116,45.30410004,1.0,40.82170105,40.0,40.0,40.0,40.0,100.2221222,0.0,0.0,0.0,0.0,0.0,0.0,0.0,0.0,0.0,0.0,0.0,0.0
SIPA377,RENUKA STEEL AND CEMENT,Chittoor,MULAKALACHERUVU,Non-Exclusive,6588204.0,53772.0,28.35,AP,Active,78.75,0.0,0.0,0.0,9.0,11.0,9.0,16.0,16.0,0.0,20.0,0.0,29.0,0.0,20.0,19.0,20.0,0.0,20.0,20.0,0.0,0.0,17.0,0.0,16.0,0.0,20.2,0.0,13.36,15.260000000000002,14.42,0.0,14.8,14.7,13.08,13.139999999999999,15.760000000000002,0.0,0.0,0.0,12.0,10.0,12.0,15.0,10.0,10.0,10.0,10.0,15.0,15.0,18.0,15.0,20.0,20.0,20.0,20.0,20.0,20.0,20.0,12.0,10.0,12.0,12.0,12.0,12.0,10.0,10.0,10.0,10.0,12.0,12.0,12.0,12.0,0.0,0.0,0.0,5.0,12.39640999,1.0,11.32474041,29.55573082,5.118460178,21.9623909,5.355390072,44.05389023,45.0,31.0,43.0,35.0,41.0,34.0,32.0,32.0,31.0,30.0,33.0,27.0
SIPA378,SRI RAGAVENDRA TRADERS,Prakasam,ULAVAPADU,Non-Exclusive,5954328.0,53918.0,28.35,AP,Active,63.0,0.0,0.0,0.0,12.0,7.0,14.0,12.0,11.0,0.0,0.0,11.0,13.0,0.0,11.0,0.0,12.0,12.0,12.0,13.0,12.0,12.0,13.0,13.0,0.0,11.58,12.179999999999998,12.61,0.0,12.37,13.15,0.0,11.55,0.0,11.239999999999998,12.13,11.82,0.0,0.0,0.0,12.0,12.0,12.0,12.0,10.0,10.0,12.0,12.0,12.0,12.0,15.0,12.0,12.0,12.0,12.0,12.0,12.0,12.0,12.0,12.0,10.0,10.0,12.0,12.0,12.0,10.0,10.0,10.0,10.0,10.0,10.0,10.0,12.0,0.0,0.0,0.0,5.0,10.58883953,1.0,10.46321964,27.52124977,6.692359924,6.417140007,6.026770115,26.02802086,22.0,28.0,44.0,36.0,31.0,30.0,39.0,35.0,25.0,30.0,26.0,27.0
SIPA379,SRI GURU LAKSHMI NARAYANA TRADERS,Kurnool,KOLAKUNTLA,Non-Exclusive,6203936.0,,25.200000000000003,AP,Active,73.5,0.0,0.0,0.0,13.0,25.0,13.0,13.0,13.0,13.0,12.0,13.0,11.0,12.0,13.0,20.0,42.0,24.0,0.0,33.0,19.0,0.0,0.0,12.0,14.0,15.69,14.33,0.0,0.0,0.0,0.0,0.0,0.0,0.0,0.0,0.0,0.0,0.0,0.0,0.0,15.0,15.0,15.0,12.0,11.0,11.0,11.0,11.0,12.0,12.0,15.0,15.0,20.0,20.0,20.0,20.0,20.0,20.0,20.0,20.0,15.0,15.0,15.0,15.0,15.0,20.0,20.0,20.0,20.0,0.0,0.0,0.0,0.0,0.0,0.0,0.0,8.929889679,18.73118019,1.0,23.50934029,17.0277195,23.17819977,18.44288063,19.39135933,22.89780045,22.0,20.0,31.0,54.0,19.0,17.0,45.0,36.0,14.0,10.0,23.0,24.0
SIPA380,,Anantapur,GUNTAKAL,Non-Exclusive,6321948.0,45385.0,0.0,,,,0.0,0.0,0.0,15.0,12.0,13.0,0.0,12.0,0.0,0.0,0.0,0.0,,,,,,,,,,,,,,,,,,,,,,,,,0.0,0.0,0.0,12.0,12.0,15.0,12.0,10.0,10.0,10.0,10.0,0.0,0.0,0.0,0.0,0.0,0.0,0.0,0.0,0.0,0.0,0.0,0.0,0.0,,,,,,,,,,,,,0.0,0.0,0.0,10.0,16.25275993,1.0,18.41258049,22.25966072,13.24473953,11.89210987,15.87516975,15.87516975,0.0,0.0,0.0,0.0,0.0,0.0,0.0,0.0,0.0,0.0,0.0,0.0
SIPA381,M S TRADERS,Anantapur,PARIGI,Non-Exclusive,6321948.0,70839.0,9.45,AP,Active,42.0,0.0,0.0,0.0,13.0,13.0,0.0,12.0,13.0,13.0,0.0,12.0,12.0,0.0,13.0,11.0,0.0,19.0,0.0,0.0,12.0,0.0,0.0,0.0,0.0,0.0,9.12,5.01,0.0,0.0,0.0,0.0,0.0,0.0,0.0,0.0,0.0,0.0,0.0,0.0,12.0,12.0,10.0,10.0,10.0,10.0,10.0,10.0,12.0,10.0,12.0,12.0,12.0,12.0,12.0,12.0,12.0,20.0,15.0,15.0,5.0,5.0,12.0,12.0,12.0,10.0,10.0,10.0,10.0,10.0,10.0,0.0,0.0,0.0,0.0,0.0,5.0,9.116999626,1.0,7.49022007,25.8789196,17.06311035,11.55585003,16.99403954,9.274780273,20.0,22.0,22.0,15.0,25.0,16.0,12.0,23.0,12.0,9.0,9.0,9.0
SIPA382,SRI VENKATESWARA TRADERS,Chittoor,SANTHIPURAM,Non-Exclusive,6588204.0,61789.0,33.6,AP,Active,105.0,0.0,0.0,0.0,10.0,11.0,15.0,12.0,11.0,12.0,20.0,0.0,18.0,0.0,10.0,10.0,10.0,9.0,11.0,0.0,12.0,0.0,0.0,10.0,10.0,7.4,0.0,0.0,11.02,9.009999999999998,20.22,9.81,13.36,11.7,11.96,12.02,9.98,0.0,0.0,0.0,12.0,10.0,12.0,12.0,10.0,10.0,10.0,10.0,12.0,12.0,15.0,12.0,12.0,12.0,12.0,12.0,12.0,12.0,12.0,12.0,5.0,10.0,12.0,15.0,15.0,10.0,10.0,10.0,10.0,12.0,12.0,12.0,12.0,411.9117737,277.1668701,354.4273682,285.738739,382.6826172,1.0,275.6374817,271.8467712,287.9909058,235.4757843,249.0970154,570.9551392,29.0,54.0,37.0,36.0,46.0,30.0,31.0,39.0,32.0,29.0,32.0,32.0
SIPA383,,Prakasam,Ongole,Non-Exclusive,5954328.0,48376.0,0.0,,,525.0,0.0,0.0,0.0,13.0,13.0,14.0,0.0,31.0,31.0,26.0,0.0,0.0,,,,,,,,,,,,,,,,,,,,,,,,,0.0,0.0,0.0,12.0,12.0,20.0,0.0,10.0,10.0,25.0,25.0,25.0,0.0,0.0,0.0,0.0,0.0,0.0,0.0,0.0,0.0,0.0,0.0,0.0,,,,,,,,,,,,,0.0,0.0,0.0,20.0,22.74847984,1.0,20.0,49.57310104,21.00205994,21.81259918,32.0923996,80.00640106,0.0,0.0,0.0,0.0,0.0,0.0,0.0,0.0,0.0,0.0,0.0,0.0
SIPA384,KUSUMA IRON AND HARDWARES,Nellore,Kavali,Non-Exclusive,4538626.0,67997.0,24.15,AP,Active,262.5,0.0,0.0,0.0,12.0,25.0,16.0,16.0,13.0,12.0,15.0,17.0,20.0,0.0,11.0,0.0,19.0,23.0,11.0,0.0,0.0,24.0,0.0,15.0,10.0,24.200000000000003,6.59,12.329999999999998,12.239999999999998,10.45,0.0,0.0,13.29,12.93,0.0,0.0,0.0,0.0,0.0,0.0,12.0,12.0,15.0,15.0,11.0,11.0,15.0,15.0,15.0,20.0,24.0,24.0,20.0,20.0,20.0,20.0,20.0,20.0,20.0,10.0,10.0,12.0,15.0,20.0,20.0,15.0,15.0,20.0,10.0,12.0,12.0,12.0,12.0,0.0,0.0,0.0,42.20541,5.0,1.0,5.989230156,5.0,5.0,5.0,5.0,13.35404968,53.0,22.0,27.0,43.0,49.0,22.0,23.0,20.0,20.0,21.0,24.0,23.0
SIPA385,SRI SAI ENTERPRISES,Cuddapah,SIMHADRIPURAM,Non-Exclusive,4111686.0,36545.0,15.75,AP,Active,52.5,0.0,0.0,0.0,15.0,10.0,8.0,12.0,12.0,10.0,14.0,0.0,15.0,0.0,0.0,13.0,0.0,10.0,12.0,12.0,14.0,0.0,0.0,13.0,11.0,0.0,11.62,9.28,0.0,12.25,0.0,10.78,5.5,10.34,0.0,12.08,12.08,0.0,0.0,0.0,12.0,12.0,12.0,12.0,10.0,10.0,10.0,10.0,12.0,15.0,18.0,12.0,12.0,12.0,12.0,12.0,12.0,12.0,12.0,12.0,10.0,12.0,12.0,12.0,12.0,10.0,10.0,10.0,10.0,10.0,12.0,12.0,12.0,0.0,0.0,0.0,5.0,15.29246998,1.0,7.925179958,19.68354034,5.633840084,26.81792068,5.475379944,30.6407299,31.0,12.0,24.0,12.0,10.0,10.0,12.0,11.0,10.0,12.0,16.0,15.0
SIPA386,GIRI TRADERS,Nellore,SANGAM,Non-Exclusive,4538626.0,55433.0,17.85,AP,Active,52.5,0.0,0.0,0.0,12.0,4.0,12.0,12.0,0.0,13.0,6.0,6.0,7.0,7.0,0.0,11.0,13.0,12.0,8.0,13.0,12.0,0.0,0.0,10.0,13.0,12.28,0.0,11.3,0.0,12.95,12.71,0.0,11.4,12.52,0.0,11.94,0.0,0.0,0.0,0.0,12.0,12.0,12.0,12.0,10.0,10.0,12.0,12.0,12.0,12.0,15.0,12.0,12.0,12.0,12.0,12.0,12.0,12.0,12.0,12.0,10.0,10.0,5.0,10.0,10.0,10.0,10.0,10.0,10.0,12.0,12.0,12.0,14.924999999999999,0.0,0.0,0.0,10.0,20.33851051,1.0,21.66838074,24.50882912,13.04047966,12.56025982,13.37699986,41.43822861,15.0,13.0,28.0,20.0,11.0,33.0,15.0,11.0,8.0,10.0,8.0,17.0
SIPA387,SRI SRINIVASA STEEL SYNDICATE,Krishna,NUZVID,Non-Exclusive,6097627.0,,17.85,AP,Active,136.5,0.0,0.0,0.0,0.0,14.0,14.0,0.0,13.0,10.0,15.0,12.0,13.0,13.0,16.0,0.0,0.0,16.0,0.0,15.0,3.0,16.0,13.0,13.0,0.0,27.43,13.43,0.0,12.12,11.82,12.58,10.710000000000004,12.56,12.22,15.489999999999998,13.109999999999998,14.49,0.0,0.0,0.0,0.0,12.0,12.0,12.0,10.0,10.0,12.0,12.0,12.0,12.0,15.0,15.0,15.0,15.0,15.0,15.0,15.0,15.0,15.0,12.0,10.0,10.0,12.0,10.0,10.0,10.0,10.0,10.0,10.0,15.0,15.0,15.0,15.0,0.0,0.0,0.0,0.0,8.0,1.0,36.87704086,52.57358932,43.7756691,48.62863922,50.89981079,90.39364624,49.0,31.0,23.0,21.0,18.0,20.0,17.0,22.0,21.0,16.0,22.0,17.0
SIPA388,,Guntur,PHIRANGIPURAM,Non-Exclusive,6629265.0,79814.0,15.75,,,,0.0,0.0,0.0,0.0,12.0,0.0,0.0,0.0,11.0,0.0,0.0,0.0,0.0,0.0,0.0,0.0,0.0,0.0,0.0,0.0,0.0,0.0,0.0,0.0,,,,,,,,,,,,,0.0,0.0,0.0,0.0,12.0,12.0,13.0,10.0,10.0,15.0,15.0,15.0,15.0,18.0,0.0,0.0,0.0,0.0,0.0,0.0,0.0,0.0,0.0,0.0,,,,,,,,,,,,,0.0,0.0,0.0,0.0,8.42440033,1.0,52.07672119,51.40364075,50.49145889,63.33992004,55.34083939,24.00864983,21.0,15.0,15.0,15.0,15.0,15.0,15.0,15.0,15.0,15.0,15.0,15.0
SIPA389,SRI SAI RAM BRAHMAIAH CUNTRY WOOD DEPOT,Nellore,PODALAKUR,Non-Exclusive,4538626.0,84810.0,17.85,AP,Active,147.0,0.0,0.0,0.0,0.0,12.0,12.0,11.0,13.0,12.0,12.0,12.0,13.0,12.0,25.0,23.0,12.0,19.0,25.0,12.0,25.0,19.0,16.0,20.0,21.0,25.37,0.0,23.94,0.0,24.59,20.28,24.53,0.0,16.1,20.0,0.0,25.33,0.0,0.0,0.0,0.0,12.0,12.0,12.0,10.0,10.0,12.0,12.0,12.0,12.0,15.0,15.0,20.0,20.0,20.0,20.0,20.0,25.0,25.0,24.0,20.0,20.0,20.0,25.0,20.0,20.0,20.0,20.0,20.0,25.0,15.0,15.0,20.0,0.0,0.0,0.0,0.0,1.0,1.0,6.72976017,13.80208015,4.208580017,4.359600067,8.246700287,59.61827087,10.0,23.0,39.0,47.0,28.0,35.0,25.0,20.0,30.0,20.0,22.0,17.0
SIPA390,HANUMAN TRADERS,Anantapur,KOTHACHERUVU,Non-Exclusive,6321948.0,53610.0,23.1,AP,Active,63.0,0.0,0.0,0.0,0.0,12.0,0.0,0.0,0.0,0.0,0.0,12.0,0.0,0.0,12.0,0.0,10.0,20.0,8.0,6.0,0.0,0.0,10.0,3.0,8.0,0.0,0.0,6.91,0.0,0.0,0.0,11.12,0.0,0.0,0.0,0.0,5.74,0.0,0.0,0.0,0.0,12.0,10.0,10.0,10.0,10.0,10.0,10.0,12.0,12.0,15.0,10.0,10.0,10.0,10.0,10.0,10.0,10.0,10.0,10.0,5.0,5.0,6.0,6.0,6.0,10.0,10.0,10.0,10.0,10.0,10.0,10.0,10.0,0.0,0.0,0.0,0.0,2.958090067,1.0,4.555510044,3.232039928,2.381479979,5.614439964,5.343599796,10.86750031,8.0,17.0,8.0,16.0,32.0,13.0,10.0,6.0,22.0,6.0,31.0,22.0
SIPA391,SRI SRINIVASA STEELS,Cuddapah,PULIVENDLA,Non-Exclusive,4111686.0,,0.0,AP,Active,630.0,0.0,0.0,0.0,0.0,20.0,40.0,39.0,41.0,41.0,41.0,42.0,55.0,40.0,47.0,52.0,49.0,50.0,90.0,49.0,51.0,79.0,26.0,51.0,25.0,48.120000000000005,30.36,25.57999999999999,20.49,28.97,0.0,53.85,0.0,0.0,39.32,21.660000000000004,23.739999999999995,0.0,0.0,0.0,0.0,12.0,40.0,40.0,16.0,16.0,40.0,40.0,50.0,45.0,55.0,50.0,50.0,50.0,50.0,50.0,50.0,75.0,75.0,50.0,60.0,55.0,50.0,55.0,60.0,60.0,60.0,50.0,50.0,0.0,0.0,25.0,25.0,0.0,0.0,0.0,0.0,8.0,1.0,36.87704086,52.57358932,43.7756691,48.62863922,50.89981079,90.39364624,0.0,0.0,0.0,0.0,0.0,0.0,0.0,0.0,0.0,0.0,0.0,0.0
SIPA392,BABA TRADERS,Chittoor,KALAKADA,Non-Exclusive,6588204.0,45787.0,28.35,AP,Active,105.0,0.0,0.0,0.0,0.0,14.0,11.0,12.0,9.0,0.0,10.0,0.0,20.0,15.0,12.0,12.0,13.0,11.0,20.0,11.0,12.0,10.0,0.0,11.0,10.0,0.0,11.96,0.0,9.42,0.0,0.0,11.56,0.0,0.0,0.0,0.0,0.0,0.0,0.0,0.0,0.0,12.0,20.0,12.0,10.0,10.0,10.0,10.0,12.0,12.0,15.0,15.0,15.0,15.0,15.0,15.0,12.0,15.0,15.0,12.0,10.0,10.0,12.0,12.0,12.0,15.0,15.0,10.0,10.0,12.0,12.0,10.0,10.0,0.0,0.0,0.0,0.0,9.0,1.0,13.87298012,22.08918953,14.20748043,18.97153091,19.54948044,39.68769836,27.0,31.0,33.0,42.0,41.0,37.0,33.0,36.0,32.0,31.0,26.0,27.0
SIPA393,LAKSHMI STEELS,Nellore,VINJAMUR,Non-Exclusive,4538626.0,62031.0,32.550000000000004,AP,Active,94.5,0.0,0.0,0.0,0.0,13.0,5.0,12.0,0.0,23.0,25.0,18.0,10.0,17.0,51.0,38.0,25.0,65.0,50.0,25.0,25.0,38.0,14.0,24.0,24.0,24.41,0.0,12.16,0.0,12.5,11.96,0.0,12.55,11.75,11.23,11.680000000000001,6.26,0.0,0.0,0.0,0.0,12.0,12.0,12.0,10.0,10.0,20.0,20.0,20.0,12.0,15.0,24.0,25.0,25.0,25.0,25.0,25.0,30.0,24.0,24.0,24.0,24.0,24.0,24.0,20.0,30.0,30.0,20.0,20.0,24.0,12.0,12.0,14.600000000000001,0.0,0.0,0.0,0.0,5.0,1.0,12.20872021,6.296000004,6.143119812,20.74356079,30.75753021,65.70793152,37.0,33.0,69.0,58.0,34.0,30.0,46.0,35.0,39.0,27.0,28.0,31.0
SIPA394,MADHURA MEENAKSHI STEEL CORPORATION,Guntur,MACHERLA,Non-Exclusive,6629265.0,55758.0,31.5,AP,Inactive,315.0,0.0,0.0,0.0,0.0,15.0,15.0,16.0,16.0,13.0,13.0,20.0,40.0,20.0,40.0,26.0,0.0,13.0,32.0,0.0,0.0,0.0,0.0,0.0,0.0,0.0,0.0,0.0,0.0,0.0,0.0,0.0,0.0,0.0,0.0,,,0.0,0.0,0.0,0.0,12.0,15.0,15.0,10.0,10.0,15.0,15.0,15.0,18.0,60.0,40.0,40.0,40.0,30.0,30.0,30.0,0.0,0.0,0.0,0.0,0.0,0.0,0.0,0.0,0.0,0.0,0.0,0.0,0.0,0.0,0.0,0.0,0.0,0.0,0.0,0.0,3.0,1.0,42.82746124,36.46920013,41.29151917,48.54719925,31.96859932,74.87519836,78.0,38.0,66.0,35.0,59.0,58.0,50.0,50.0,30.0,31.0,57.0,30.0
SIPA395,M S ENTERPRISES,Kurnool,Nandyal,Non-Exclusive,6203936.0,68852.0,50.400000000000006,AP,Active,1050.0,0.0,0.0,0.0,0.0,0.0,31.0,15.0,12.0,20.0,11.0,12.0,34.0,26.0,26.0,32.0,26.0,61.0,81.0,77.0,66.0,85.0,28.0,51.0,77.0,95.24,30.27,48.86000000000001,11.929999999999996,55.96,25.06,27.380000000000003,25.3,25.55,15.0,24.279999999999998,35.660000000000004,0.0,0.0,0.0,0.0,0.0,12.0,30.0,10.0,10.0,10.0,10.0,20.0,12.0,24.0,25.0,25.0,25.0,25.0,25.0,40.0,50.0,50.0,60.0,60.0,60.0,65.0,70.0,55.0,65.0,65.0,50.0,50.0,55.0,55.0,50.0,50.0,0.0,0.0,0.0,0.0,0.0,1.0,41.83512115,42.18841934,54.35533142,48.36172867,47.80511856,65.45812225,74.0,38.0,53.0,44.0,54.0,87.0,77.0,56.0,138.0,85.0,91.0,48.0
SIPA396,SRI SAI LAKSHMI TRADERS,Chittoor,Madanapally,Non-Exclusive,6588204.0,97284.0,82.95,AP,Active,682.5,0.0,0.0,0.0,0.0,0.0,24.0,46.0,45.0,26.0,41.0,25.0,36.0,30.0,46.0,56.0,25.0,14.0,23.0,31.0,21.0,35.0,16.0,19.0,33.0,21.28,15.25,24.96,0.0,25.34,25.11,0.0,20.7,19.86,5.44,19.799999999999997,19.439999999999998,0.0,0.0,0.0,0.0,0.0,10.0,30.0,12.0,12.0,12.0,12.0,30.0,30.0,40.0,40.0,40.0,40.0,30.0,30.0,30.0,50.0,35.0,35.0,25.0,25.0,25.0,30.0,30.0,20.0,20.0,20.0,20.0,25.0,20.0,20.0,20.0,0.0,0.0,0.0,0.0,0.0,1.0,86.53515625,104.2196426,77.54209137,72.93430328,64.56790161,53.81217957,75.0,92.0,90.0,46.0,46.0,72.0,50.0,50.0,86.0,58.0,123.0,79.0
SIPA397,R V ASSOCIATES,Nellore,Rajupalem,Non-Exclusive,4538626.0,688.0,31.5,AP,Inactive,105.0,0.0,0.0,0.0,0.0,0.0,11.0,12.0,0.0,12.0,11.0,13.0,12.0,13.0,12.0,12.0,14.0,13.0,9.0,12.0,0.0,13.0,0.0,0.0,0.0,0.0,0.0,0.0,0.0,0.0,0.0,0.0,0.0,0.0,0.0,,,0.0,0.0,0.0,0.0,0.0,10.0,12.0,10.0,10.0,12.0,12.0,12.0,12.0,15.0,12.0,12.0,12.0,12.0,12.0,12.0,12.0,12.0,12.0,10.0,10.0,12.0,12.0,12.0,0.0,0.0,0.0,0.0,0.0,0.0,0.0,0.0,0.0,0.0,0.0,0.0,0.0,1.0,9.915200233,9.332719803,21.13648987,9.868860245,8.0,44.99285889,11.0,39.0,42.0,48.0,34.0,49.0,33.0,34.0,30.0,31.0,33.0,30.0
SIPA398,,Prakasam,ADDANKI,Non-Exclusive,5954328.0,89769.0,,,,,0.0,0.0,0.0,0.0,0.0,12.0,13.0,0.0,12.0,14.0,14.0,12.0,,,,,,,,,,,,,,,,,,,,,,,,,0.0,0.0,0.0,0.0,0.0,10.0,12.0,13.0,13.0,12.0,12.0,12.0,0.0,0.0,0.0,0.0,0.0,0.0,0.0,0.0,0.0,0.0,0.0,0.0,,,,,,,,,,,,,,,,,,,,,,,,,,,,,,,,,,,,
SIPA399,,Anantapur,Kirikera,Non-Exclusive,6321948.0,11184.0,0.0,,,,0.0,0.0,0.0,0.0,0.0,13.0,0.0,0.0,0.0,0.0,0.0,0.0,,,,,,,,,,,,,,,,,,,,,,,,,0.0,0.0,0.0,0.0,0.0,20.0,12.0,10.0,10.0,10.0,10.0,0.0,0.0,0.0,0.0,0.0,0.0,0.0,0.0,0.0,0.0,0.0,0.0,0.0,,,,,,,,,,,,,0.0,0.0,0.0,0.0,0.0,1.0,56.35139084,52.90382004,52.81713867,50.21311951,50.0,50.0,0.0,0.0,0.0,0.0,0.0,0.0,0.0,0.0,0.0,0.0,0.0,0.0
SIPA400,Sree Paavana Traders,Cuddapah,JAMMALAMADUGU,Non-Exclusive,4111686.0,32257.0,73.5,AP,Active,241.5,0.0,0.0,0.0,0.0,0.0,12.0,13.0,13.0,14.0,23.0,13.0,39.0,12.0,26.0,26.0,33.0,34.0,43.0,34.0,25.0,24.0,21.0,38.0,38.0,38.68,12.37,12.34,24.58,39.0,38.760000000000005,38.38,25.47,40.58,23.959999999999997,23.82,26.34,0.0,0.0,0.0,0.0,0.0,10.0,12.0,10.0,10.0,10.0,10.0,12.0,15.0,18.0,24.0,24.0,24.0,25.0,25.0,25.0,30.0,30.0,25.0,30.0,30.0,30.0,30.0,30.0,35.0,35.0,35.0,35.0,40.0,30.0,30.0,30.0,0.0,0.0,0.0,0.0,0.0,1.0,46.45473862,53.98994064,45.00394058,61.17136002,44.98675919,53.96356964,71.0,37.0,44.0,41.0,56.0,35.0,40.0,48.0,37.0,29.0,71.0,70.0
SIPA401,SRI NARAYANA ENTERPRISES,Prakasam,BESTHAVARIPETA,Non-Exclusive,5954328.0,58668.0,4.2,AP,Inactive,73.5,0.0,0.0,0.0,0.0,0.0,12.0,13.0,12.0,13.0,0.0,0.0,12.0,0.0,0.0,0.0,0.0,12.0,0.0,0.0,11.0,0.0,0.0,0.0,0.0,0.0,0.0,0.0,0.0,0.0,0.0,0.0,0.0,0.0,0.0,,,0.0,0.0,0.0,0.0,0.0,10.0,12.0,10.0,10.0,12.0,12.0,12.0,12.0,15.0,12.0,12.0,12.0,12.0,12.0,12.0,12.0,10.0,10.0,0.0,0.0,0.0,0.0,0.0,0.0,0.0,0.0,0.0,0.0,0.0,0.0,0.0,0.0,0.0,0.0,0.0,0.0,1.0,13.56064987,15.99724007,16.52206039,16.29311943,10.0,30.91110039,17.0,5.0,3.0,4.0,1.0,5.0,1.0,0.0,5.0,0.0,1.0,4.0
SIPA402,S V Agencies,Chittoor,Punganur,Non-Exclusive,6588204.0,54956.0,42.0,AP,Active,262.5,0.0,0.0,0.0,0.0,0.0,19.0,20.0,15.0,11.0,26.0,20.0,20.0,0.0,20.0,13.0,20.0,12.0,13.0,12.0,10.0,12.0,12.0,10.0,19.0,9.89,14.71,15.69,0.0,20.230000000000004,15.71,20.62,19.380000000000003,19.76,20.16,19.84,22.759999999999998,0.0,0.0,0.0,0.0,0.0,10.0,12.0,10.0,10.0,20.0,20.0,20.0,20.0,24.0,20.0,20.0,20.0,20.0,20.0,20.0,25.0,20.0,20.0,10.0,12.0,15.0,15.0,15.0,15.0,15.0,20.0,20.0,20.0,20.0,20.0,20.0,0.0,0.0,0.0,0.0,0.0,1.0,11.62652969,24.48830986,19.15364075,42.63367081,19.36136055,39.21886826,43.0,47.0,55.0,43.0,34.0,34.0,36.0,48.0,52.0,55.0,37.0,40.0
SIPA403,Sri Venkata Lakshmi Padmavathi Agencies,Prakasam,Darsi,Non-Exclusive,5954328.0,120120.0,31.5,AP,Active,168.0,0.0,0.0,0.0,0.0,0.0,22.0,12.0,22.0,11.0,11.0,10.0,20.0,20.0,12.0,19.0,20.0,20.0,0.0,13.0,0.0,0.0,11.0,0.0,12.0,37.39,0.0,12.35,0.0,19.78,12.71,11.87,20.07,11.88,19.81,10.620000000000001,11.95,0.0,0.0,0.0,0.0,0.0,10.0,20.0,10.0,10.0,20.0,20.0,20.0,20.0,24.0,20.0,20.0,20.0,20.0,20.0,20.0,20.0,20.0,20.0,10.0,12.0,20.0,24.0,20.0,15.0,15.0,20.0,20.0,20.0,15.0,15.0,20.0,0.0,0.0,0.0,0.0,0.0,1.0,110.7443237,106.6533203,102.8135223,102.0580597,121.6767883,68.95053864,55.0,36.0,52.0,51.0,52.0,45.0,39.0,42.0,30.0,32.0,33.0,30.0
SIPA404,Sree Lakshmi Prasanna Steel Mart Allagadda,Kurnool,Allagadda,Non-Exclusive,6203936.0,108915.0,88.2,AP,Active,178.5,0.0,0.0,0.0,0.0,0.0,13.0,12.0,12.0,13.0,11.0,11.0,20.0,19.0,37.0,38.0,24.0,25.0,56.0,33.0,39.0,0.0,25.0,25.0,33.0,43.53,22.88,21.65,31.67,35.66,0.0,0.0,0.0,23.52,24.18,0.0,23.9,0.0,0.0,0.0,0.0,0.0,5.0,12.0,10.0,10.0,10.0,10.0,12.0,12.0,15.0,17.0,20.0,20.0,20.0,20.0,25.0,30.0,30.0,24.0,30.0,30.0,30.0,30.0,30.0,35.0,35.0,20.0,20.0,24.0,20.0,20.0,20.0,0.0,0.0,0.0,0.0,0.0,1.0,13.6979599,22.70129967,10.19882965,20.99928093,20.28515053,36.05411911,31.0,57.0,68.0,57.0,56.0,67.0,66.0,37.0,48.0,30.0,30.0,84.0
SIPA405,,Chittoor,Chittoor,Non-Exclusive,6588204.0,59060.0,0.0,,,735.0,0.0,0.0,0.0,0.0,0.0,15.0,20.0,13.0,0.0,0.0,0.0,0.0,,,,,,,,,,,,,,,,,,,,,,,,,0.0,0.0,0.0,0.0,0.0,20.0,20.0,10.0,10.0,10.0,10.0,12.0,0.0,0.0,0.0,0.0,0.0,0.0,0.0,0.0,0.0,0.0,0.0,0.0,,,,,,,,,,,,,0.0,0.0,0.0,0.0,0.0,1.0,34.52779007,49.28572083,35.46979141,30.87899971,35.92433929,11.37077999,0.0,0.0,0.0,0.0,0.0,0.0,0.0,0.0,0.0,0.0,0.0,0.0
SIPA406,VISHNU STEEL AND CEMENT,Cuddapah,Kodur,Non-Exclusive,4111686.0,95190.0,4.2,AP,Active,210.0,0.0,0.0,0.0,0.0,0.0,13.0,12.0,13.0,0.0,32.0,14.0,20.0,21.0,21.0,21.0,20.0,20.0,39.0,26.0,24.0,20.0,0.0,25.0,25.0,25.64,0.0,24.4,19.93,0.0,20.17,30.5,0.0,8.06,26.2,31.9,19.740000000000002,0.0,0.0,0.0,0.0,0.0,20.0,20.0,10.0,10.0,10.0,10.0,20.0,20.0,24.0,20.0,20.0,20.0,20.0,20.0,20.0,25.0,25.0,26.0,20.0,20.0,20.0,20.0,20.0,25.0,25.0,20.0,20.0,25.0,15.0,15.0,15.0,0.0,0.0,0.0,0.0,0.0,1.0,5.56430006,18.48974991,9.327010155,36.92605972,17.74411964,19.88352013,39.0,1.0,21.0,2.0,40.0,9.0,2.0,6.0,9.0,1.0,2.0,4.0
SIPA407,SREE VENKATA MARUTHI TRADERS,Guntur,Mangalagiri,Non-Exclusive,6629265.0,86690.0,18.9,AP,Active,367.5,0.0,0.0,0.0,0.0,0.0,14.0,12.0,0.0,12.0,12.0,12.0,13.0,0.0,13.0,0.0,13.0,13.0,12.0,0.0,26.0,12.0,0.0,0.0,0.0,0.0,11.77,12.8,11.98,12.53,13.28,10.25,10.110000000000005,11.740000000000002,11.75,11.85,12.0,0.0,0.0,0.0,0.0,0.0,15.0,15.0,10.0,10.0,12.0,12.0,12.0,12.0,15.0,12.0,12.0,12.0,12.0,12.0,12.0,15.0,15.0,15.0,10.0,10.0,12.0,12.0,12.0,10.0,10.0,10.0,10.0,12.0,12.0,12.0,14.8125,0.0,0.0,0.0,0.0,0.0,1.0,12.77272987,11.45324039,19.35946083,16.54179955,13.20256042,50.51298141,15.0,22.0,15.0,22.0,18.0,18.0,24.0,15.0,15.0,15.0,23.0,18.0
SIPA408,SRI RAGHAVENDRA TRADERS,Prakasam,Addanki,Non-Exclusive,5954328.0,89769.0,32.550000000000004,AP,Active,420.0,0.0,0.0,0.0,0.0,0.0,0.0,22.0,12.0,25.0,32.0,41.0,41.0,31.0,31.0,30.0,24.0,0.0,47.0,20.0,25.0,0.0,12.0,0.0,0.0,20.28,20.93,0.0,11.32,13.3,0.0,23.07,19.86,0.0,19.73,21.770000000000003,0.0,0.0,0.0,0.0,0.0,0.0,0.0,12.0,10.0,10.0,20.0,20.0,40.0,50.0,60.0,40.0,40.0,30.0,30.0,30.0,25.0,30.0,25.0,25.0,20.0,20.0,20.0,25.0,25.0,20.0,20.0,20.0,20.0,20.0,20.0,20.0,24.0,0.0,0.0,0.0,0.0,0.0,0.0,22.39699936,44.83240891,38.46868134,44.76189041,42.60477829,51.12005997,102.0,54.0,34.0,71.0,29.0,52.0,73.0,40.0,38.0,54.0,31.0,31.0
SIPA409,SRI BHAVANI TRADERS,Prakasam,Addanki,Non-Exclusive,5954328.0,89769.0,33.6,AP,Active,420.0,0.0,0.0,0.0,0.0,0.0,0.0,30.0,12.0,12.0,0.0,21.0,27.0,13.0,25.0,19.0,16.0,16.0,12.0,15.0,13.0,12.0,10.0,0.0,0.0,0.0,12.32,0.0,11.220000000000002,12.64,0.0,0.0,0.0,0.0,0.0,0.0,0.0,0.0,0.0,0.0,0.0,0.0,0.0,12.0,10.0,10.0,20.0,20.0,20.0,30.0,24.0,24.0,24.0,24.0,20.0,15.0,12.0,15.0,15.0,12.0,12.0,12.0,12.0,12.0,12.0,15.0,15.0,10.0,10.0,12.0,0.0,0.0,0.0,0.0,0.0,0.0,0.0,0.0,0.0,20.73822021,17.45100021,29.6534996,39.14085007,18.28856087,47.42090988,68.0,32.0,46.0,57.0,33.0,42.0,45.0,39.0,54.0,35.0,40.0,32.0
SIPA410,Vasavi Steels,Guntur,Narasaraopet,Non-Exclusive,6629265.0,95698.0,84.0,AP,Active,682.5,0.0,0.0,0.0,0.0,0.0,0.0,12.0,0.0,11.0,0.0,0.0,14.0,13.0,13.0,17.0,13.0,11.0,12.0,12.0,14.0,12.0,18.0,0.0,18.0,31.919999999999995,0.0,12.32,0.0,14.16,16.06,19.34,20.73,18.29,19.71,21.88,39.57,0.0,0.0,0.0,0.0,0.0,0.0,12.0,10.0,10.0,15.0,15.0,15.0,15.0,18.0,12.0,12.0,12.0,12.0,12.0,12.0,12.0,12.0,17.0,12.0,12.0,15.0,17.0,20.0,15.0,15.0,20.0,20.0,20.0,15.0,15.0,30.349999999999998,0.0,0.0,0.0,0.0,0.0,0.0,24.0,25.02479935,24.0,33.77405167,26.00772095,52.33309937,94.0,52.0,79.0,68.0,62.0,62.0,51.0,51.0,50.0,50.0,63.0,80.0
SIPA411,,Krishna,Bhavanipuram,Non-Exclusive,6097627.0,,21.0,,,,0.0,0.0,0.0,0.0,0.0,0.0,13.0,12.0,0.0,0.0,0.0,4.0,0.0,0.0,0.0,0.0,0.0,0.0,0.0,0.0,0.0,0.0,0.0,0.0,,,,,,,,,,,,,0.0,0.0,0.0,0.0,0.0,0.0,12.0,10.0,10.0,12.0,12.0,12.0,12.0,15.0,0.0,0.0,0.0,0.0,0.0,0.0,0.0,0.0,0.0,0.0,,,,,,,,,,,,,0.0,0.0,0.0,0.0,0.0,0.0,27.0,37.08102036,27.92375946,27.19253922,27.93972015,28.16238976,28.0,20.0,20.0,21.0,20.0,20.0,20.0,20.0,20.0,20.0,20.0,20.0
SIPA412,,East Godavari,Someshwaram,Non-Exclusive,8274560.0,,0.0,,,,0.0,0.0,0.0,0.0,0.0,0.0,13.0,0.0,0.0,0.0,6.0,0.0,,,,,,,,,,,,,,,,,,,,,,,,,0.0,0.0,0.0,0.0,0.0,0.0,12.0,10.0,10.0,10.0,10.0,0.0,0.0,0.0,0.0,0.0,0.0,0.0,0.0,0.0,0.0,0.0,0.0,0.0,,,,,,,,,,,,,0.0,0.0,0.0,0.0,0.0,0.0,37.0,37.15552139,37.13769913,37.0,37.73334122,37.73334122,0.0,0.0,0.0,0.0,0.0,0.0,0.0,0.0,0.0,0.0,0.0,0.0
SIPA413,Sri Lalithananda Iron & Cement,Prakasam,Chirala,Non-Exclusive,5954328.0,85626.0,81.9,AP,Active,336.0,0.0,0.0,0.0,0.0,0.0,0.0,26.0,12.0,10.0,13.0,15.0,12.0,20.0,26.0,26.0,24.0,24.0,12.0,26.0,26.0,25.0,24.0,25.0,25.0,25.79,24.8,12.03,12.01,12.169999999999998,26.700000000000003,35.7,20.45,48.54999999999999,31.44,50.980000000000004,48.96,0.0,0.0,0.0,0.0,0.0,0.0,12.0,10.0,10.0,20.0,20.0,20.0,20.0,24.0,24.0,24.0,24.0,24.0,24.0,24.0,25.0,25.0,25.0,24.0,24.0,24.0,30.0,24.0,30.0,30.0,35.0,20.0,24.0,30.0,30.0,30.0,0.0,0.0,0.0,0.0,0.0,0.0,30.0,35.19017029,37.49837112,37.27460098,43.91339874,72.77613068,83.0,87.0,96.0,100.0,70.0,67.0,76.0,69.0,72.0,71.0,84.0,78.0
SIPA414,Sri Lakshmi Narasimha Traders (M),East Godavari,Mummidivaram,Non-Exclusive,8274560.0,92318.0,86.10000000000001,AP,Active,420.0,0.0,0.0,0.0,0.0,0.0,0.0,6.0,0.0,0.0,0.0,24.0,35.0,23.0,29.0,37.0,20.0,11.0,20.0,27.0,20.0,0.0,0.0,0.0,0.0,0.0,19.94,0.0,15.13,20.21,20.65,12.81,20.42,0.0,25.89,24.82,40.18,0.0,0.0,0.0,0.0,0.0,0.0,12.0,10.0,10.0,10.0,10.0,10.0,15.0,30.0,25.0,25.0,25.0,25.0,25.0,25.0,30.0,30.0,30.0,25.0,25.0,10.0,30.0,15.0,20.0,20.0,20.0,20.0,25.0,12.0,15.0,31.025,0.0,0.0,0.0,0.0,0.0,0.0,31.0,35.01504898,31.0,33.13779831,58.22835922,69.89028931,93.0,64.0,91.0,63.0,104.0,65.0,62.0,70.0,89.0,60.0,81.0,82.0
SIPA415,,Anantapur,Hindupur,Non-Exclusive,6321948.0,51861.0,0.0,,,682.5,0.0,0.0,0.0,0.0,0.0,0.0,0.0,29.0,15.0,0.0,0.0,0.0,,,,,,,,,,,,,,,,,,,,,,,,,0.0,0.0,0.0,0.0,0.0,0.0,0.0,12.0,12.0,12.0,12.0,0.0,0.0,0.0,0.0,0.0,0.0,0.0,0.0,0.0,0.0,0.0,0.0,0.0,,,,,,,,,,,,,0.0,0.0,0.0,0.0,0.0,0.0,0.0,15.71969986,7.31595993,15.36608028,5.0,5.0,0.0,0.0,0.0,0.0,0.0,0.0,0.0,0.0,0.0,0.0,0.0,0.0
SIPA416,,Prakasam,Podili,Non-Exclusive,5954328.0,67017.0,15.75,,,126.0,0.0,0.0,0.0,0.0,0.0,0.0,0.0,12.0,13.0,12.0,14.0,0.0,0.0,12.0,0.0,0.0,0.0,0.0,0.0,0.0,0.0,0.0,0.0,0.0,,,,,,,,,,,,,0.0,0.0,0.0,0.0,0.0,0.0,0.0,12.0,12.0,12.0,12.0,20.0,12.0,15.0,12.0,12.0,12.0,12.0,12.0,0.0,0.0,0.0,0.0,0.0,,,,,,,,,,,,,0.0,0.0,0.0,0.0,0.0,0.0,0.0,7.528480053,1.991840005,6.336279869,8.713780403,29.12088013,23.0,16.0,16.0,18.0,16.0,16.0,16.0,15.0,15.0,15.0,15.0,15.0
SIPA417,,East Godavari,Nadakuduru,Non-Exclusive,8274560.0,7117.0,26.25,,,,0.0,0.0,0.0,0.0,0.0,0.0,0.0,7.0,0.0,0.0,3.0,0.0,0.0,0.0,0.0,0.0,0.0,0.0,0.0,0.0,0.0,0.0,0.0,0.0,,,,,,,,,,,,,0.0,0.0,0.0,0.0,0.0,0.0,0.0,10.0,10.0,10.0,10.0,10.0,10.0,12.0,0.0,0.0,0.0,0.0,0.0,0.0,0.0,0.0,0.0,0.0,,,,,,,,,,,,,32.95055008,16.10440063,17.48158073,54.32616043,6.281640053,1.0,17.9949398,5.819690228,22.4967804,1.273630023,24.45000076,12.39515972,40.0,25.0,25.0,25.0,25.0,25.0,25.0,25.0,25.0,25.0,25.0,25.0
SIPA418,Sreenidhi Steels,Anantapur,Anantapur,Non-Exclusive,6321948.0,127019.0,248.85,AP,Active,2100.0,0.0,0.0,0.0,0.0,0.0,0.0,0.0,23.0,12.0,25.0,20.0,25.0,25.0,25.0,28.0,31.0,60.0,28.0,30.0,53.0,85.0,26.0,61.0,61.0,80.28999999999999,64.69,55.6,62.88000000000001,56.68,51.84999999999999,51.92,50.11,49.96000000000001,24.840000000000003,50.17999999999999,55.31999999999999,0.0,0.0,0.0,0.0,0.0,0.0,0.0,12.0,12.0,12.0,12.0,25.0,25.0,40.0,30.0,30.0,30.0,30.0,30.0,50.0,70.0,70.0,60.0,50.0,60.0,90.0,90.0,80.0,50.0,50.0,50.0,50.0,60.0,60.0,60.0,60.0,0.0,0.0,0.0,0.0,0.0,0.0,0.0,8.0,18.39019012,28.34000015,36.78038025,143.972702,154.0,171.0,183.0,223.0,191.0,201.0,181.0,180.0,251.0,187.0,255.0,237.0
SIPA419,Sai Ranganatha Steels Private Limited,Anantapur,Anantapur,Non-Exclusive,6321948.0,127019.0,86.10000000000001,AP,Active,2100.0,0.0,0.0,0.0,0.0,0.0,0.0,0.0,20.0,16.0,0.0,21.0,17.0,0.0,25.0,25.0,31.0,35.0,31.0,62.0,44.0,81.0,31.0,31.0,24.0,48.24,29.86,9.97,14.459999999999996,44.05,45.48,29.82,0.0,19.72,25.09,19.890000000000008,30.49,0.0,0.0,0.0,0.0,0.0,0.0,0.0,12.0,12.0,12.0,12.0,25.0,25.0,40.0,30.0,30.0,30.0,30.0,30.0,40.0,70.0,70.0,60.0,50.0,50.0,60.0,60.0,60.0,45.0,45.0,50.0,50.0,50.0,30.0,30.0,30.0,0.0,0.0,0.0,0.0,0.0,0.0,0.0,2.0,16.81110954,19.86668968,20.68374062,56.89216995,62.0,52.0,75.0,80.0,85.0,89.0,110.0,57.0,111.0,77.0,84.0,82.0
SIPA420,Mubarak Agencies,Chittoor,Piler,Non-Exclusive,6588204.0,73016.0,22.05,AP,Active,157.5,0.0,0.0,0.0,0.0,0.0,0.0,0.0,12.0,10.0,0.0,10.0,10.0,0.0,13.0,19.0,10.0,23.0,20.0,0.0,15.0,9.0,0.0,6.0,20.0,13.5,0.0,8.99,0.0,16.21,14.88,19.51,20.11,19.7,10.14,20.0,12.059999999999999,0.0,0.0,0.0,0.0,0.0,0.0,0.0,12.0,12.0,12.0,12.0,12.0,12.0,15.0,12.0,12.0,12.0,12.0,12.0,12.0,15.0,15.0,12.0,10.0,12.0,12.0,15.0,15.0,15.0,15.0,20.0,20.0,20.0,12.0,12.0,12.0,0.0,0.0,0.0,0.0,0.0,0.0,0.0,16.0781498,9.524510384,14.05010986,11.10002995,28.30664063,25.0,21.0,29.0,34.0,32.0,36.0,28.0,42.0,30.0,22.0,25.0,21.0
SIPA421,Sri Satyanarayana Traders,Srikakulam,Narasannapeta,Non-Exclusive,4798722.0,77321.0,107.1,AP,Active,420.0,0.0,0.0,0.0,0.0,0.0,0.0,0.0,11.0,0.0,0.0,12.0,0.0,0.0,13.0,10.0,0.0,21.0,0.0,12.0,0.0,0.0,0.0,0.0,0.0,19.90000000000001,13.170000000000002,17.849999999999998,22.98,0.0,0.0,20.01,12.35,0.0,0.0,11.969999999999999,17.4,0.0,0.0,0.0,0.0,0.0,0.0,0.0,10.0,10.0,10.0,10.0,10.0,10.0,12.0,10.0,10.0,10.0,10.0,10.0,10.0,12.0,12.0,12.0,15.0,15.0,25.0,15.0,12.0,10.0,10.0,10.0,10.0,15.0,11.0,11.0,14.962499999999999,0.0,0.0,0.0,0.0,0.0,0.0,0.0,10.0,10.86246014,10.0,10.0,14.32540035,21.0,101.0,104.0,106.0,121.0,106.0,104.0,100.0,100.0,102.0,108.0,102.0
SIPA422,Kanaka Durga Traders,West Godavari,Palangi,Non-Exclusive,6422436.0,5352.0,31.5,AP,Active,735.0,0.0,0.0,0.0,0.0,0.0,0.0,0.0,0.0,11.0,0.0,26.0,0.0,0.0,12.0,12.0,0.0,0.0,0.0,0.0,20.0,0.0,0.0,0.0,0.0,0.0,0.0,11.849999999999998,0.0,0.0,0.0,0.0,0.0,25.69,0.0,13.8,13.03,0.0,0.0,0.0,0.0,0.0,0.0,0.0,0.0,25.0,25.0,25.0,25.0,20.0,24.0,12.0,12.0,12.0,12.0,12.0,12.0,20.0,20.0,20.0,10.0,10.0,10.0,10.0,12.0,10.0,10.0,10.0,10.0,11.667,10.0,10.0,17.25,33.39049911,10.0632,34.64440155,17.00629997,14.56035995,1.0,38.73088074,27.52561951,12.13119984,13.89675999,23.29026031,44.06285858,531.0,35.0,37.0,35.0,32.0,32.0,30.0,34.0,30.0,30.0,35.0,30.0
SIPA423,,Prakasam,Yerragondapalem,Non-Exclusive,5954328.0,64063.0,10.5,,,78.75,0.0,0.0,0.0,0.0,0.0,0.0,0.0,0.0,11.0,12.0,12.0,12.0,0.0,0.0,0.0,0.0,0.0,0.0,0.0,0.0,0.0,0.0,0.0,0.0,,,,,,,,,,,,,0.0,0.0,0.0,0.0,0.0,0.0,0.0,0.0,12.0,12.0,12.0,12.0,12.0,15.0,0.0,0.0,0.0,0.0,0.0,0.0,0.0,0.0,0.0,0.0,,,,,,,,,,,,,0.0,0.0,0.0,0.0,0.0,0.0,0.0,0.0,10.0,12.24940014,49.01760101,17.36207962,20.0,21.0,18.0,15.0,10.0,10.0,10.0,10.0,10.0,10.0,10.0,10.0
SIPA424,Nagarjuna Traders Markapur,Prakasam,Markapur,Non-Exclusive,5954328.0,51892.0,63.0,AP,Active,336.0,0.0,0.0,0.0,0.0,0.0,0.0,0.0,0.0,26.0,31.0,41.0,25.0,0.0,0.0,0.0,21.0,0.0,20.0,0.0,21.0,23.0,25.0,0.0,24.0,15.29,12.01,13.45,0.0,9.829999999999998,13.31,0.0,0.0,0.0,0.0,0.0,0.0,0.0,0.0,0.0,0.0,0.0,0.0,0.0,0.0,12.0,20.0,20.0,40.0,40.0,36.0,20.0,20.0,20.0,20.0,20.0,20.0,24.0,24.0,24.0,10.0,12.0,15.0,20.0,20.0,15.0,15.0,20.0,20.0,15.0,10.0,10.0,0.0,0.0,0.0,0.0,0.0,0.0,0.0,0.0,0.0,40.0,40.0,92.18924713,52.97288132,41.0,40.0,37.0,56.0,43.0,38.0,41.0,76.0,35.0,35.0,51.0,60.0
SIPA425,Maturu Rama Rao Steel India Private Limited,Srikakulam,Srikakulam,Non-Exclusive,4798722.0,94393.0,538.65,AP,Active,1575.0,0.0,0.0,0.0,0.0,0.0,0.0,0.0,0.0,24.0,12.0,50.0,25.0,0.0,25.0,52.0,23.0,77.0,0.0,25.0,0.0,0.0,0.0,0.0,0.0,23.66,73.65,0.0,0.0,31.53,25.64000000000001,49.38,66.72999999999999,0.0,52.5,0.0,0.0,0.0,0.0,0.0,0.0,0.0,0.0,0.0,0.0,10.0,10.0,10.0,10.0,30.0,50.0,40.0,40.0,40.0,40.0,40.0,30.0,30.0,30.0,30.0,30.0,30.0,60.0,50.0,60.0,25.0,25.0,25.0,50.0,70.0,30.0,35.0,0.0,0.0,0.0,0.0,0.0,0.0,0.0,0.0,0.0,10.0,20.0,20.0,73.15299988,27.0,534.0,551.0,517.0,547.0,513.0,532.0,511.0,500.0,505.0,501.0,513.0
SIPA426,Sri Sai Ganesh Agencies,Chittoor,Chittoor,Non-Exclusive,6588204.0,59060.0,60.900000000000006,AP,Active,735.0,0.0,0.0,0.0,0.0,0.0,0.0,0.0,0.0,0.0,72.0,37.0,40.0,26.0,0.0,32.0,20.0,19.0,10.0,10.0,0.0,11.0,21.0,10.0,20.0,40.8,30.01,16.21,16.43,20.3,29.81,40.900000000000006,20.9,10.04,9.84,20.060000000000006,18.179999999999996,0.0,0.0,0.0,0.0,0.0,0.0,0.0,0.0,0.0,25.0,25.0,50.0,30.0,50.0,40.0,50.0,40.0,40.0,40.0,40.0,40.0,40.0,40.0,15.0,15.0,30.0,25.0,25.0,25.0,25.0,35.0,35.0,40.0,30.0,30.0,30.0,0.0,0.0,0.0,0.0,0.0,0.0,0.0,0.0,0.0,26.91394043,40.94633102,98.51467896,104.0,75.0,109.0,85.0,81.0,66.0,65.0,61.0,78.0,65.0,57.0,58.0
SIPA427,SRI VIGNESWARA STEELS,Krishna,Avanigadda,Non-Exclusive,6097627.0,64723.0,19.95,AP,Active,126.0,0.0,0.0,0.0,0.0,0.0,0.0,0.0,0.0,0.0,15.0,29.0,15.0,13.0,13.0,13.0,14.0,13.0,12.0,13.0,16.0,19.0,13.0,14.0,14.0,11.88,11.17,0.0,11.99,13.77,16.07,15.900000000000002,21.73,25.44,12.919999999999998,0.0,24.090000000000003,0.0,0.0,0.0,0.0,0.0,0.0,0.0,0.0,0.0,12.0,12.0,12.0,12.0,15.0,12.0,12.0,12.0,12.0,12.0,12.0,15.0,15.0,12.0,12.0,12.0,12.0,12.0,12.0,15.0,15.0,20.0,20.0,20.0,12.0,12.0,12.0,71.65042877,53.51464844,48.15869141,21.18442917,41.69203949,1.0,54.2134819,44.4546814,28.40979004,49.70782852,55.24610138,223.361084,50.0,26.0,41.0,27.0,17.0,28.0,24.0,20.0,12.0,42.0,25.0,19.0
SIPA428,SRI SURYA MARKETING,Kurnool,Kurnool,Non-Exclusive,6203936.0,110700.0,172.20000000000002,AP,Active,2625.0,0.0,0.0,0.0,0.0,0.0,0.0,0.0,0.0,0.0,46.0,25.0,56.0,60.0,116.0,110.0,109.0,110.0,41.0,81.0,123.0,101.0,61.0,92.0,121.0,104.14,94.63,61.93,90.79999999999998,107.65,122.25,114.0,122.87,93.73000000000002,90.61,96.28999999999999,97.73,0.0,0.0,0.0,0.0,0.0,0.0,0.0,0.0,0.0,10.0,10.0,30.0,30.0,40.0,60.0,75.0,110.0,80.0,80.0,90.0,100.0,80.0,70.0,100.0,100.0,120.0,110.0,110.0,110.0,110.0,110.0,110.0,110.0,110.0,110.0,110.0,0.0,0.0,0.0,0.0,0.0,0.0,0.0,0.0,0.0,11.88352013,54.4876709,75.37979889,97.0,140.0,163.0,168.0,82.0,105.0,170.0,153.0,149.0,218.0,141.0,164.0
SIPA429,Satya Sri Traders,Prakasam,Tripuranthakam,Non-Exclusive,5954328.0,73019.0,14.7,AP,Active,63.0,0.0,0.0,0.0,0.0,0.0,0.0,0.0,0.0,0.0,12.0,5.0,13.0,12.0,12.0,12.0,14.0,24.0,13.0,0.0,12.0,12.0,13.0,13.0,0.0,24.12,0.0,0.0,9.59,0.0,6.31,0.0,12.47,0.0,0.0,12.01,0.0,0.0,0.0,0.0,0.0,0.0,0.0,0.0,0.0,0.0,12.0,12.0,12.0,12.0,15.0,12.0,12.0,12.0,12.0,12.0,12.0,12.0,12.0,12.0,10.0,12.0,12.0,12.0,12.0,15.0,15.0,10.0,10.0,12.0,12.0,10.0,10.0,0.0,0.0,0.0,0.0,0.0,0.0,0.0,0.0,0.0,20.0,21.82159996,11.53960037,36.0,29.0,25.0,22.0,20.0,15.0,19.0,13.0,10.0,10.0,12.0,14.0
SIPA430,Balaji Steels & Cements,Nellore,Naidupeta,Non-Exclusive,4538626.0,79648.0,33.6,AP,Active,262.5,0.0,0.0,0.0,0.0,0.0,0.0,0.0,0.0,0.0,22.0,19.0,42.0,32.0,34.0,46.0,21.0,40.0,19.0,0.0,31.0,29.0,0.0,40.0,36.0,14.510000000000002,13.76,0.0,31.41,12.85,13.04,31.39,24.79,0.0,19.7,0.0,0.0,0.0,0.0,0.0,0.0,0.0,0.0,0.0,0.0,0.0,12.0,12.0,25.0,30.0,40.0,35.0,35.0,35.0,30.0,30.0,30.0,30.0,30.0,30.0,25.0,25.0,25.0,30.0,30.0,30.0,30.0,35.0,20.0,24.0,20.0,20.0,20.0,0.0,0.0,0.0,0.0,0.0,0.0,0.0,0.0,0.0,20.0,20.0,88.66960144,22.0,77.0,103.0,76.0,31.0,60.0,39.0,64.0,35.0,31.0,34.0,32.0
SIPA431,Svn Siri Enterprises,Visakhapatnam,Anakapalle,Non-Exclusive,4845879.0,100418.0,491.4,AP,Active,840.0,0.0,0.0,0.0,0.0,0.0,0.0,0.0,0.0,0.0,19.0,22.0,21.0,10.0,28.0,24.0,24.0,34.0,25.0,25.0,20.0,0.0,0.0,0.0,0.0,20.43,10.31,0.0,0.0,0.0,0.0,11.14,10.15,0.0,14.7,12.08,15.879999999999999,0.0,0.0,0.0,0.0,0.0,0.0,0.0,0.0,0.0,10.0,10.0,10.0,20.0,24.0,24.0,24.0,24.0,24.0,24.0,25.0,40.0,40.0,40.0,20.0,20.0,15.0,25.0,10.0,20.0,20.0,20.0,10.0,12.0,12.0,12.0,15.1,0.0,0.0,0.0,0.0,0.0,0.0,0.0,0.0,0.0,10.0,33.13441086,53.0725708,85.0,471.0,454.0,472.0,495.0,450.0,450.0,465.0,450.0,470.0,454.0,468.0
SIPA432,Sri Mangal Enterprises,East Godavari,Sunkarapalem,Non-Exclusive,8274560.0,3756.0,49.35,AP,Active,262.5,0.0,0.0,0.0,0.0,0.0,0.0,0.0,0.0,0.0,8.0,5.0,9.0,0.0,0.0,0.0,0.0,15.0,0.0,0.0,7.0,0.0,0.0,0.0,0.0,0.0,13.03,0.0,0.0,0.0,0.0,2.48,12.22,14.39,1.7800000000000011,5.159999999999997,23.83,0.0,0.0,0.0,0.0,0.0,0.0,0.0,0.0,0.0,10.0,10.0,10.0,10.0,12.0,12.0,12.0,12.0,12.0,12.0,12.0,10.0,10.0,10.0,10.0,10.0,12.0,20.0,12.0,10.0,10.0,10.0,10.0,10.0,12.0,12.0,6.449999999999996,0.0,0.0,0.0,0.0,0.0,0.0,0.0,0.0,0.0,15.0,17.68740082,510.1785889,509.0,40.0,36.0,36.0,41.0,38.0,35.0,35.0,35.0,35.0,39.0,47.0
SIPA433,Siva Agencies,Kurnool,Velgode,Non-Exclusive,6203936.0,70898.0,9.45,AP,Active,63.0,0.0,0.0,0.0,0.0,0.0,0.0,0.0,0.0,0.0,10.0,5.0,6.0,7.0,10.0,26.0,12.0,6.0,6.0,6.0,7.0,6.0,6.0,7.0,10.0,0.0,13.23,0.0,11.54,0.0,12.48,0.0,10.2,12.8,6.14,11.09,4.720000000000001,0.0,0.0,0.0,0.0,0.0,0.0,0.0,0.0,0.0,10.0,10.0,5.0,6.0,8.0,6.0,6.0,6.0,6.0,6.0,6.0,6.0,6.0,6.0,10.0,10.0,10.0,12.0,10.0,10.0,10.0,10.0,10.0,10.0,10.0,10.0,10.0,0.0,0.0,0.0,0.0,0.0,0.0,0.0,0.0,0.0,45.0,48.45972061,14.51051044,18.0,13.0,32.0,19.0,9.0,11.0,15.0,14.0,9.0,5.0,13.0,9.0
SIPA434,Vijay Traders,Cuddapah,Rayachoti,Non-Exclusive,4111686.0,33331.0,2.1,AP,Active,682.5,0.0,0.0,0.0,0.0,0.0,0.0,0.0,0.0,0.0,10.0,4.0,6.0,0.0,10.0,20.0,12.0,20.0,12.0,0.0,0.0,11.0,0.0,0.0,23.0,0.0,11.01,10.4,2.58,11.15,0.0,0.0,0.0,0.0,11.84,0.0,0.0,0.0,0.0,0.0,0.0,0.0,0.0,0.0,0.0,0.0,12.0,12.0,12.0,12.0,15.0,12.0,12.0,12.0,12.0,12.0,12.0,12.0,12.0,12.0,10.0,12.0,12.0,15.0,15.0,10.0,10.0,10.0,10.0,10.0,10.0,10.0,10.0,0.0,0.0,0.0,0.0,0.0,0.0,0.0,0.0,0.0,34.0,34.91823959,9.65130043,10.0,3.0,9.0,7.0,20.0,11.0,6.0,3.0,1.0,3.0,1.0,2.0
SIPA435,SHREE LAKSHMI SREENIVASA STEELS,Chittoor,Tirupathi,Non-Exclusive,6588204.0,237195.0,55.650000000000006,AP,Active,2310.0,0.0,0.0,0.0,0.0,0.0,0.0,0.0,0.0,0.0,13.0,30.0,30.0,30.0,35.0,30.0,31.0,31.0,30.0,31.0,5.0,32.0,0.0,0.0,0.0,31.180000000000007,30.49,0.0,15.529999999999998,14.940000000000005,25.540000000000003,20.16,22.76,0.0,29.41,24.95,35.93000000000001,0.0,0.0,0.0,0.0,0.0,0.0,0.0,0.0,0.0,12.0,12.0,30.0,25.0,30.0,30.0,30.0,30.0,30.0,30.0,30.0,30.0,30.0,30.0,30.0,30.0,35.0,30.0,30.0,25.0,25.0,20.0,20.0,25.0,25.0,25.0,25.0,0.0,0.0,0.0,0.0,0.0,0.0,0.0,0.0,0.0,21.0,32.20782852,77.76368713,75.0,58.0,87.0,87.0,73.0,81.0,83.0,59.0,64.0,89.0,100.0,53.0
SIPA436,Sri Bhavani Steels,East Godavari,Tuni,Non-Exclusive,8274560.0,84654.0,31.5,AP,Inactive,630.0,0.0,0.0,0.0,0.0,0.0,0.0,0.0,0.0,0.0,0.0,10.0,9.0,0.0,0.0,0.0,0.0,0.0,0.0,0.0,0.0,0.0,0.0,0.0,0.0,0.0,0.0,0.0,0.0,0.0,0.0,0.0,0.0,0.0,0.0,,,0.0,0.0,0.0,0.0,0.0,0.0,0.0,0.0,0.0,0.0,10.0,10.0,10.0,12.0,12.0,12.0,12.0,12.0,12.0,12.0,20.0,20.0,20.0,0.0,0.0,0.0,0.0,0.0,0.0,0.0,0.0,0.0,0.0,0.0,0.0,0.0,0.0,0.0,0.0,0.0,0.0,0.0,0.0,0.0,0.0,0.0,20.57101059,80.50927734,82.0,36.0,25.0,25.0,27.0,26.0,25.0,25.0,25.0,25.0,32.0,30.0
SIPA437,Venkata Ramana General Stores,Nellore,Duttalur,Non-Exclusive,4538626.0,33800.0,8.4,AP,Inactive,31.5,0.0,0.0,0.0,0.0,0.0,0.0,0.0,0.0,0.0,0.0,7.0,3.0,7.0,0.0,0.0,0.0,0.0,0.0,0.0,0.0,0.0,0.0,0.0,0.0,0.0,0.0,0.0,0.0,0.0,0.0,0.0,0.0,0.0,0.0,,,0.0,0.0,0.0,0.0,0.0,0.0,0.0,0.0,0.0,0.0,12.0,12.0,6.0,8.0,6.0,6.0,6.0,6.0,6.0,6.0,6.0,6.0,6.0,0.0,0.0,0.0,0.0,0.0,0.0,0.0,0.0,0.0,0.0,0.0,0.0,0.0,0.0,0.0,0.0,0.0,0.0,0.0,0.0,0.0,0.0,0.0,10.03287029,16.77033043,11.0,11.0,8.0,10.0,8.0,8.0,10.0,8.0,8.0,8.0,8.0,8.0
SIPA438,Vinayaka Traders (Huf),Cuddapah,Rayachoti,Non-Exclusive,4111686.0,33331.0,81.9,AP,Active,682.5,0.0,0.0,0.0,0.0,0.0,0.0,0.0,0.0,0.0,0.0,105.0,116.0,87.0,101.0,126.0,116.0,124.0,108.0,110.0,110.0,62.0,59.0,91.0,81.0,101.28,13.01,52.97000000000001,89.05000000000001,121.32,121.56,0.0,109.68,103.23,0.0,0.0,29.8,0.0,0.0,0.0,0.0,0.0,0.0,0.0,0.0,0.0,0.0,127.0,120.0,90.0,100.0,90.0,110.0,110.0,100.0,100.0,110.0,120.0,110.0,110.0,100.0,100.0,100.0,100.0,100.0,120.0,120.0,110.0,110.0,110.0,90.0,90.0,90.0,0.0,0.0,0.0,0.0,0.0,0.0,0.0,0.0,0.0,0.0,603.4394531,136.1908569,151.0,154.0,172.0,166.0,133.0,102.0,112.0,75.0,89.0,78.0,79.0,78.0
SIPA439,Sri Kanaka Durga Enterprises,West Godavari,Bhimavaram,Non-Exclusive,6422436.0,84313.0,84.0,AP,Inactive,1470.0,0.0,0.0,0.0,0.0,0.0,0.0,0.0,0.0,0.0,0.0,20.0,20.0,12.0,0.0,24.0,21.0,2.0,0.0,0.0,0.0,0.0,0.0,0.0,0.0,0.0,0.0,0.0,0.0,0.0,0.0,0.0,0.0,0.0,0.0,,,0.0,0.0,0.0,0.0,0.0,0.0,0.0,0.0,0.0,0.0,10.0,10.0,20.0,24.0,30.0,30.0,30.0,30.0,0.0,0.0,10.0,10.0,10.0,0.0,0.0,0.0,0.0,0.0,0.0,0.0,0.0,0.0,0.0,0.0,0.0,0.0,0.0,0.0,0.0,0.0,0.0,0.0,0.0,0.0,0.0,0.0,10.0,111.6097565,106.0,99.0,102.0,82.0,142.0,80.0,81.0,80.0,80.0,80.0,80.0,80.0
SIPA440,Sri Venkata Lakshmi Narasimha Steel And Cement,Nellore,Gudur,Non-Exclusive,4538626.0,55705.0,22.05,AP,Active,231.0,0.0,0.0,0.0,0.0,0.0,0.0,0.0,0.0,0.0,0.0,13.0,20.0,0.0,22.0,31.0,20.0,0.0,20.0,30.0,32.0,0.0,20.0,25.0,30.0,31.5,0.0,30.54,25.22,26.27,0.0,36.45,24.840000000000003,0.0,29.41,0.0,25.45,0.0,0.0,0.0,0.0,0.0,0.0,0.0,0.0,0.0,0.0,12.0,12.0,25.0,30.0,30.0,30.0,30.0,20.0,20.0,20.0,30.0,20.0,20.0,20.0,20.0,25.0,25.0,25.0,22.0,22.0,20.0,20.0,25.0,20.0,25.0,15.0,0.0,0.0,0.0,0.0,0.0,0.0,0.0,0.0,0.0,0.0,10.0,10.0,10.0,15.0,15.0,67.0,20.0,17.0,20.0,15.0,15.0,16.0,17.0,21.0
SIPA441,Sri Venkateswara Iron And Cements,Nellore,Nellore,Non-Exclusive,4538626.0,132216.0,55.650000000000006,AP,Active,2520.0,0.0,0.0,0.0,0.0,0.0,0.0,0.0,0.0,0.0,0.0,11.0,12.0,7.0,14.0,16.0,14.0,12.0,12.0,15.0,0.0,13.0,12.0,0.0,12.0,10.15,11.66,16.290000000000003,12.310000000000002,15.32,15.14,21.050000000000004,0.0,10.920000000000002,11.800000000000004,0.0,12.51,0.0,0.0,0.0,0.0,0.0,0.0,0.0,0.0,0.0,0.0,12.0,12.0,12.0,15.0,15.0,20.0,15.0,15.0,15.0,15.0,12.0,12.0,12.0,10.0,10.0,12.0,15.0,15.0,15.0,15.0,20.0,20.0,20.0,15.0,15.0,15.0,0.0,0.0,0.0,0.0,0.0,0.0,0.0,0.0,0.0,0.0,10.0,10.0,10.0,43.0,41.0,47.0,71.0,58.0,53.0,53.0,65.0,50.0,57.0,53.0
SIPA442,M G B Traders,Nellore,Udayagiri,Non-Exclusive,4538626.0,36378.0,15.75,AP,Active,63.0,0.0,0.0,0.0,0.0,0.0,0.0,0.0,0.0,0.0,0.0,0.0,13.0,0.0,12.0,12.0,0.0,0.0,11.0,0.0,10.0,0.0,0.0,0.0,0.0,0.0,12.079999999999998,0.0,12.77,0.0,0.0,10.77,12.3,0.0,12.75,12.6,0.0,0.0,0.0,0.0,0.0,0.0,0.0,0.0,0.0,0.0,0.0,0.0,12.0,12.0,15.0,12.0,12.0,12.0,12.0,12.0,12.0,12.0,12.0,12.0,0.0,0.0,12.0,12.0,12.0,10.0,10.0,10.0,10.0,12.0,12.0,12.0,12.0,0.0,0.0,0.0,0.0,0.0,0.0,0.0,0.0,0.0,0.0,0.0,11.19095993,1.0,20.0,23.0,23.0,18.0,19.0,22.0,19.0,15.0,24.0,16.0,15.0
SIPA443,Sri Prasanna Traders,Prakasam,East Gangavaram,Non-Exclusive,5954328.0,2101.0,13.65,AP,Active,63.0,0.0,0.0,0.0,0.0,0.0,0.0,0.0,0.0,0.0,0.0,0.0,26.0,11.0,0.0,12.0,13.0,24.0,0.0,12.0,0.0,13.0,12.0,0.0,12.0,0.0,0.0,0.0,0.0,11.9,11.75,0.0,0.0,0.0,5.03,5.0600000000000005,16.6,0.0,0.0,0.0,0.0,0.0,0.0,0.0,0.0,0.0,0.0,0.0,12.0,12.0,15.0,12.0,12.0,12.0,12.0,12.0,12.0,12.0,12.0,12.0,10.0,12.0,12.0,12.0,12.0,10.0,10.0,10.0,10.0,10.0,5.0,5.0,6.0,0.0,0.0,0.0,0.0,0.0,0.0,0.0,0.0,0.0,0.0,0.0,12.3093996,30.0,12.0,21.0,23.0,40.0,19.0,16.0,23.0,18.0,12.0,17.0,13.0
SIPA444,Sri Sai Balaji Cement & Iron Traders,Prakasam,Pamuru,Non-Exclusive,5954328.0,63017.0,21.0,AP,Active,210.0,0.0,0.0,0.0,0.0,0.0,0.0,0.0,0.0,0.0,0.0,0.0,13.0,14.0,12.0,0.0,13.0,28.0,25.0,0.0,22.0,20.0,20.0,13.0,17.0,21.45,11.93,0.0,0.0,14.079999999999998,15.12,16.36,13.53,0.0,11.73,8.27,13.79,0.0,0.0,0.0,0.0,0.0,0.0,0.0,0.0,0.0,0.0,0.0,12.0,20.0,24.0,24.0,24.0,24.0,24.0,20.0,20.0,20.0,20.0,24.0,15.0,15.0,15.0,20.0,20.0,20.0,20.0,20.0,20.0,20.0,20.0,20.0,12.0,0.0,0.0,0.0,0.0,0.0,0.0,0.0,0.0,0.0,0.0,0.0,17.72496033,25.0,22.0,37.0,29.0,33.0,25.0,25.0,24.0,35.0,24.0,33.0,20.0
SIPA445,Balaji Steels And Cements,Nellore,Buchireddypalem,Non-Exclusive,4538626.0,78470.0,44.1,AP,Active,105.0,0.0,0.0,0.0,0.0,0.0,0.0,0.0,0.0,0.0,0.0,0.0,38.0,21.0,0.0,22.0,21.0,21.0,46.0,0.0,20.0,13.0,20.0,12.0,12.0,20.32,20.210000000000004,19.22,20.69,11.94,22.23,12.98,18.95,19.92,19.71,19.84,19.700000000000003,0.0,0.0,0.0,0.0,0.0,0.0,0.0,0.0,0.0,0.0,0.0,12.0,20.0,18.0,15.0,20.0,20.0,20.0,20.0,20.0,24.0,20.0,20.0,20.0,20.0,20.0,20.0,20.0,20.0,20.0,35.0,20.0,20.0,20.0,20.0,25.0,0.0,0.0,0.0,0.0,0.0,0.0,0.0,0.0,0.0,0.0,0.0,9.201199532,20.0,33.0,54.0,40.0,34.0,88.0,35.0,25.0,35.0,47.0,41.0,42.0
SIPA446,Mahalakshmi Steel Traders,Prakasam,Addanki,Non-Exclusive,5954328.0,89769.0,57.75,AP,Active,420.0,0.0,0.0,0.0,0.0,0.0,0.0,0.0,0.0,0.0,0.0,0.0,60.0,42.0,51.0,51.0,56.0,50.0,52.0,51.0,52.0,51.0,0.0,51.0,60.0,67.19,44.78,33.129999999999995,43.49,50.440000000000005,51.58,51.37,55.31,54.64,30.17,50.6,0.0,0.0,0.0,0.0,0.0,0.0,0.0,0.0,0.0,0.0,0.0,0.0,25.0,40.0,48.0,50.0,50.0,50.0,50.0,50.0,50.0,50.0,50.0,40.0,30.0,40.0,45.0,50.0,50.0,50.0,50.0,50.0,50.0,50.0,50.0,50.0,55.0,0.0,0.0,0.0,0.0,0.0,0.0,0.0,0.0,0.0,0.0,0.0,51.03541946,125.0,53.0,119.0,105.0,78.0,59.0,101.0,76.0,108.0,50.0,58.0,55.0
SIPA447,Sri Vijayalakshmi Traders,Chittoor,V Kota,Non-Exclusive,6588204.0,101124.0,22.05,AP,Active,210.0,0.0,0.0,0.0,0.0,0.0,0.0,0.0,0.0,0.0,0.0,0.0,12.0,10.0,15.0,10.0,10.0,15.0,20.0,20.0,13.0,20.0,11.0,43.0,20.0,16.21,14.58,30.11,0.0,18.97,0.0,20.36,12.170000000000002,13.56,19.14,17.26,14.5,0.0,0.0,0.0,0.0,0.0,0.0,0.0,0.0,0.0,0.0,0.0,12.0,12.0,15.0,12.0,12.0,12.0,12.0,12.0,15.0,15.0,15.0,15.0,15.0,15.0,15.0,20.0,20.0,20.0,20.0,20.0,20.0,20.0,15.0,15.0,15.0,0.0,0.0,0.0,0.0,0.0,0.0,0.0,0.0,0.0,0.0,0.0,25.0,29.0,22.0,22.0,21.0,54.0,35.0,23.0,26.0,28.0,20.0,31.0,21.0
SIPA448,Sri Sai Balaji Agencies (M),Prakasam,Marrichetlapalem,Non-Exclusive,5954328.0,,22.05,AP,Active,131.25,0.0,0.0,0.0,0.0,0.0,0.0,0.0,0.0,0.0,0.0,0.0,13.0,11.0,19.0,16.0,16.0,15.0,25.0,10.0,13.0,13.0,0.0,14.0,13.0,14.19,16.85,15.14,15.98,19.58,0.0,19.39,20.140000000000004,11.32,0.0,27.46,19.290000000000003,0.0,0.0,0.0,0.0,0.0,0.0,0.0,0.0,0.0,0.0,0.0,12.0,15.0,18.0,15.0,15.0,15.0,15.0,15.0,12.0,12.0,12.0,12.0,12.0,12.0,12.0,12.0,12.0,15.0,15.0,20.0,20.0,20.0,15.0,15.0,20.0,0.0,0.0,0.0,0.0,0.0,0.0,0.0,0.0,0.0,0.0,0.0,0.0,3.0,24.0,25.0,34.0,31.0,23.0,18.0,31.0,17.0,28.0,15.0,21.0
SIPA449,Balaji Building Materials,Krishna,Kaikaluru,Non-Exclusive,6097627.0,98946.0,8.4,AP,Active,84.0,0.0,0.0,0.0,0.0,0.0,0.0,0.0,0.0,0.0,0.0,0.0,0.0,11.0,13.0,0.0,0.0,11.0,0.0,12.0,6.0,0.0,0.0,0.0,10.0,4.84,0.0,5.01,11.94,0.0,0.0,0.0,0.0,0.0,0.0,0.0,7.489999999999999,0.0,0.0,0.0,0.0,0.0,0.0,0.0,0.0,0.0,0.0,0.0,0.0,12.0,15.0,12.0,12.0,12.0,12.0,12.0,12.0,12.0,12.0,12.0,0.0,5.0,10.0,10.0,10.0,10.0,10.0,10.0,10.0,12.0,10.0,10.0,10.0,0.0,0.0,0.0,0.0,0.0,0.0,0.0,0.0,0.0,0.0,0.0,0.0,39.0,14.0,6.0,7.0,6.0,9.0,8.0,8.0,11.0,6.0,6.0,8.0
SIPA450,TULASI STEELS & CEMENT,Vizianagaram,Cheepurupalle,Non-Exclusive,3662958.0,,43.05,AP,Active,262.5,0.0,0.0,0.0,0.0,0.0,0.0,0.0,0.0,0.0,0.0,0.0,0.0,14.0,0.0,0.0,20.0,0.0,0.0,0.0,0.0,0.0,0.0,0.0,0.0,0.0,0.0,0.0,0.0,0.0,0.0,0.0,0.0,0.0,0.0,0.0,0.0,0.0,0.0,0.0,0.0,0.0,0.0,0.0,0.0,0.0,0.0,0.0,0.0,10.0,12.0,12.0,12.0,12.0,12.0,12.0,12.0,10.0,10.0,10.0,0.0,0.0,0.0,0.0,0.0,0.0,0.0,0.0,0.0,0.0,0.0,0.0,0.0,0.0,0.0,0.0,0.0,0.0,0.0,0.0,0.0,0.0,0.0,0.0,0.0,41.0,48.0,41.0,41.0,41.0,49.0,45.0,40.0,40.0,41.0,43.0,41.0
SIPA451,JAYASHANKAR IRON AND PAINTS,Srikakulam,Palasa,Exclusive,4798722.0,40044.0,179.55,AP,Active,525.0,0.0,0.0,0.0,0.0,0.0,0.0,0.0,0.0,0.0,0.0,0.0,0.0,21.0,13.0,13.0,20.0,71.0,38.0,0.0,70.0,0.0,0.0,0.0,0.0,50.09,33.06,0.0,9.8,40.38,40.08,23.86,77.03,31.22999999999996,50.330000000000005,0.0,0.0,0.0,0.0,0.0,0.0,0.0,0.0,0.0,0.0,0.0,0.0,0.0,0.0,10.0,12.0,12.0,20.0,20.0,20.0,32.0,30.0,60.0,60.0,60.0,40.0,40.0,60.0,60.0,70.0,40.0,40.0,40.0,40.0,60.0,35.0,40.0,0.0,0.0,0.0,0.0,0.0,0.0,0.0,0.0,0.0,0.0,0.0,0.0,0.0,20.0,151.0,189.0,165.0,157.0,159.0,160.0,150.0,152.0,150.0,164.0,171.0
SIPA452,Sri Sankar Steels,Guntur,Repalle,Non-Exclusive,6629265.0,61123.0,54.6,AP,Active,315.0,0.0,0.0,0.0,0.0,0.0,0.0,0.0,0.0,0.0,0.0,0.0,0.0,13.0,0.0,29.0,12.0,12.0,13.0,16.0,15.0,12.0,0.0,11.0,0.0,23.22,15.659999999999998,4.78,3.8,9.75,0.0,19.3,12.05,11.85,11.46,12.07,11.76,0.0,0.0,0.0,0.0,0.0,0.0,0.0,0.0,0.0,0.0,0.0,0.0,10.0,12.0,12.0,12.0,12.0,12.0,12.0,12.0,15.0,15.0,20.0,15.0,15.0,15.0,20.0,20.0,15.0,15.0,20.0,10.0,12.0,12.0,12.0,15.0875,0.0,0.0,0.0,0.0,0.0,0.0,0.0,0.0,0.0,0.0,0.0,0.0,38.0,35.0,59.0,46.0,31.0,36.0,40.0,46.0,41.0,47.0,36.0,52.0
SIPA453,Khasim Cement & Steel Corporation,Guntur,Prathipadu,Non-Exclusive,6629265.0,63695.0,42.0,AP,Active,84.0,0.0,0.0,0.0,0.0,0.0,0.0,0.0,0.0,0.0,0.0,0.0,0.0,12.0,12.0,14.0,0.0,24.0,13.0,0.0,12.0,11.0,10.0,22.0,0.0,23.73,0.0,12.11,0.0,12.06,13.45,0.0,0.0,0.0,0.0,0.0,0.0,0.0,0.0,0.0,0.0,0.0,0.0,0.0,0.0,0.0,0.0,0.0,0.0,10.0,12.0,12.0,12.0,12.0,12.0,12.0,12.0,12.0,8.0,8.0,10.0,10.0,12.0,12.0,12.0,10.0,10.0,10.0,10.0,12.0,7.0,7.0,0.0,0.0,0.0,0.0,0.0,0.0,0.0,0.0,0.0,0.0,0.0,0.0,0.0,25.0,27.0,29.0,37.0,44.0,26.0,34.0,25.0,31.0,25.0,47.0,40.0
SIPA454,SRI BHAVANI IRON STORES,Guntur,Dachepalli,Exclusive,6629265.0,94275.0,157.5,AP,Active,294.0,0.0,0.0,0.0,0.0,0.0,0.0,0.0,0.0,0.0,0.0,0.0,0.0,,60.0,51.0,50.0,48.0,39.0,50.0,41.0,37.0,25.0,43.0,30.0,42.29,21.44,25.55,24.96,50.41,55.56,0.0,19.98,30.120000000000005,29.64,29.830000000000002,29.789999999999996,0.0,0.0,0.0,0.0,0.0,0.0,0.0,0.0,0.0,0.0,0.0,0.0,0.0,60.0,50.0,50.0,50.0,50.0,50.0,40.0,40.0,40.0,40.0,40.0,40.0,40.0,40.0,40.0,50.0,50.0,50.0,20.0,30.0,30.0,30.0,30.2875,0.0,0.0,0.0,0.0,0.0,0.0,0.0,0.0,0.0,0.0,0.0,0.0,0.0,104.0,155.0,154.0,145.0,144.0,126.0,143.0,141.0,117.0,140.0,150.0
SIPA455,SRINIVASA STEEL AGENCIES,Guntur,Narasaraopet,Non-Exclusive,6629265.0,95698.0,90.3,AP,Active,682.5,0.0,0.0,0.0,0.0,0.0,0.0,0.0,0.0,0.0,0.0,0.0,0.0,,13.0,13.0,0.0,14.0,12.0,15.0,0.0,13.0,0.0,0.0,11.0,0.0,0.0,11.98,0.0,0.0,0.0,0.0,0.0,0.0,0.0,0.0,0.0,0.0,0.0,0.0,0.0,0.0,0.0,0.0,0.0,0.0,0.0,0.0,0.0,0.0,12.0,12.0,12.0,12.0,12.0,12.0,12.0,12.0,12.0,12.0,10.0,12.0,12.0,12.0,12.0,10.0,10.0,10.0,10.0,12.0,10.0,10.0,0.0,0.0,0.0,0.0,0.0,0.0,0.0,0.0,0.0,0.0,0.0,0.0,0.0,0.0,81.0,82.0,85.0,83.0,86.0,84.0,82.0,80.0,80.0,82.0,86.0
SIPA456,Vallabha Cements,Guntur,Gurazala,Non-Exclusive,6629265.0,92260.0,27.3,AP,Inactive,42.0,0.0,0.0,0.0,0.0,0.0,0.0,0.0,0.0,0.0,0.0,0.0,0.0,,10.0,13.0,13.0,0.0,9.0,0.0,12.0,0.0,0.0,0.0,0.0,0.0,0.0,0.0,0.0,0.0,0.0,0.0,0.0,0.0,0.0,,,0.0,0.0,0.0,0.0,0.0,0.0,0.0,0.0,0.0,0.0,0.0,0.0,0.0,10.0,12.0,12.0,12.0,12.0,12.0,12.0,12.0,12.0,12.0,0.0,0.0,0.0,0.0,0.0,0.0,0.0,0.0,0.0,0.0,0.0,0.0,0.0,0.0,0.0,0.0,0.0,0.0,0.0,0.0,0.0,0.0,0.0,0.0,0.0,0.0,25.0,28.0,50.0,27.0,32.0,29.0,27.0,33.0,26.0,26.0,26.0
SIPA457,SRI VIJAYALAKSHMI STEEL ENTERPRISES,Visakhapatnam,Gajuwaka,Non-Exclusive,4845879.0,,3154.2000000000003,AP,Active,525.0,0.0,0.0,0.0,0.0,0.0,0.0,0.0,0.0,0.0,0.0,0.0,0.0,,6.0,0.0,0.0,24.0,52.0,46.0,0.0,0.0,0.0,0.0,0.0,30.62,0.0,22.19,0.0,0.0,0.0,0.0,0.0,0.0,0.0,0.0,0.0,0.0,0.0,0.0,0.0,0.0,0.0,0.0,0.0,0.0,0.0,0.0,0.0,0.0,24.0,12.0,12.0,12.0,12.0,20.0,20.0,20.0,20.0,20.0,50.0,50.0,50.0,25.0,12.0,15.0,15.0,15.0,10.0,12.0,10.0,10.0,0.0,0.0,0.0,0.0,0.0,0.0,0.0,0.0,0.0,0.0,0.0,0.0,0.0,0.0,3000.0,3000.0,3003.0,3000.0,3003.0,3029.0,3011.0,3004.0,3004.0,3004.0,3004.0
SIPA458,Devi Sree Enterprises,Visakhapatnam,Pendurthi,Non-Exclusive,4845879.0,32380.0,105.0,AP,Active,,0.0,0.0,0.0,0.0,0.0,0.0,0.0,0.0,0.0,0.0,0.0,0.0,,9.0,0.0,0.0,0.0,0.0,0.0,0.0,0.0,0.0,0.0,0.0,,,,,,,,,,1.85,0.0,4.15,0.0,0.0,0.0,0.0,0.0,0.0,0.0,0.0,0.0,0.0,0.0,0.0,0.0,15.0,10.0,10.0,10.0,10.0,10.0,10.0,12.0,12.0,12.0,0.0,0.0,0.0,0.0,0.0,0.0,0.0,0.0,0.0,0.0,5.0,5.0,0.0,0.0,0.0,0.0,0.0,0.0,0.0,0.0,0.0,0.0,0.0,0.0,0.0,0.0,100.0,101.0,102.0,100.0,117.0,100.0,100.0,100.0,100.0,101.0,100.0
SIPA459,LAKSHMI NARASIMHA AGENCIES (NEW),West Godavari,Ganapavaram,Non-Exclusive,6422436.0,81207.0,73.5,AP,Active,262.5,0.0,0.0,0.0,0.0,0.0,0.0,0.0,0.0,0.0,0.0,0.0,0.0,,,12.0,0.0,0.0,0.0,0.0,0.0,0.0,0.0,0.0,0.0,4.89,0.0,0.0,0.0,0.0,0.0,0.0,0.0,0.0,10.55,12.319999999999999,10.01,0.0,0.0,0.0,0.0,0.0,0.0,0.0,0.0,0.0,0.0,0.0,0.0,0.0,0.0,12.0,12.0,12.0,12.0,12.0,12.0,12.0,12.0,12.0,0.0,5.0,12.0,10.0,5.0,10.0,10.0,10.0,10.0,11.667,0.0,5.0,15.399999999999999,0.0,0.0,0.0,0.0,0.0,0.0,0.0,0.0,0.0,0.0,0.0,0.0,0.0,0.0,63.0,73.0,62.0,61.0,60.0,60.0,60.0,60.0,60.0,70.0
SIPA460,SRI GANESH STEEL & CEMENTS,Chittoor,Kanipakam,Non-Exclusive,6588204.0,4960.0,32.550000000000004,AP,Active,63.0,0.0,0.0,0.0,0.0,0.0,0.0,0.0,0.0,0.0,0.0,0.0,0.0,,,10.0,0.0,0.0,0.0,5.0,5.0,0.0,0.0,0.0,9.0,0.0,0.0,6.37,0.0,0.0,5.42,0.0,2.26,0.0,0.0,0.0,5.08,0.0,0.0,0.0,0.0,0.0,0.0,0.0,0.0,0.0,0.0,0.0,0.0,0.0,0.0,12.0,12.0,12.0,12.0,12.0,6.0,6.0,6.0,6.0,0.0,0.0,6.0,6.0,6.0,10.0,10.0,10.0,10.0,10.0,10.0,10.0,10.0,0.0,0.0,0.0,0.0,0.0,0.0,0.0,0.0,0.0,0.0,0.0,0.0,0.0,0.0,31.0,31.0,32.0,31.0,32.0,31.0,30.0,30.0,32.0,31.0
SIPA461,Manjunatha Traders,Kurnool,Guduru,Non-Exclusive,6203936.0,,24.15,AP,Active,63.0,0.0,0.0,0.0,0.0,0.0,0.0,0.0,0.0,0.0,0.0,0.0,0.0,,,10.0,12.0,14.0,12.0,12.0,13.0,11.0,7.0,10.0,23.0,14.59,24.0,14.02,0.0,24.79,13.509999999999998,0.0,23.62,25.42,14.4,0.0,15.059999999999999,0.0,0.0,0.0,0.0,0.0,0.0,0.0,0.0,0.0,0.0,0.0,0.0,0.0,0.0,10.0,10.0,10.0,5.0,5.0,5.0,5.0,5.0,5.0,10.0,10.0,15.0,15.0,15.0,10.0,10.0,10.0,10.0,15.0,15.0,15.0,15.0,0.0,0.0,0.0,0.0,0.0,0.0,0.0,0.0,0.0,0.0,0.0,0.0,0.0,0.0,13.0,27.0,22.0,14.0,21.0,17.0,21.0,10.0,11.0,23.0
SIPA462,,East Godavari,Rajamundry,Non-Exclusive,8274560.0,,73.5,,,,0.0,0.0,0.0,0.0,0.0,0.0,0.0,0.0,0.0,0.0,0.0,0.0,,,10.0,10.0,12.0,0.0,0.0,23.0,0.0,0.0,0.0,0.0,,,,,,,,,,,,,0.0,0.0,0.0,0.0,0.0,0.0,0.0,0.0,0.0,0.0,0.0,0.0,0.0,0.0,12.0,10.0,10.0,10.0,10.0,10.0,20.0,20.0,20.0,0.0,,,,,,,,,,,,,0.0,0.0,0.0,0.0,0.0,0.0,0.0,0.0,0.0,0.0,0.0,0.0,0.0,0.0,71.0,71.0,102.0,70.0,70.0,85.0,70.0,86.0,85.0,70.0
SIPA463,BHASKAR TRADERS,Chittoor,Srikalahasti,Non-Exclusive,6588204.0,57581.0,,AP,Active,315.0,0.0,0.0,0.0,0.0,0.0,0.0,0.0,0.0,0.0,0.0,0.0,0.0,,,12.0,10.0,11.0,11.0,10.0,12.0,15.0,11.0,9.0,10.0,10.04,9.31,3.99,9.63,9.16,13.85,10.07,11.96,13.44,12.02,9.98,8.98,0.0,0.0,0.0,0.0,0.0,0.0,0.0,0.0,0.0,0.0,0.0,0.0,0.0,0.0,12.0,10.0,10.0,10.0,10.0,12.0,15.0,15.0,15.0,10.0,10.0,12.0,12.0,12.0,10.0,10.0,10.0,10.0,10.0,10.0,10.0,10.0,,,,,,,,,,,,,,,,,,,,,,,,
SIPA464,Sri Vasudeva Traders,East Godavari,Seethanagaram,Non-Exclusive,8274560.0,80526.0,145.95000000000002,AP,Active,315.0,0.0,0.0,0.0,0.0,0.0,0.0,0.0,0.0,0.0,0.0,0.0,0.0,,,12.0,0.0,20.0,25.0,0.0,11.0,0.0,0.0,0.0,0.0,0.0,0.0,11.97,0.0,0.0,0.0,0.0,12.32,0.0,0.0,0.0,0.0,0.0,0.0,0.0,0.0,0.0,0.0,0.0,0.0,0.0,0.0,0.0,0.0,0.0,0.0,12.0,10.0,10.0,10.0,10.0,10.0,20.0,20.0,20.0,10.0,10.0,15.0,20.0,12.0,0.0,10.0,10.0,10.0,10.0,10.0,10.0,0.0,0.0,0.0,0.0,0.0,0.0,0.0,0.0,0.0,0.0,0.0,0.0,0.0,0.0,0.0,130.0,135.0,155.0,154.0,136.0,141.0,136.0,130.0,130.0,139.0
SIPA465,R S Steel Syndicate,Krishna,Vijayawada,Exclusive,6097627.0,141039.0,737.1,AP,Active,2100.0,0.0,0.0,0.0,0.0,0.0,0.0,0.0,0.0,0.0,0.0,0.0,0.0,,,13.0,11.0,12.0,12.0,25.0,28.0,54.0,20.0,35.0,40.0,35.59,41.64999999999999,24.62,20.22,20.47,0.0,41.93000000000001,40.11,34.49,19.82,43.18,30.32,0.0,0.0,0.0,0.0,0.0,0.0,0.0,0.0,0.0,0.0,0.0,0.0,0.0,0.0,12.0,10.0,10.0,10.0,12.0,12.0,30.0,30.0,30.0,30.0,24.0,30.0,40.0,24.0,25.0,25.0,35.0,20.0,30.0,30.0,30.0,30.0,0.0,0.0,0.0,0.0,0.0,0.0,0.0,0.0,0.0,0.0,0.0,0.0,0.0,0.0,550.0,553.0,580.0,556.0,563.0,566.0,568.0,578.0,573.0,702.0
SIPA466,,Visakhapatnam,Gopalapatnam,Non-Exclusive,4845879.0,2802.0,945.0,,,,0.0,0.0,0.0,0.0,0.0,0.0,0.0,0.0,0.0,0.0,0.0,0.0,,,,6.0,0.0,0.0,0.0,0.0,0.0,0.0,0.0,0.0,,,,,,,,,,,,,0.0,0.0,0.0,0.0,0.0,0.0,0.0,0.0,0.0,0.0,0.0,0.0,0.0,0.0,0.0,12.0,12.0,12.0,12.0,12.0,15.0,15.0,15.0,0.0,,,,,,,,,,,,,0.0,0.0,0.0,0.0,0.0,0.0,0.0,0.0,0.0,0.0,0.0,0.0,0.0,0.0,0.0,901.0,901.0,900.0,900.0,900.0,900.0,900.0,900.0,900.0
SIPA467,Bakshu Traders,Chittoor,Gurramkonda,Non-Exclusive,6588204.0,53414.0,47.25,AP,Active,84.0,0.0,0.0,0.0,0.0,0.0,0.0,0.0,0.0,0.0,0.0,0.0,0.0,,,,10.0,20.0,5.0,5.0,10.0,10.0,17.0,6.0,7.0,9.57,8.07,15.73,0.0,9.67,10.26,11.75,10.86,0.0,4.92,9.98,0.0,0.0,0.0,0.0,0.0,0.0,0.0,0.0,0.0,0.0,0.0,0.0,0.0,0.0,0.0,0.0,10.0,10.0,10.0,10.0,10.0,10.0,10.0,6.0,10.0,10.0,10.0,10.0,10.0,10.0,10.0,10.0,10.0,10.0,10.0,10.0,10.0,0.0,0.0,0.0,0.0,0.0,0.0,0.0,0.0,0.0,0.0,0.0,0.0,0.0,0.0,0.0,40.0,73.0,42.0,45.0,47.0,54.0,43.0,49.0,45.0
SIPA468,Supraja Steels (New),Guntur,Sattenapalli,Non-Exclusive,6629265.0,73887.0,118.65,AP,Active,210.0,0.0,0.0,0.0,0.0,0.0,0.0,0.0,0.0,0.0,0.0,0.0,0.0,,,,13.0,0.0,13.0,0.0,14.0,0.0,0.0,11.0,12.0,0.0,13.44,0.0,0.0,0.0,0.0,0.0,10.19,0.0,0.0,0.0,11.66,0.0,0.0,0.0,0.0,0.0,0.0,0.0,0.0,0.0,0.0,0.0,0.0,0.0,0.0,0.0,15.0,15.0,15.0,12.0,12.0,12.0,12.0,12.0,5.0,5.0,12.0,12.0,12.0,10.0,10.0,10.0,10.0,12.0,12.0,12.0,12.0,0.0,0.0,0.0,0.0,0.0,0.0,0.0,0.0,0.0,0.0,0.0,0.0,0.0,0.0,0.0,110.0,111.0,125.0,111.0,111.0,117.0,111.0,125.0,113.0
SIPA469,Balaji Agencies,Cuddapah,Cuddapah,Non-Exclusive,4111686.0,,47.25,AP,Active,1575.0,0.0,0.0,0.0,0.0,0.0,0.0,0.0,0.0,0.0,0.0,0.0,0.0,,,,13.0,41.0,31.0,30.0,0.0,0.0,0.0,0.0,0.0,0.0,0.0,25.06,30.32,51.010000000000005,0.0,35.48,35.65,34.84,24.42,25.259999999999998,50.07000000000001,0.0,0.0,0.0,0.0,0.0,0.0,0.0,0.0,0.0,0.0,0.0,0.0,0.0,0.0,0.0,12.0,20.0,30.0,30.0,0.0,0.0,0.0,0.0,0.0,0.0,0.0,0.0,20.0,20.0,20.0,35.0,35.0,35.0,25.0,25.0,25.0,0.0,0.0,0.0,0.0,0.0,0.0,0.0,0.0,0.0,0.0,0.0,0.0,0.0,0.0,0.0,45.0,82.0,62.0,66.0,52.0,63.0,48.0,45.0,45.0
SIPA470,Yelukuru Steels,Kurnool,Kurnool,Non-Exclusive,6203936.0,110700.0,59.85,AP,Active,2625.0,0.0,0.0,0.0,0.0,0.0,0.0,0.0,0.0,0.0,0.0,0.0,0.0,,,,20.0,30.0,24.0,20.0,20.0,20.0,21.0,0.0,41.0,29.770000000000003,29.82,34.71,0.0,0.0,0.0,0.0,0.0,34.459999999999994,0.0,0.0,0.0,0.0,0.0,0.0,0.0,0.0,0.0,0.0,0.0,0.0,0.0,0.0,0.0,0.0,0.0,0.0,20.0,20.0,20.0,20.0,20.0,30.0,25.0,25.0,20.0,20.0,30.0,25.0,25.0,20.0,20.0,35.0,35.0,25.0,10.0,10.0,10.0,0.0,0.0,0.0,0.0,0.0,0.0,0.0,0.0,0.0,0.0,0.0,0.0,0.0,0.0,0.0,15.0,41.0,40.0,33.0,44.0,44.0,98.0,50.0,57.0
SIPA471,Sri Manikanta Paints Iron & Hardware,Kurnool,Atmakur,Non-Exclusive,6203936.0,121731.0,14.7,AP,Active,157.5,0.0,0.0,0.0,0.0,0.0,0.0,0.0,0.0,0.0,0.0,0.0,0.0,,,,,14.0,0.0,6.0,6.0,5.0,8.0,13.0,0.0,5.21,5.0,0.0,0.0,5.01,11.63,0.0,17.67,10.2,10.16,10.919999999999998,9.98,0.0,0.0,0.0,0.0,0.0,0.0,0.0,0.0,0.0,0.0,0.0,0.0,0.0,0.0,0.0,0.0,10.0,5.0,5.0,5.0,12.0,12.0,6.0,10.0,10.0,10.0,12.0,10.0,10.0,10.0,10.0,10.0,10.0,10.0,10.0,10.0,0.0,0.0,0.0,0.0,0.0,0.0,0.0,0.0,0.0,0.0,0.0,0.0,0.0,0.0,0.0,0.0,16.0,16.0,14.0,19.0,20.0,25.0,17.0,14.0
SIPA472,G S K Tarading Company,Cuddapah,Rly.Kodur,Non-Exclusive,4111686.0,20471.0,12.6,AP,Active,210.0,0.0,0.0,0.0,0.0,0.0,0.0,0.0,0.0,0.0,0.0,0.0,0.0,,,,,17.0,20.0,26.0,0.0,24.0,0.0,25.0,26.0,0.0,24.93,24.56,0.0,0.0,0.0,25.3,36.07,0.0,0.0,0.0,0.0,0.0,0.0,0.0,0.0,0.0,0.0,0.0,0.0,0.0,0.0,0.0,0.0,0.0,0.0,0.0,0.0,10.0,25.0,25.0,25.0,25.0,25.0,25.0,15.0,20.0,25.0,25.0,25.0,20.0,20.0,20.0,20.0,20.0,12.0,12.0,12.0,0.0,0.0,0.0,0.0,0.0,0.0,0.0,0.0,0.0,0.0,0.0,0.0,0.0,0.0,0.0,0.0,20.0,10.0,12.0,16.0,12.0,12.0,13.0,12.0
SIPA473,Srinivasa Enterprises,Prakasam,Addanki,Non-Exclusive,5954328.0,89769.0,58.8,AP,Active,420.0,0.0,0.0,0.0,0.0,0.0,0.0,0.0,0.0,0.0,0.0,0.0,0.0,,,,,40.0,11.0,19.0,19.0,20.0,15.0,20.0,53.0,36.57,0.0,24.040000000000003,0.0,19.74,22.92,20.52,18.69,20.52,20.800000000000004,13.53,19.6,0.0,0.0,0.0,0.0,0.0,0.0,0.0,0.0,0.0,0.0,0.0,0.0,0.0,0.0,0.0,0.0,12.0,20.0,20.0,20.0,20.0,20.0,25.0,20.0,20.0,24.0,25.0,25.0,20.0,20.0,20.0,20.0,20.0,20.0,20.0,20.0,0.0,0.0,0.0,0.0,0.0,0.0,0.0,0.0,0.0,0.0,0.0,0.0,0.0,0.0,0.0,0.0,50.0,52.0,68.0,60.0,52.0,55.0,69.0,56.0
SIPA474,Karthikeya Traders,Guntur,Macherla,Non-Exclusive,6629265.0,55758.0,94.5,AP,Active,315.0,0.0,0.0,0.0,0.0,0.0,0.0,0.0,0.0,0.0,0.0,0.0,0.0,,,,,15.0,12.0,13.0,27.0,18.0,8.0,19.0,21.0,30.86,20.0,20.49,20.07,15.59,19.62,20.21,19.4,25.49,11.81,19.29,20.459999999999997,0.0,0.0,0.0,0.0,0.0,0.0,0.0,0.0,0.0,0.0,0.0,0.0,0.0,0.0,0.0,0.0,12.0,12.0,15.0,15.0,25.0,20.0,20.0,20.0,20.0,20.0,20.0,20.0,15.0,15.0,20.0,20.0,24.0,20.0,20.0,20.112499999999997,0.0,0.0,0.0,0.0,0.0,0.0,0.0,0.0,0.0,0.0,0.0,0.0,0.0,0.0,0.0,0.0,80.0,97.0,81.0,80.0,80.0,82.0,115.0,90.0
SIPA475,S.A.R. Steel Traders,Prakasam,Martur,Non-Exclusive,5954328.0,95296.0,13.65,AP,Active,94.5,0.0,0.0,0.0,0.0,0.0,0.0,0.0,0.0,0.0,0.0,0.0,0.0,,,,,4.0,0.0,6.0,7.0,11.0,12.0,0.0,6.0,4.66,0.0,0.0,4.9,10.18,11.38,0.0,0.0,10.760000000000002,11.95,6.01,5.74,0.0,0.0,0.0,0.0,0.0,0.0,0.0,0.0,0.0,0.0,0.0,0.0,0.0,0.0,0.0,0.0,12.0,5.0,5.0,5.0,6.0,6.0,6.0,5.0,5.0,7.0,7.0,7.0,10.0,10.0,10.0,10.0,10.0,5.0,5.0,6.0,0.0,0.0,0.0,0.0,0.0,0.0,0.0,0.0,0.0,0.0,0.0,0.0,0.0,0.0,0.0,0.0,10.0,12.0,14.0,15.0,11.0,10.0,10.0,13.0
SIPA476,,East Godavari,Prathipadu,Non-Exclusive,8274560.0,90952.0,126.0,,,84.0,0.0,0.0,0.0,0.0,0.0,0.0,0.0,0.0,0.0,0.0,0.0,0.0,,,,,12.0,0.0,0.0,0.0,0.0,0.0,0.0,0.0,,,,,,,,,,,,,0.0,0.0,0.0,0.0,0.0,0.0,0.0,0.0,0.0,0.0,0.0,0.0,0.0,0.0,0.0,0.0,12.0,12.0,12.0,12.0,10.0,10.0,10.0,0.0,,,,,,,,,,,,,0.0,0.0,0.0,0.0,0.0,0.0,0.0,0.0,0.0,0.0,0.0,0.0,0.0,0.0,0.0,0.0,120.0,121.0,120.0,120.0,123.0,120.0,120.0,120.0
SIPA477,Pavan Traders,West Godavari,Bhimavaram,Non-Exclusive,6422436.0,84313.0,109.2,AP,Active,1470.0,0.0,0.0,0.0,0.0,0.0,0.0,0.0,0.0,0.0,0.0,0.0,0.0,,,,,12.0,0.0,0.0,0.0,0.0,0.0,0.0,0.0,12.169999999999998,29.57,0.0,12.14,0.0,34.7,30.47,40.510000000000005,19.84,20.0,20.66,19.46,0.0,0.0,0.0,0.0,0.0,0.0,0.0,0.0,0.0,0.0,0.0,0.0,0.0,0.0,0.0,0.0,12.0,12.0,12.0,12.0,15.0,15.0,15.0,10.0,10.0,20.0,20.0,25.0,10.0,10.0,10.0,10.0,20.0,20.0,20.0,25.825,0.0,0.0,0.0,0.0,0.0,0.0,0.0,0.0,0.0,0.0,0.0,0.0,0.0,0.0,0.0,0.0,100.0,101.0,100.0,102.0,100.0,100.0,104.0,104.0
SIPA478,Yelukuru Steel Traders,Kurnool,Kurnool,Non-Exclusive,6203936.0,110700.0,16.8,AP,Active,2625.0,0.0,0.0,0.0,0.0,0.0,0.0,0.0,0.0,0.0,0.0,0.0,0.0,,,,,20.0,20.0,0.0,20.0,26.0,21.0,0.0,37.0,0.0,30.22,34.04,0.0,0.0,0.0,32.07,0.0,34.54,0.0,0.0,0.0,0.0,0.0,0.0,0.0,0.0,0.0,0.0,0.0,0.0,0.0,0.0,0.0,0.0,0.0,0.0,0.0,10.0,20.0,20.0,20.0,30.0,25.0,25.0,15.0,20.0,30.0,25.0,25.0,20.0,20.0,35.0,35.0,25.0,15.0,15.0,15.0,0.0,0.0,0.0,0.0,0.0,0.0,0.0,0.0,0.0,0.0,0.0,0.0,0.0,0.0,0.0,0.0,15.0,34.0,36.0,27.0,15.0,15.0,17.0,16.0
SIPA479,Ramesh Enterprises,Kurnool,Veldurthy,Non-Exclusive,6203936.0,81010.0,26.25,AP,Active,63.0,0.0,0.0,0.0,0.0,0.0,0.0,0.0,0.0,0.0,0.0,0.0,0.0,,,,,5.0,10.0,0.0,13.0,0.0,0.0,13.0,14.0,0.0,0.0,11.91,0.0,12.93,0.0,0.0,0.0,10.52,0.0,0.0,0.0,0.0,0.0,0.0,0.0,0.0,0.0,0.0,0.0,0.0,0.0,0.0,0.0,0.0,0.0,0.0,0.0,10.0,5.0,5.0,5.0,5.0,5.0,5.0,10.0,10.0,15.0,15.0,15.0,10.0,10.0,10.0,10.0,10.0,10.0,10.0,10.0,0.0,0.0,0.0,0.0,0.0,0.0,0.0,0.0,0.0,0.0,0.0,0.0,0.0,0.0,0.0,0.0,15.0,21.0,20.0,20.0,23.0,23.0,16.0,25.0
SIPA480,Slv Enterprises & Borewells,Chittoor,B Kothakota,Non-Exclusive,6588204.0,85656.0,23.1,AP,Active,84.0,0.0,0.0,0.0,0.0,0.0,0.0,0.0,0.0,0.0,0.0,0.0,0.0,,,,,9.0,0.0,0.0,6.0,6.0,0.0,7.0,0.0,0.0,8.35,0.0,0.0,8.93,0.0,0.0,12.31,0.0,9.9,0.0,5.26,0.0,0.0,0.0,0.0,0.0,0.0,0.0,0.0,0.0,0.0,0.0,0.0,0.0,0.0,0.0,0.0,10.0,10.0,10.0,6.0,6.0,6.0,6.0,5.0,5.0,6.0,6.0,6.0,10.0,10.0,10.0,10.0,10.0,10.0,10.0,10.0,0.0,0.0,0.0,0.0,0.0,0.0,0.0,0.0,0.0,0.0,0.0,0.0,0.0,0.0,0.0,0.0,20.0,22.0,21.0,23.0,30.0,21.0,22.0,22.0
SIPA481,Vardhan Traders,Krishna,Challapalli,Non-Exclusive,6097627.0,70607.0,105.0,AP,Active,210.0,0.0,0.0,0.0,0.0,0.0,0.0,0.0,0.0,0.0,0.0,0.0,0.0,,,,,,15.0,20.0,0.0,12.0,0.0,33.0,0.0,16.0,0.0,19.99,0.0,13.46,12.04,0.0,10.23,0.0,12.31,0.0,11.74,0.0,0.0,0.0,0.0,0.0,0.0,0.0,0.0,0.0,0.0,0.0,0.0,0.0,0.0,0.0,0.0,0.0,12.0,15.0,15.0,20.0,20.0,20.0,12.0,12.0,15.0,20.0,20.0,10.0,10.0,10.0,10.0,12.0,12.0,12.0,12.0,0.0,0.0,0.0,0.0,0.0,0.0,0.0,0.0,0.0,0.0,0.0,0.0,0.0,0.0,0.0,0.0,0.0,89.0,93.0,91.0,85.0,94.0,94.0,100.0
SIPA482,Sri Lakshmi Kanakadurga Traders,Krishna,Koduru,Non-Exclusive,6097627.0,68398.0,21.0,AP,Active,84.0,0.0,0.0,0.0,0.0,0.0,0.0,0.0,0.0,0.0,0.0,0.0,0.0,,,,,,11.0,12.0,8.0,12.0,6.0,13.0,15.0,0.0,14.489999999999998,0.0,12.909999999999998,0.0,0.0,0.0,0.0,0.0,0.0,0.0,0.0,0.0,0.0,0.0,0.0,0.0,0.0,0.0,0.0,0.0,0.0,0.0,0.0,0.0,0.0,0.0,0.0,0.0,10.0,12.0,12.0,12.0,12.0,12.0,10.0,10.0,12.0,12.0,12.0,10.0,10.0,10.0,10.0,12.0,10.0,10.0,10.0,0.0,0.0,0.0,0.0,0.0,0.0,0.0,0.0,0.0,0.0,0.0,0.0,0.0,0.0,0.0,0.0,0.0,11.0,18.0,12.0,10.0,18.0,13.0,20.0
SIPA483,Sri Venkateswara Iron And Cements,Anantapur,Yadiki,Non-Exclusive,6321948.0,80140.0,55.650000000000006,AP,Active,31.5,0.0,0.0,0.0,0.0,0.0,0.0,0.0,0.0,0.0,0.0,0.0,0.0,,,,,,6.0,12.0,11.0,0.0,8.0,0.0,0.0,5.99,9.34,0.0,0.0,0.0,0.0,8.95,0.0,0.0,0.0,4.9,9.96,0.0,0.0,0.0,0.0,0.0,0.0,0.0,0.0,0.0,0.0,0.0,0.0,0.0,0.0,0.0,0.0,0.0,12.0,12.0,12.0,12.0,6.0,6.0,5.0,5.0,5.0,5.0,5.0,10.0,10.0,10.0,10.0,10.0,10.0,10.0,10.0,0.0,0.0,0.0,0.0,0.0,0.0,0.0,0.0,0.0,0.0,0.0,0.0,10.0,43.0,41.0,47.0,71.0,58.0,53.0,53.0,65.0,50.0,57.0,53.0
SIPA484,Sri Ramabhakta Steels,Guntur,Guntur,Non-Exclusive,6629265.0,131781.0,107.1,AP,Active,1260.0,0.0,0.0,0.0,0.0,0.0,0.0,0.0,0.0,0.0,0.0,0.0,0.0,,,,,,6.0,0.0,0.0,0.0,0.0,14.0,0.0,0.0,0.0,0.0,0.0,0.0,0.0,0.0,0.0,0.0,0.0,0.0,0.0,0.0,0.0,0.0,0.0,0.0,0.0,0.0,0.0,0.0,0.0,0.0,0.0,0.0,0.0,0.0,0.0,0.0,6.0,6.0,6.0,5.0,5.0,5.0,5.0,5.0,5.0,6.0,6.0,10.0,10.0,10.0,10.0,12.0,10.0,10.0,0.0,0.0,0.0,0.0,0.0,0.0,0.0,0.0,0.0,0.0,0.0,0.0,0.0,0.0,0.0,0.0,0.0,0.0,100.0,100.0,101.0,100.0,100.0,101.0,102.0
SIPA485,Lakshmi Venkateswara Traders Angallu,Chittoor,Angallu,Non-Exclusive,6588204.0,8681.0,38.85,AP,Active,94.5,0.0,0.0,0.0,0.0,0.0,0.0,0.0,0.0,0.0,0.0,0.0,0.0,,,,,,10.0,9.0,5.0,6.0,0.0,11.0,0.0,12.36,0.0,8.15,7.74,0.0,11.13,0.0,10.62,9.66,9.8,9.780000000000001,12.66,0.0,0.0,0.0,0.0,0.0,0.0,0.0,0.0,0.0,0.0,0.0,0.0,0.0,0.0,0.0,0.0,0.0,15.0,15.0,10.0,12.0,10.0,6.0,5.0,5.0,6.0,6.0,6.0,10.0,10.0,10.0,10.0,10.0,12.0,10.0,10.0,0.0,0.0,0.0,0.0,0.0,0.0,0.0,0.0,0.0,0.0,0.0,0.0,0.0,0.0,0.0,0.0,0.0,35.0,38.0,40.0,42.0,35.0,36.0,37.0
SIPA486,Sree Venkataramana Traders,Anantapur,Kalluru,Non-Exclusive,6321948.0,4863.0,11.55,AP,Inactive,36.75,0.0,0.0,0.0,0.0,0.0,0.0,0.0,0.0,0.0,0.0,0.0,0.0,,,,,,5.0,5.0,0.0,0.0,0.0,3.0,0.0,0.0,0.0,0.0,0.0,0.0,0.0,0.0,0.0,0.0,0.0,,,0.0,0.0,0.0,0.0,0.0,0.0,0.0,0.0,0.0,0.0,0.0,0.0,0.0,0.0,0.0,0.0,0.0,20.0,20.0,5.0,5.0,5.0,5.0,0.0,5.0,0.0,0.0,0.0,0.0,0.0,0.0,0.0,0.0,0.0,0.0,0.0,0.0,0.0,0.0,0.0,0.0,0.0,0.0,0.0,0.0,0.0,0.0,0.0,0.0,0.0,0.0,0.0,0.0,10.0,13.0,12.0,11.0,10.0,11.0,11.0
SIPA487,Sri Lakshmi Venkateswara Traders,Cuddapah,Mydukur,Non-Exclusive,4111686.0,105862.0,80.85000000000001,AP,Active,168.0,0.0,0.0,0.0,0.0,0.0,0.0,0.0,0.0,0.0,0.0,0.0,0.0,,,,,,13.0,14.0,31.0,26.0,14.0,14.0,24.0,18.75,25.08,0.0,22.16,19.91,0.0,0.0,11.27,0.0,11.86,0.0,0.0,0.0,0.0,0.0,0.0,0.0,0.0,0.0,0.0,0.0,0.0,0.0,0.0,0.0,0.0,0.0,0.0,0.0,12.0,12.0,20.0,20.0,20.0,26.0,20.0,20.0,25.0,20.0,20.0,15.0,15.0,20.0,20.0,20.0,12.0,12.0,12.0,0.0,0.0,0.0,0.0,0.0,0.0,0.0,0.0,0.0,0.0,0.0,0.0,0.0,0.0,0.0,0.0,0.0,35.0,39.0,41.0,42.0,47.0,59.0,77.0
SIPA488,Lakshmi Venkateswara Traders,Guntur,Cherukupalli,Non-Exclusive,6629265.0,60385.0,32.550000000000004,AP,Active,105.0,0.0,0.0,0.0,0.0,0.0,0.0,0.0,0.0,0.0,0.0,0.0,0.0,,,,,,,5.0,0.0,0.0,6.0,0.0,0.0,5.79,0.0,0.0,0.0,0.0,0.0,4.609999999999999,0.0,10.84,9.46,0.0,0.0,0.0,0.0,0.0,0.0,0.0,0.0,0.0,0.0,0.0,0.0,0.0,0.0,0.0,0.0,0.0,0.0,0.0,0.0,10.0,6.0,6.0,6.0,6.0,0.0,6.0,6.0,6.0,6.0,10.0,10.0,10.0,10.0,10.0,10.0,10.0,0.0,0.0,0.0,0.0,0.0,0.0,0.0,0.0,0.0,0.0,0.0,0.0,0.0,0.0,0.0,0.0,0.0,0.0,0.0,25.0,25.0,26.0,25.0,27.0,31.0
SIPA489,Rajyalakshmi Agencies,Guntur,Mangalagiri,Non-Exclusive,6629265.0,86690.0,52.5,AP,Active,367.5,0.0,0.0,0.0,0.0,0.0,0.0,0.0,0.0,0.0,0.0,0.0,0.0,,,,,,,19.0,13.0,27.0,12.0,15.0,13.0,19.98,20.32,20.33,20.18,19.950000000000003,20.41,21.56,0.0,20.13,18.69,20.07,22.800000000000004,0.0,0.0,0.0,0.0,0.0,0.0,0.0,0.0,0.0,0.0,0.0,0.0,0.0,0.0,0.0,0.0,0.0,0.0,12.0,12.0,12.0,12.0,20.0,15.0,15.0,20.0,20.0,20.0,10.0,10.0,20.0,20.0,20.0,20.0,20.0,25.0875,0.0,0.0,0.0,0.0,0.0,0.0,0.0,0.0,0.0,0.0,0.0,0.0,0.0,0.0,0.0,0.0,0.0,0.0,27.0,40.0,20.0,20.0,27.0,50.0
SIPA490,Ananda Traders,Chittoor,Chittoor,Non-Exclusive,6588204.0,59060.0,140.70000000000002,AP,Active,735.0,0.0,0.0,0.0,0.0,0.0,0.0,0.0,0.0,0.0,0.0,0.0,0.0,,,,,,,19.0,14.0,0.0,20.0,0.0,25.0,0.0,20.32,0.0,19.2,20.09,0.0,0.0,20.08,0.0,0.0,0.0,0.0,0.0,0.0,0.0,0.0,0.0,0.0,0.0,0.0,0.0,0.0,0.0,0.0,0.0,0.0,0.0,0.0,0.0,0.0,15.0,20.0,25.0,25.0,20.0,10.0,15.0,20.0,20.0,25.0,15.0,15.0,20.0,20.0,20.0,12.0,12.0,12.0,0.0,0.0,0.0,0.0,0.0,0.0,0.0,0.0,0.0,0.0,0.0,0.0,0.0,0.0,0.0,0.0,0.0,0.0,123.0,126.0,141.0,133.0,141.0,134.0
SIPA491,Parvathi Parameswara Agencies,Krishna,Hanuman Jn,Non-Exclusive,6097627.0,100145.0,122.85,AP,Active,157.5,0.0,0.0,0.0,0.0,0.0,0.0,0.0,0.0,0.0,0.0,0.0,0.0,,,,,,,11.0,3.0,0.0,8.0,3.0,4.0,10.54,5.3100000000000005,4.05,2.74,2.47,6.08,9.88,0.0,12.13,0.0,0.0,0.0,0.0,0.0,0.0,0.0,0.0,0.0,0.0,0.0,0.0,0.0,0.0,0.0,0.0,0.0,0.0,0.0,0.0,0.0,12.0,12.0,12.0,12.0,12.0,5.0,5.0,10.0,10.0,10.0,10.0,10.0,10.0,10.0,12.0,12.0,12.0,12.0,0.0,0.0,0.0,0.0,0.0,0.0,0.0,0.0,0.0,0.0,0.0,0.0,0.0,0.0,0.0,0.0,0.0,0.0,111.0,113.0,115.0,115.0,116.0,117.0
SIPA492,Sri Krishna Enterprises,Kurnool,Bethamcherla,Non-Exclusive,6203936.0,88726.0,22.05,AP,Active,105.0,0.0,0.0,0.0,0.0,0.0,0.0,0.0,0.0,0.0,0.0,0.0,0.0,,,,,,,13.0,12.0,12.0,12.0,0.0,11.0,12.29,11.38,12.06,0.0,10.17,15.41,0.0,0.0,0.0,0.0,0.0,0.0,0.0,0.0,0.0,0.0,0.0,0.0,0.0,0.0,0.0,0.0,0.0,0.0,0.0,0.0,0.0,0.0,0.0,0.0,10.0,10.0,12.0,12.0,12.0,10.0,10.0,12.0,12.0,10.0,10.0,10.0,10.0,10.0,10.0,5.0,5.0,5.0,0.0,0.0,0.0,0.0,0.0,0.0,0.0,0.0,0.0,0.0,0.0,0.0,0.0,0.0,0.0,0.0,0.0,0.0,15.0,26.0,17.0,15.0,18.0,21.0
SIPA493,Sivakumar Cements,Nellore,Rapur,Non-Exclusive,4538626.0,58901.0,36.75,AP,Inactive,73.5,0.0,0.0,0.0,0.0,0.0,0.0,0.0,0.0,0.0,0.0,0.0,0.0,,,,,,,11.0,12.0,0.0,0.0,0.0,0.0,0.0,0.0,0.0,0.0,0.0,0.0,0.0,0.0,0.0,0.0,,,0.0,0.0,0.0,0.0,0.0,0.0,0.0,0.0,0.0,0.0,0.0,0.0,0.0,0.0,0.0,0.0,0.0,0.0,12.0,12.0,12.0,12.0,12.0,0.0,0.0,0.0,0.0,0.0,0.0,0.0,0.0,0.0,0.0,0.0,0.0,0.0,0.0,0.0,0.0,0.0,0.0,0.0,0.0,0.0,0.0,0.0,0.0,0.0,0.0,0.0,0.0,0.0,0.0,0.0,35.0,38.0,35.0,35.0,35.0,35.0
SIPA494,Sree Venkataramana Traders (D),Nellore,Dagadarthi,Non-Exclusive,4538626.0,42962.0,10.5,AP,Inactive,26.25,0.0,0.0,0.0,0.0,0.0,0.0,0.0,0.0,0.0,0.0,0.0,0.0,,,,,,,8.0,0.0,0.0,0.0,0.0,0.0,0.0,0.0,0.0,0.0,0.0,0.0,0.0,0.0,0.0,0.0,,,0.0,0.0,0.0,0.0,0.0,0.0,0.0,0.0,0.0,0.0,0.0,0.0,0.0,0.0,0.0,0.0,0.0,0.0,12.0,6.0,6.0,6.0,6.0,0.0,0.0,0.0,0.0,0.0,0.0,0.0,0.0,0.0,0.0,0.0,0.0,0.0,0.0,0.0,0.0,0.0,0.0,0.0,0.0,0.0,0.0,0.0,0.0,0.0,0.0,0.0,0.0,0.0,0.0,0.0,10.0,11.0,10.0,10.0,10.0,10.0
SIPA495,Chandana Steels And Cements,Anantapur,Anantapur,Non-Exclusive,6321948.0,127019.0,25.200000000000003,AP,Active,2100.0,0.0,0.0,0.0,0.0,0.0,0.0,0.0,0.0,0.0,0.0,0.0,0.0,,,,,,,12.0,7.0,0.0,0.0,0.0,0.0,0.0,0.0,0.0,0.0,0.0,0.0,0.0,0.0,0.0,0.0,0.0,0.0,0.0,0.0,0.0,0.0,0.0,0.0,0.0,0.0,0.0,0.0,0.0,0.0,0.0,0.0,0.0,0.0,0.0,0.0,10.0,10.0,20.0,20.0,12.0,10.0,10.0,10.0,10.0,10.0,0.0,0.0,0.0,0.0,0.0,0.0,0.0,0.0,0.0,0.0,0.0,0.0,0.0,0.0,0.0,0.0,0.0,0.0,0.0,0.0,0.0,0.0,0.0,0.0,0.0,0.0,21.0,38.0,20.0,21.0,21.0,24.0
SIPA496,Jai Shankar Steel ,Nellore,Kavali,Non-Exclusive,4538626.0,67997.0,57.75,AP,Active,262.5,0.0,0.0,0.0,0.0,0.0,0.0,0.0,0.0,0.0,0.0,0.0,0.0,,,,,,,11.0,0.0,0.0,6.0,0.0,7.0,12.51,0.0,11.69,0.0,18.4,16.64,20.03,0.0,12.9,7.07,12.84,14.629999999999999,0.0,0.0,0.0,0.0,0.0,0.0,0.0,0.0,0.0,0.0,0.0,0.0,0.0,0.0,0.0,0.0,0.0,0.0,12.0,12.0,12.0,12.0,12.0,5.0,5.0,10.0,12.0,12.0,12.0,12.0,20.0,20.0,20.0,12.0,12.0,15.0,0.0,0.0,0.0,0.0,0.0,0.0,0.0,0.0,0.0,0.0,0.0,0.0,0.0,0.0,0.0,0.0,0.0,0.0,55.0,56.0,55.0,56.0,58.0,55.0
SIPA497,Sri Srinivasa Steels,Vizianagaram,S Kota,Non-Exclusive,3662958.0,,55.650000000000006,AP,Active,105.0,0.0,0.0,0.0,0.0,0.0,0.0,0.0,0.0,0.0,0.0,0.0,0.0,,,,,,,10.0,0.0,0.0,0.0,0.0,0.0,10.01,0.0,0.0,4.890000000000001,0.0,0.0,6.16,0.0,12.33,0.0,10.009999999999998,10.06,0.0,0.0,0.0,0.0,0.0,0.0,0.0,0.0,0.0,0.0,0.0,0.0,0.0,0.0,0.0,0.0,0.0,0.0,12.0,12.0,10.0,10.0,10.0,10.0,10.0,10.0,10.0,12.0,10.0,10.0,10.0,10.0,10.0,10.0,10.0,12.512499999999998,0.0,0.0,0.0,0.0,0.0,0.0,0.0,0.0,0.0,0.0,0.0,0.0,0.0,0.0,0.0,0.0,0.0,0.0,50.0,57.0,53.0,52.0,53.0,53.0
SIPA498,Sri Lakshmi Ganapathi Steels,West Godavari,Koyyalagudem,Non-Exclusive,6422436.0,75694.0,120.75,AP,Active,315.0,0.0,0.0,0.0,0.0,0.0,0.0,0.0,0.0,0.0,0.0,0.0,0.0,,,,,,,5.0,0.0,0.0,0.0,0.0,0.0,0.0,11.05,0.0,0.0,12.64,11.83,6.279999999999999,0.0,0.0,0.0,0.0,0.0,0.0,0.0,0.0,0.0,0.0,0.0,0.0,0.0,0.0,0.0,0.0,0.0,0.0,0.0,0.0,0.0,0.0,0.0,10.0,10.0,12.0,12.0,12.0,10.0,10.0,10.0,10.0,12.0,10.0,10.0,10.0,10.0,11.667,12.0,12.0,0.0,0.0,0.0,0.0,0.0,0.0,0.0,0.0,0.0,0.0,0.0,0.0,0.0,0.0,0.0,0.0,0.0,0.0,0.0,100.0,100.0,100.0,100.0,102.0,115.0
SIPA499,Sri Guru Narasimha Traders,Cuddapah,Porumamilla,Non-Exclusive,4111686.0,74138.0,23.1,AP,Active,157.5,0.0,0.0,0.0,0.0,0.0,0.0,0.0,0.0,0.0,0.0,0.0,0.0,,,,,,,,13.0,12.0,0.0,14.0,21.0,30.45,19.47,17.72,15.25,23.17,36.5,24.41,13.489999999999998,14.14,24.86,28.22,49.44,0.0,0.0,0.0,0.0,0.0,0.0,0.0,0.0,0.0,0.0,0.0,0.0,0.0,0.0,0.0,0.0,0.0,0.0,0.0,12.0,12.0,12.0,24.0,15.0,15.0,12.0,12.0,15.0,10.0,10.0,10.0,10.0,25.0,25.0,25.0,25.0,0.0,0.0,0.0,0.0,0.0,0.0,0.0,0.0,0.0,0.0,0.0,0.0,0.0,0.0,0.0,0.0,0.0,0.0,0.0,20.0,20.0,20.0,26.0,22.0
SIPA500,Basheer Traders,Chittoor,Baireddipalli,Non-Exclusive,6588204.0,63763.0,19.95,AP,Active,42.0,0.0,0.0,0.0,0.0,0.0,0.0,0.0,0.0,0.0,0.0,0.0,0.0,,,,,,,,6.0,0.0,0.0,7.0,0.0,3.83,0.0,5.11,0.0,0.0,0.0,0.0,0.0,0.0,0.0,0.0,0.0,0.0,0.0,0.0,0.0,0.0,0.0,0.0,0.0,0.0,0.0,0.0,0.0,0.0,0.0,0.0,0.0,0.0,0.0,0.0,10.0,6.0,6.0,6.0,5.0,5.0,5.0,5.0,5.0,10.0,10.0,10.0,10.0,10.0,10.0,10.0,10.0,0.0,0.0,0.0,0.0,0.0,0.0,0.0,0.0,0.0,0.0,0.0,0.0,0.0,0.0,0.0,0.0,0.0,0.0,0.0,15.0,17.0,15.0,19.0,19.0
SIPA501,Sree Srinivasa Enterprises,Anantapur,Gorantla,Non-Exclusive,6321948.0,101857.0,21.0,AP,Inactive,105.0,0.0,0.0,0.0,0.0,0.0,0.0,0.0,0.0,0.0,0.0,0.0,0.0,,,,,,,,6.0,0.0,0.0,0.0,0.0,0.0,0.0,0.0,0.0,0.0,0.0,0.0,0.0,0.0,0.0,,,0.0,0.0,0.0,0.0,0.0,0.0,0.0,0.0,0.0,0.0,0.0,0.0,0.0,0.0,0.0,0.0,0.0,0.0,0.0,6.0,12.0,12.0,12.0,0.0,0.0,0.0,0.0,0.0,0.0,0.0,0.0,0.0,0.0,0.0,0.0,0.0,0.0,0.0,0.0,0.0,0.0,0.0,0.0,0.0,0.0,0.0,0.0,0.0,0.0,0.0,0.0,0.0,0.0,0.0,0.0,20.0,21.0,20.0,20.0,20.0
SIPA502,Vijaya Hardwares And Paints,Chittoor,Chandragiri,Non-Exclusive,6588204.0,77585.0,29.4,AP,Active,63.0,0.0,0.0,0.0,0.0,0.0,0.0,0.0,0.0,0.0,0.0,0.0,0.0,,,,,,,,5.0,5.0,7.0,0.0,6.0,6.74,4.96,5.390000000000001,5.67,12.22,13.81,9.6,10.04,0.0,0.0,10.3,10.059999999999999,0.0,0.0,0.0,0.0,0.0,0.0,0.0,0.0,0.0,0.0,0.0,0.0,0.0,0.0,0.0,0.0,0.0,0.0,0.0,6.0,6.0,6.0,6.0,5.0,5.0,6.0,6.0,6.0,12.0,12.0,10.0,10.0,10.0,10.0,10.0,10.0,0.0,0.0,0.0,0.0,0.0,0.0,0.0,0.0,0.0,0.0,0.0,0.0,0.0,0.0,0.0,0.0,0.0,0.0,0.0,25.0,25.0,25.0,25.0,28.0
SIPA503,Madeena Hardwares,Chittoor,Thamballapalle,Non-Exclusive,6588204.0,48330.0,16.8,AP,Active,52.5,0.0,0.0,0.0,0.0,0.0,0.0,0.0,0.0,0.0,0.0,0.0,0.0,,,,,,,,7.0,8.0,6.0,8.0,0.0,7.720000000000001,8.05,0.0,10.65,0.0,0.0,0.0,0.0,0.0,0.0,0.0,0.0,0.0,0.0,0.0,0.0,0.0,0.0,0.0,0.0,0.0,0.0,0.0,0.0,0.0,0.0,0.0,0.0,0.0,0.0,0.0,6.0,6.0,6.0,6.0,5.0,5.0,6.0,6.0,6.0,10.0,10.0,10.0,10.0,10.0,10.0,10.0,10.0,0.0,0.0,0.0,0.0,0.0,0.0,0.0,0.0,0.0,0.0,0.0,0.0,0.0,0.0,0.0,0.0,0.0,0.0,0.0,15.0,15.0,15.0,19.0,16.0
SIPA504,Sri Lakshmi Prasanna Enterprises,Guntur,Nekarikallu,Non-Exclusive,6629265.0,74127.0,44.1,AP,Active,52.5,0.0,0.0,0.0,0.0,0.0,0.0,0.0,0.0,0.0,0.0,0.0,0.0,,,,,,,,19.0,18.0,0.0,0.0,10.0,0.0,15.169999999999998,0.0,10.41,12.4,0.0,0.0,0.0,12.09,0.0,0.0,0.0,0.0,0.0,0.0,0.0,0.0,0.0,0.0,0.0,0.0,0.0,0.0,0.0,0.0,0.0,0.0,0.0,0.0,0.0,0.0,12.0,6.0,6.0,8.0,10.0,10.0,10.0,12.0,12.0,10.0,10.0,10.0,10.0,12.0,10.0,10.0,0.0,0.0,0.0,0.0,0.0,0.0,0.0,0.0,0.0,0.0,0.0,0.0,0.0,0.0,0.0,0.0,0.0,0.0,0.0,0.0,40.0,40.0,40.0,42.0,42.0
SIPA505,DGM Sreenivasrao Steel & Cement,Srikakulam,Ranasthalam,Non-Exclusive,4798722.0,91569.0,39.9,AP,Active,105.0,0.0,0.0,0.0,0.0,0.0,0.0,0.0,0.0,0.0,0.0,0.0,0.0,,,,,,,,,0.0,0.0,0.0,0.0,0.0,0.0,0.0,0.0,0.0,0.0,0.0,0.0,0.0,0.0,0.0,,0.0,0.0,0.0,0.0,0.0,0.0,0.0,0.0,0.0,0.0,0.0,0.0,0.0,0.0,0.0,0.0,0.0,0.0,0.0,0.0,6.0,6.0,6.0,10.0,10.0,0.0,0.0,5.0,10.0,10.0,10.0,0.0,0.0,0.0,0.0,0.0,0.0,0.0,0.0,0.0,0.0,0.0,0.0,0.0,0.0,0.0,0.0,0.0,0.0,0.0,0.0,0.0,0.0,0.0,0.0,0.0,35.0,35.0,35.0,38.0
SIPA506,Ganesh Hardware,Anantapur,Agali,Non-Exclusive,6321948.0,43869.0,18.9,AP,Active,105.0,0.0,0.0,0.0,0.0,0.0,0.0,0.0,0.0,0.0,0.0,0.0,0.0,,,,,,,,20.0,0.0,0.0,0.0,0.0,0.0,0.0,0.0,0.0,0.0,0.0,0.0,0.0,0.0,0.0,0.0,0.0,0.0,0.0,0.0,0.0,0.0,0.0,0.0,0.0,0.0,0.0,0.0,0.0,0.0,0.0,0.0,0.0,0.0,0.0,0.0,10.0,20.0,20.0,20.0,0.0,0.0,20.0,20.0,20.0,10.0,10.0,10.0,10.0,0.0,0.0,0.0,0.0,0.0,0.0,0.0,0.0,0.0,0.0,0.0,0.0,0.0,0.0,0.0,0.0,0.0,0.0,0.0,0.0,0.0,0.0,0.0,15.0,37.0,19.0,16.0,18.0
SIPA507,Kiran Traders,Kurnool,Nandikotkur,Non-Exclusive,6203936.0,83748.0,22.05,AP,Active,147.0,0.0,0.0,0.0,0.0,0.0,0.0,0.0,0.0,0.0,0.0,0.0,0.0,,,,,,,,5.0,0.0,4.0,0.0,4.0,4.720000000000001,4.619999999999999,5.35,0.0,0.0,15.29,0.0,0.0,0.0,0.0,10.76,9.879999999999999,0.0,0.0,0.0,0.0,0.0,0.0,0.0,0.0,0.0,0.0,0.0,0.0,0.0,0.0,0.0,0.0,0.0,0.0,0.0,6.0,6.0,6.0,6.0,5.0,5.0,5.0,5.0,5.0,10.0,10.0,10.0,10.0,10.0,5.0,5.0,5.0,0.0,0.0,0.0,0.0,0.0,0.0,0.0,0.0,0.0,0.0,0.0,0.0,0.0,0.0,0.0,0.0,0.0,0.0,0.0,20.0,21.0,20.0,23.0,21.0
SIPA508,Sri Vinayaka Agencies,Chittoor,Yerpedu,Non-Exclusive,6588204.0,59588.0,12.6,AP,Active,42.0,0.0,0.0,0.0,0.0,0.0,0.0,0.0,0.0,0.0,0.0,0.0,0.0,,,,,,,,2.0,6.0,0.0,11.0,0.0,4.27,0.0,5.7700000000000005,5.94,11.13,11.3,10.26,0.0,10.04,5.2,6.199999999999999,6.1,0.0,0.0,0.0,0.0,0.0,0.0,0.0,0.0,0.0,0.0,0.0,0.0,0.0,0.0,0.0,0.0,0.0,0.0,0.0,10.0,6.0,6.0,6.0,5.0,5.0,5.0,5.0,5.0,12.0,12.0,10.0,10.0,10.0,10.0,10.0,10.0,0.0,0.0,0.0,0.0,0.0,0.0,0.0,0.0,0.0,0.0,0.0,0.0,0.0,0.0,0.0,0.0,0.0,0.0,0.0,10.0,14.0,10.0,12.0,12.0
SIPA509,Sri Seetharam Traders,Prakasam,Markapur,Non-Exclusive,5954328.0,51892.0,129.15,AP,Active,336.0,0.0,0.0,0.0,0.0,0.0,0.0,0.0,0.0,0.0,0.0,0.0,0.0,,,,,,,,6.0,9.0,12.0,0.0,0.0,0.0,0.0,0.0,0.0,0.0,0.0,0.0,0.0,0.0,0.0,0.0,0.0,0.0,0.0,0.0,0.0,0.0,0.0,0.0,0.0,0.0,0.0,0.0,0.0,0.0,0.0,0.0,0.0,0.0,0.0,0.0,5.0,10.0,10.0,10.0,5.0,5.0,5.0,5.0,5.0,10.0,10.0,10.0,10.0,10.0,10.0,0.0,0.0,0.0,0.0,0.0,0.0,0.0,0.0,0.0,0.0,0.0,0.0,0.0,0.0,0.0,0.0,0.0,0.0,0.0,0.0,0.0,120.0,120.0,120.0,120.0,123.0
SIPA510,,Nellore,Gudur,Non-Exclusive,4538626.0,55705.0,21.0,,,231.0,0.0,0.0,0.0,0.0,0.0,0.0,0.0,0.0,0.0,0.0,0.0,0.0,,,,,,,,,,,,,,,,,,,,,,,,,0.0,0.0,0.0,0.0,0.0,0.0,0.0,0.0,0.0,0.0,0.0,0.0,0.0,0.0,0.0,0.0,0.0,0.0,0.0,5.0,0.0,6.0,5.0,0.0,,,,,,,,,,,,,0.0,0.0,0.0,0.0,0.0,0.0,0.0,0.0,0.0,0.0,0.0,0.0,0.0,0.0,0.0,0.0,0.0,0.0,0.0,20.0,20.0,20.0,20.0,20.0
SIPA511,Adiprakash Traders,Anantapur,Gorintla,Non-Exclusive,6321948.0,,43.05,AP,Active,105.0,0.0,0.0,0.0,0.0,0.0,0.0,0.0,0.0,0.0,0.0,0.0,0.0,,,,,,,,,12.0,0.0,10.0,0.0,0.0,0.0,9.56,0.0,0.0,0.0,0.0,0.0,0.0,0.0,0.0,0.0,0.0,0.0,0.0,0.0,0.0,0.0,0.0,0.0,0.0,0.0,0.0,0.0,0.0,0.0,0.0,0.0,0.0,0.0,0.0,0.0,10.0,12.0,10.0,5.0,5.0,5.0,5.0,5.0,10.0,10.0,10.0,10.0,10.0,10.0,10.0,10.0,0.0,0.0,0.0,0.0,0.0,0.0,0.0,0.0,0.0,0.0,0.0,0.0,0.0,0.0,0.0,0.0,0.0,0.0,0.0,0.0,41.0,40.0,41.0,41.0
SIPA512,Sai Traders,Chittoor,Kothapallimitta,Non-Exclusive,6588204.0,,154.35,AP,Active,94.5,0.0,0.0,0.0,0.0,0.0,0.0,0.0,0.0,0.0,0.0,0.0,0.0,,,,,,,,,8.0,0.0,0.0,6.0,0.0,4.22,4.869999999999999,0.0,0.0,0.0,0.0,0.0,0.0,0.0,0.0,0.0,0.0,0.0,0.0,0.0,0.0,0.0,0.0,0.0,0.0,0.0,0.0,0.0,0.0,0.0,0.0,0.0,0.0,0.0,0.0,0.0,6.0,6.0,6.0,5.0,5.0,5.0,5.0,5.0,12.0,12.0,10.0,10.0,5.0,5.0,5.0,5.0,0.0,0.0,0.0,0.0,0.0,0.0,0.0,0.0,0.0,0.0,0.0,0.0,0.0,0.0,0.0,0.0,0.0,0.0,0.0,0.0,145.0,145.0,146.0,147.0
SIPA514,L R K Enterprises,Anantapur,Anantapur,Non-Exclusive,6321948.0,127019.0,32.550000000000004,AP,Active,2100.0,0.0,0.0,0.0,0.0,0.0,0.0,0.0,0.0,0.0,0.0,0.0,0.0,,,,,,,,,10.0,0.0,0.0,10.0,12.999999999999998,0.0,0.0,0.0,11.17,0.0,10.38,0.0,9.88,0.0,10.06,0.0,0.0,0.0,0.0,0.0,0.0,0.0,0.0,0.0,0.0,0.0,0.0,0.0,0.0,0.0,0.0,0.0,0.0,0.0,0.0,0.0,10.0,10.0,10.0,5.0,5.0,5.0,5.0,5.0,10.0,10.0,10.0,10.0,10.0,10.0,10.0,10.0,0.0,0.0,0.0,0.0,0.0,0.0,0.0,0.0,0.0,0.0,0.0,0.0,0.0,0.0,0.0,0.0,0.0,0.0,0.0,0.0,30.0,33.0,31.0,31.0
SIPA515,Vijayalakshmi Iron Stores,Krishna,Gudivada,Non-Exclusive,6097627.0,49571.0,214.2,AP,Active,420.0,0.0,0.0,0.0,0.0,0.0,0.0,0.0,0.0,0.0,0.0,0.0,0.0,,,,,,,,,15.0,15.0,25.0,16.0,16.78,21.03,0.0,20.77,12.45,12.53,10.6,0.0,12.159999999999998,12.08,0.0,11.87,0.0,0.0,0.0,0.0,0.0,0.0,0.0,0.0,0.0,0.0,0.0,0.0,0.0,0.0,0.0,0.0,0.0,0.0,0.0,0.0,10.0,12.0,12.0,15.0,12.0,20.0,24.0,24.0,10.0,10.0,10.0,10.0,12.0,12.0,12.0,12.0,0.0,0.0,0.0,0.0,0.0,0.0,0.0,0.0,0.0,0.0,0.0,0.0,0.0,0.0,0.0,0.0,0.0,0.0,0.0,0.0,190.0,199.0,202.0,204.0
SIPA516,Sai Rama Steel Corporation,Guntur,Pedanandipadu,Non-Exclusive,6629265.0,48070.0,40.95,AP,Active,84.0,0.0,0.0,0.0,0.0,0.0,0.0,0.0,0.0,0.0,0.0,0.0,0.0,,,,,,,,,12.0,0.0,16.0,13.0,15.260000000000002,11.41,11.75,0.0,12.130000000000004,12.04,30.29,15.77,16.99,14.919999999999998,0.0,17.970000000000002,0.0,0.0,0.0,0.0,0.0,0.0,0.0,0.0,0.0,0.0,0.0,0.0,0.0,0.0,0.0,0.0,0.0,0.0,0.0,0.0,10.0,6.0,6.0,8.0,8.0,10.0,12.0,12.0,10.0,10.0,10.0,10.0,15.0,15.0,15.0,0.0,0.0,0.0,0.0,0.0,0.0,0.0,0.0,0.0,0.0,0.0,0.0,0.0,0.0,0.0,0.0,0.0,0.0,0.0,0.0,0.0,25.0,29.0,28.0,39.0
SIPA517,Sri Bhavanisankar Steel And Cement,Cuddapah,Jammalamadugu,Non-Exclusive,4111686.0,32257.0,64.05,AP,Inactive,241.5,0.0,0.0,0.0,0.0,0.0,0.0,0.0,0.0,0.0,0.0,0.0,0.0,,,,,,,,,13.0,13.0,12.0,0.0,0.0,0.0,0.0,0.0,0.0,0.0,0.0,0.0,0.0,0.0,,,0.0,0.0,0.0,0.0,0.0,0.0,0.0,0.0,0.0,0.0,0.0,0.0,0.0,0.0,0.0,0.0,0.0,0.0,0.0,0.0,10.0,10.0,12.0,15.0,12.0,0.0,0.0,0.0,0.0,0.0,0.0,0.0,0.0,0.0,0.0,0.0,0.0,0.0,0.0,0.0,0.0,0.0,0.0,0.0,0.0,0.0,0.0,0.0,0.0,0.0,0.0,0.0,0.0,0.0,0.0,0.0,60.0,62.0,63.0,61.0
SIPA518,Sri Kanakadurga Steel Traders,Prakasam,Kondepi,Non-Exclusive,5954328.0,,30.450000000000003,AP,Active,63.0,0.0,0.0,0.0,0.0,0.0,0.0,0.0,0.0,0.0,0.0,0.0,0.0,,,,,,,,,12.0,0.0,11.0,6.0,21.09,0.0,0.0,7.41,0.0,7.77,0.0,9.42,9.74,0.0,7.880000000000001,0.0,0.0,0.0,0.0,0.0,0.0,0.0,0.0,0.0,0.0,0.0,0.0,0.0,0.0,0.0,0.0,0.0,0.0,0.0,0.0,0.0,10.0,6.0,6.0,10.0,10.0,7.0,7.0,7.0,10.0,10.0,10.0,10.0,10.0,10.0,6.0,8.0,0.0,0.0,0.0,0.0,0.0,0.0,0.0,0.0,0.0,0.0,0.0,0.0,0.0,0.0,0.0,0.0,0.0,0.0,0.0,0.0,25.0,25.0,32.0,29.0
SIPA519,Padmaja Enterprises,Krishna,Vuyyuru,Non-Exclusive,6097627.0,123193.0,85.05,AP,Active,210.0,0.0,0.0,0.0,0.0,0.0,0.0,0.0,0.0,0.0,0.0,0.0,0.0,,,,,,,,,5.0,0.0,5.0,3.0,9.51,5.02,0.0,0.0,4.7,0.0,0.0,3.96,0.0,0.0,0.0,0.0,0.0,0.0,0.0,0.0,0.0,0.0,0.0,0.0,0.0,0.0,0.0,0.0,0.0,0.0,0.0,0.0,0.0,0.0,0.0,0.0,10.0,5.0,5.0,5.0,5.0,5.0,5.0,5.0,10.0,10.0,10.0,10.0,12.0,12.0,12.0,12.0,0.0,0.0,0.0,0.0,0.0,0.0,0.0,0.0,0.0,0.0,0.0,0.0,0.0,0.0,0.0,0.0,0.0,0.0,0.0,0.0,80.0,81.0,82.0,81.0
SIPA520,Vamsadhara Steel Profiles,Srikakulam,Srikakulam,Non-Exclusive,4798722.0,94393.0,161.70000000000002,AP,Active,1575.0,0.0,0.0,0.0,0.0,0.0,0.0,0.0,0.0,0.0,0.0,0.0,0.0,,,,,,,,,,0.0,0.0,0.0,15.66,12.8,14.240000000000002,0.0,6.0600000000000005,0.0,0.0,0.0,0.0,0.0,0.0,0.0,0.0,0.0,0.0,0.0,0.0,0.0,0.0,0.0,0.0,0.0,0.0,0.0,0.0,0.0,0.0,0.0,0.0,0.0,0.0,0.0,0.0,20.0,20.0,20.0,20.0,15.0,10.0,12.0,10.0,10.0,10.0,10.0,10.0,10.0,10.0,0.0,0.0,0.0,0.0,0.0,0.0,0.0,0.0,0.0,0.0,0.0,0.0,0.0,0.0,0.0,0.0,0.0,0.0,0.0,0.0,0.0,0.0,150.0,156.0,154.0
SIPA521,Bhagavan Traders,Chittoor,Ramasamudram,Non-Exclusive,6588204.0,57712.0,17.85,AP,Active,52.5,0.0,0.0,0.0,0.0,0.0,0.0,0.0,0.0,0.0,0.0,0.0,0.0,,,,,,,,,,9.0,0.0,6.0,0.0,4.92,5.9,7.6,10.27,9.46,0.0,4.6,9.48,0.0,11.3,10.14,0.0,0.0,0.0,0.0,0.0,0.0,0.0,0.0,0.0,0.0,0.0,0.0,0.0,0.0,0.0,0.0,0.0,0.0,0.0,0.0,0.0,10.0,10.0,5.0,5.0,6.0,6.0,6.0,10.0,10.0,10.0,10.0,10.0,10.0,10.0,10.0,0.0,0.0,0.0,0.0,0.0,0.0,0.0,0.0,0.0,0.0,0.0,0.0,0.0,0.0,0.0,0.0,0.0,0.0,0.0,0.0,0.0,15.0,17.0,17.0
SIPA522,Sri Srinivasa Trading,East Godavari,Rajahmundry,Non-Exclusive,8274560.0,,108.15,AP,Active,1575.0,0.0,0.0,0.0,0.0,0.0,0.0,0.0,0.0,0.0,0.0,0.0,0.0,,,,,,,,,,0.0,0.0,0.0,0.0,12.27,0.0,13.39,27.270000000000003,27.75,28.53,23.41,25.02000000000001,25.45,29.15,37.010000000000005,0.0,0.0,0.0,0.0,0.0,0.0,0.0,0.0,0.0,0.0,0.0,0.0,0.0,0.0,0.0,0.0,0.0,0.0,0.0,0.0,0.0,15.0,15.0,20.0,20.0,12.0,20.0,12.0,20.0,20.0,20.0,20.0,25.0,25.0,25.0,36.4375,0.0,0.0,0.0,0.0,0.0,0.0,0.0,0.0,0.0,0.0,0.0,0.0,0.0,0.0,0.0,0.0,0.0,0.0,0.0,0.0,0.0,30.0,35.0,103.0
SIPA523,Sri Lakshmi Durga Agencies,West Godavari,Eluru,Non-Exclusive,6422436.0,115625.0,111.3,AP,Active,735.0,0.0,0.0,0.0,0.0,0.0,0.0,0.0,0.0,0.0,0.0,0.0,0.0,,,,,,,,,,0.0,0.0,0.0,0.0,11.54,9.5,4.63,16.33,21.11,12.55,2.96,0.0,2.33,14.33,0.0,0.0,0.0,0.0,0.0,0.0,0.0,0.0,0.0,0.0,0.0,0.0,0.0,0.0,0.0,0.0,0.0,0.0,0.0,0.0,0.0,0.0,10.0,10.0,12.0,12.0,12.0,10.0,12.0,10.0,10.0,10.0,10.0,11.667,12.0,12.0,17.9125,0.0,0.0,0.0,0.0,0.0,0.0,0.0,0.0,0.0,0.0,0.0,0.0,0.0,0.0,0.0,0.0,0.0,0.0,0.0,0.0,0.0,100.0,119.0,106.0
SIPA524,Yamani Steel And Cements,Anantapur,Kadiri,Non-Exclusive,6321948.0,35944.0,49.35,AP,Active,231.0,0.0,0.0,0.0,0.0,0.0,0.0,0.0,0.0,0.0,0.0,0.0,0.0,,,,,,,,,,5.0,0.0,0.0,4.59,4.63,0.0,0.0,10.260000000000002,9.98,0.0,11.36,7.0200000000000005,9.9,0.0,0.0,0.0,0.0,0.0,0.0,0.0,0.0,0.0,0.0,0.0,0.0,0.0,0.0,0.0,0.0,0.0,0.0,0.0,0.0,0.0,0.0,0.0,10.0,5.0,5.0,5.0,5.0,5.0,5.0,10.0,10.0,10.0,10.0,10.0,10.0,10.0,10.0,0.0,0.0,0.0,0.0,0.0,0.0,0.0,0.0,0.0,0.0,0.0,0.0,0.0,0.0,0.0,0.0,0.0,0.0,0.0,0.0,0.0,45.0,47.0,47.0
SIPA525,Heman Steels,Nellore,Gudur,Non-Exclusive,4538626.0,55705.0,46.2,AP,Active,231.0,0.0,0.0,0.0,0.0,0.0,0.0,0.0,0.0,0.0,0.0,0.0,0.0,,,,,,,,,,,22.0,10.0,0.0,20.430000000000003,0.0,19.17,12.45,20.27,0.0,12.6,11.76,11.91,0.0,12.0,0.0,0.0,0.0,0.0,0.0,0.0,0.0,0.0,0.0,0.0,0.0,0.0,0.0,0.0,0.0,0.0,0.0,0.0,0.0,0.0,0.0,10.0,5.0,12.0,12.0,12.0,20.0,20.0,12.0,12.0,20.0,20.0,20.0,12.0,12.0,12.0,0.0,0.0,0.0,0.0,0.0,0.0,0.0,0.0,0.0,0.0,0.0,0.0,0.0,0.0,0.0,0.0,0.0,0.0,0.0,0.0,0.0,40.0,40.0,44.0
SIPA526,Surya Bhagavan Agencies,Visakhapatnam,Ravikamatham,Non-Exclusive,4845879.0,75438.0,31.5,AP,Active,105.0,0.0,0.0,0.0,0.0,0.0,0.0,0.0,0.0,0.0,0.0,0.0,0.0,,,,,,,,,,0.0,0.0,0.0,0.0,0.0,0.0,0.0,0.0,0.0,0.0,0.0,0.0,0.0,0.0,0.0,0.0,0.0,0.0,0.0,0.0,0.0,0.0,0.0,0.0,0.0,0.0,0.0,0.0,0.0,0.0,0.0,0.0,0.0,0.0,0.0,0.0,10.0,10.0,0.0,0.0,0.0,10.0,0.0,0.0,0.0,0.0,0.0,0.0,0.0,0.0,0.0,0.0,0.0,0.0,0.0,0.0,0.0,0.0,0.0,0.0,0.0,0.0,0.0,0.0,0.0,0.0,0.0,0.0,0.0,0.0,0.0,0.0,30.0,30.0,30.0
SIPA527,Siddeshwara Hardware,Anantapur,Rolla,Non-Exclusive,6321948.0,50984.0,95.55,AP,Active,21.0,0.0,0.0,0.0,0.0,0.0,0.0,0.0,0.0,0.0,0.0,0.0,0.0,,,,,,,,,,0.0,0.0,0.0,0.0,0.0,0.0,0.0,0.0,0.0,0.0,0.0,0.0,0.0,0.0,0.0,0.0,0.0,0.0,0.0,0.0,0.0,0.0,0.0,0.0,0.0,0.0,0.0,0.0,0.0,0.0,0.0,0.0,0.0,0.0,0.0,0.0,10.0,10.0,5.0,5.0,12.0,10.0,10.0,10.0,10.0,10.0,10.0,10.0,0.0,0.0,0.0,0.0,0.0,0.0,0.0,0.0,0.0,0.0,0.0,0.0,0.0,0.0,0.0,0.0,0.0,0.0,0.0,0.0,0.0,0.0,0.0,0.0,90.0,91.0,91.0
SIPA528,Sri Maha Ganapathi Steel Corporation,West Godavari,Eluru,Non-Exclusive,6422436.0,115625.0,,AP,Active,735.0,0.0,0.0,0.0,0.0,0.0,0.0,0.0,0.0,0.0,0.0,0.0,0.0,,,,,,,,,,0.0,0.0,0.0,0.0,0.0,0.0,0.0,0.0,0.0,0.0,0.0,10.83,0.0,0.0,0.0,0.0,0.0,0.0,0.0,0.0,0.0,0.0,0.0,0.0,0.0,0.0,0.0,0.0,0.0,0.0,0.0,0.0,0.0,0.0,0.0,0.0,10.0,10.0,0.0,0.0,0.0,0.0,0.0,0.0,0.0,0.0,0.0,0.0,0.0,5.0,0.0,,,,,,,,,,,,,,,,,,,,,,,,
SIPA530,,Prakasam,Ongole,Non-Exclusive,5954328.0,48376.0,42.0,,,525.0,0.0,0.0,0.0,0.0,0.0,0.0,0.0,0.0,0.0,0.0,0.0,0.0,,,,,,,,,,,,,,,,,,,,,,,,,0.0,0.0,0.0,0.0,0.0,0.0,0.0,0.0,0.0,0.0,0.0,0.0,0.0,0.0,0.0,0.0,0.0,0.0,0.0,0.0,0.0,10.0,5.0,0.0,,,,,,,,,,,,,0.0,0.0,0.0,0.0,0.0,0.0,0.0,0.0,0.0,0.0,0.0,0.0,0.0,0.0,0.0,0.0,0.0,0.0,0.0,0.0,0.0,40.0,40.0,40.0
SIPA531,,Cuddapah,Pendlimarri,Non-Exclusive,4111686.0,49345.0,21.0,,,,0.0,0.0,0.0,0.0,0.0,0.0,0.0,0.0,0.0,0.0,0.0,0.0,,,,,,,,,,,,,,,,,,,,,,,,,0.0,0.0,0.0,0.0,0.0,0.0,0.0,0.0,0.0,0.0,0.0,0.0,0.0,0.0,0.0,0.0,0.0,0.0,0.0,0.0,0.0,10.0,5.0,0.0,,,,,,,,,,,,,0.0,0.0,0.0,0.0,0.0,0.0,0.0,0.0,0.0,0.0,0.0,0.0,0.0,0.0,0.0,0.0,0.0,0.0,0.0,0.0,0.0,20.0,20.0,20.0
SIPA532,,Guntur,Janapadu,Non-Exclusive,6629265.0,11318.0,21.0,,,,0.0,0.0,0.0,0.0,0.0,0.0,0.0,0.0,0.0,0.0,0.0,0.0,,,,,,,,,,,,,,,,,,,,,,,,,0.0,0.0,0.0,0.0,0.0,0.0,0.0,0.0,0.0,0.0,0.0,0.0,0.0,0.0,0.0,0.0,0.0,0.0,0.0,0.0,0.0,10.0,5.0,0.0,,,,,,,,,,,,,0.0,0.0,0.0,0.0,0.0,0.0,0.0,0.0,0.0,0.0,0.0,0.0,0.0,0.0,0.0,0.0,0.0,0.0,0.0,0.0,0.0,20.0,20.0,20.0
SIPA533,,Nellore,Naidupeta,Non-Exclusive,4538626.0,79648.0,31.5,,,262.5,0.0,0.0,0.0,0.0,0.0,0.0,0.0,0.0,0.0,0.0,0.0,0.0,,,,,,,,,,,,,,,,,,,,,,,,,0.0,0.0,0.0,0.0,0.0,0.0,0.0,0.0,0.0,0.0,0.0,0.0,0.0,0.0,0.0,0.0,0.0,0.0,0.0,0.0,0.0,10.0,5.0,0.0,,,,,,,,,,,,,0.0,0.0,0.0,0.0,0.0,0.0,0.0,0.0,0.0,0.0,0.0,0.0,0.0,0.0,0.0,0.0,0.0,0.0,0.0,0.0,0.0,30.0,30.0,30.0
SIPA534,,Nellore,Kovur,Non-Exclusive,4538626.0,108680.0,42.0,,,,0.0,0.0,0.0,0.0,0.0,0.0,0.0,0.0,0.0,0.0,0.0,0.0,,,,,,,,,,,,,,,,,,,,,,,,,0.0,0.0,0.0,0.0,0.0,0.0,0.0,0.0,0.0,0.0,0.0,0.0,0.0,0.0,0.0,0.0,0.0,0.0,0.0,0.0,0.0,10.0,5.0,0.0,,,,,,,,,,,,,0.0,0.0,0.0,0.0,0.0,0.0,0.0,0.0,0.0,0.0,0.0,0.0,0.0,0.0,0.0,0.0,0.0,0.0,0.0,0.0,0.0,40.0,40.0,40.0
SIPA535,Sri Dhanalakshmi Traders,Krishna,Pamarru,Non-Exclusive,6097627.0,76029.0,5.25,AP,Inactive,157.5,0.0,0.0,0.0,0.0,0.0,0.0,0.0,0.0,0.0,0.0,0.0,0.0,,,,,,,,,,,4.0,0.0,0.0,0.0,0.0,0.0,0.0,0.0,0.0,0.0,0.0,0.0,,,0.0,0.0,0.0,0.0,0.0,0.0,0.0,0.0,0.0,0.0,0.0,0.0,0.0,0.0,0.0,0.0,0.0,0.0,0.0,0.0,0.0,0.0,5.0,5.0,5.0,5.0,5.0,5.0,0.0,10.0,0.0,0.0,0.0,0.0,0.0,0.0,0.0,0.0,0.0,0.0,0.0,0.0,0.0,0.0,0.0,0.0,0.0,0.0,0.0,0.0,0.0,0.0,0.0,0.0,0.0,0.0,0.0,0.0,5.0,5.0
SIPA536,Sri Sai Raghavendra Agencies,Prakasam,Donakonda,Non-Exclusive,5954328.0,50176.0,13.65,AP,Active,84.0,0.0,0.0,0.0,0.0,0.0,0.0,0.0,0.0,0.0,0.0,0.0,0.0,,,,,,,,,,,12.0,0.0,12.02,0.0,0.0,0.0,11.78,11.95,12.239999999999998,11.14,11.77,12.33,11.85,6.929999999999999,0.0,0.0,0.0,0.0,0.0,0.0,0.0,0.0,0.0,0.0,0.0,0.0,0.0,0.0,0.0,0.0,0.0,0.0,0.0,0.0,0.0,0.0,10.0,6.0,6.0,6.0,6.0,6.0,10.0,10.0,10.0,10.0,12.0,12.0,10.0,12.0,0.0,0.0,0.0,0.0,0.0,0.0,0.0,0.0,0.0,0.0,0.0,0.0,0.0,0.0,0.0,0.0,0.0,0.0,0.0,0.0,0.0,0.0,10.0,13.0
SIPA537,Varalakshmi Traders,East Godavari,Kothapeta,Non-Exclusive,8274560.0,102398.0,13.65,AP,Active,157.5,0.0,0.0,0.0,0.0,0.0,0.0,0.0,0.0,0.0,0.0,0.0,0.0,,,,,,,,,,,0.0,0.0,0.0,0.0,4.96,4.58,0.0,0.0,8.92,0.0,0.0,0.0,7.31,0.0,0.0,0.0,0.0,0.0,0.0,0.0,0.0,0.0,0.0,0.0,0.0,0.0,0.0,0.0,0.0,0.0,0.0,0.0,0.0,0.0,0.0,0.0,10.0,12.0,12.0,10.0,10.0,5.0,10.0,10.0,10.0,10.0,10.0,10.0,10.0,9.1375,0.0,0.0,0.0,0.0,0.0,0.0,0.0,0.0,0.0,0.0,0.0,0.0,0.0,0.0,0.0,0.0,0.0,0.0,0.0,0.0,0.0,0.0,5.0,13.0
SIPA538,Siva Enterprises,Anantapur,Muddigubba,Non-Exclusive,6321948.0,,10.5,AP,Active,52.5,0.0,0.0,0.0,0.0,0.0,0.0,0.0,0.0,0.0,0.0,0.0,0.0,,,,,,,,,,,0.0,7.0,0.0,0.0,0.0,5.65,7.18,0.0,0.0,10.74,0.0,9.96,0.0,10.06,0.0,0.0,0.0,0.0,0.0,0.0,0.0,0.0,0.0,0.0,0.0,0.0,0.0,0.0,0.0,0.0,0.0,0.0,0.0,0.0,0.0,0.0,0.0,5.0,5.0,5.0,5.0,5.0,10.0,10.0,10.0,10.0,10.0,10.0,10.0,10.0,0.0,0.0,0.0,0.0,0.0,0.0,0.0,0.0,0.0,0.0,0.0,0.0,0.0,0.0,0.0,0.0,0.0,0.0,0.0,0.0,0.0,0.0,0.0,10.0
SIPA539,Nagaraju Enterprises,Cuddapah,Yerraguntla,Non-Exclusive,4111686.0,77072.0,21.0,AP,Active,73.5,0.0,0.0,0.0,0.0,0.0,0.0,0.0,0.0,0.0,0.0,0.0,0.0,,,,,,,,,,,,11.0,13.61,0.0,0.0,0.0,0.0,0.0,0.0,0.0,0.0,0.0,0.0,0.0,0.0,0.0,0.0,0.0,0.0,0.0,0.0,0.0,0.0,0.0,0.0,0.0,0.0,0.0,0.0,0.0,0.0,0.0,0.0,0.0,0.0,0.0,0.0,10.0,12.0,12.0,12.0,12.0,0.0,10.0,0.0,0.0,0.0,0.0,0.0,0.0,0.0,0.0,0.0,0.0,0.0,0.0,0.0,0.0,0.0,0.0,0.0,0.0,0.0,0.0,0.0,0.0,0.0,0.0,0.0,0.0,0.0,0.0,0.0,20.0
SIPA540,Arunodaya Steel Profiles,Vizianagaram,Vizianagaram,,,,,AP,Active,1470.0,,,,,,,,,,,,,,,,,,,,,,,,,0.0,0.0900000000000318,0.0,0.0,15.690000000000056,0.0,0.0,0.0,0.0,0.0,99.40000000000009,0.07999999999992724,,,,,,,,,,,,,,,,,,,,,,,,,10.0,500.0,300.0,400.0,10.0,10.0,10.0,20.0,25.0,10.0,10.0,124.25000000000011,,,,,,,,,,,,,,,,,,,,,,,,
SIPA541,Sama Agencies,E.G.Dt,Kakinda,,,,,AP,Active,1260.0,,,,,,,,,,,,,,,,,,,,,,,,,0.0,0.0,0.0,0.0,0.0,0.0,8.129999999999999,0.0,0.0,0.0,0.0,0.0,,,,,,,,,,,,,,,,,,,,,,,,,10.0,0.0,10.0,5.0,10.0,10.0,10.0,10.0,10.0,10.0,10.0,0.0,,,,,,,,,,,,,,,,,,,,,,,,
SIPA542,Vamsi Krishna Fertilizers,Krishna,Movva,,,,,AP,Active,105.0,,,,,,,,,,,,,,,,,,,,,,,,,0.0,11.87,0.0,0.0,0.0,0.0,0.0,0.0,0.0,0.0,0.0,0.0,,,,,,,,,,,,,,,,,,,,,,,,,5.0,5.0,5.0,5.0,10.0,10.0,10.0,10.0,12.0,10.0,10.0,10.0,,,,,,,,,,,,,,,,,,,,,,,,
SIPA543,Steel Yard,Guntur,Guntur,,,,,AP,Active,1260.0,,,,,,,,,,,,,,,,,,,,,,,,,0.0,8.37,0.0,0.0,12.58,11.78,12.25,14.27,12.489999999999998,19.91,16.139999999999997,24.660000000000004,,,,,,,,,,,,,,,,,,,,,,,,,8.0,10.0,10.0,10.0,10.0,10.0,10.0,10.0,12.0,12.0,12.0,20.174999999999997,,,,,,,,,,,,,,,,,,,,,,,,
SIPA544,A S PETA STEELS & CEMENTS,Nellore,A.s.peta,,,,,AP,Active,210.0,,,,,,,,,,,,,,,,,,,,,,,,,0.0,24.12,0.0,12.41,0.0,11.5,0.0,12.52,0.0,12.13,0.0,0.0,,,,,,,,,,,,,,,,,,,,,,,,,12.0,10.0,12.0,12.0,12.0,12.0,10.0,10.0,10.0,10.0,10.0,10.0,,,,,,,,,,,,,,,,,,,,,,,,
SIPA545,Vishnusri Traders,E.G.Dt,Kothapeta Taluk,,,,,AP,Inactive,157.5,,,,,,,,,,,,,,,,,,,,,,,,,0.0,0.0,0.0,0.0,0.0,0.0,0.0,0.0,0.0,0.0,,,,,,,,,,,,,,,,,,,,,,,,,,,10.0,0.0,0.0,0.0,0.0,0.0,0.0,0.0,0.0,0.0,0.0,0.0,,,,,,,,,,,,,,,,,,,,,,,,
SIPA546,Abhignaa Enterprises ,Ananthapur,Bathalapalli,,,,,AP,Inactive,,,,,,,,,,,,,,,,,,,,,,,,,,0.0,0.0,0.0,0.0,0.0,0.0,0.0,0.0,0.0,0.0,,,,,,,,,,,,,,,,,,,,,,,,,,,5.0,0.0,0.0,0.0,0.0,0.0,0.0,0.0,0.0,0.0,0.0,0.0,,,,,,,,,,,,,,,,,,,,,,,,
SIPA547,Sri Sai Charan Paints,Ananthapur,Ananthapur,,,,,AP,Inactive,2100.0,,,,,,,,,,,,,,,,,,,,,,,,,0.0,0.0,0.0,0.0,0.0,0.0,0.0,0.0,0.0,0.0,,,,,,,,,,,,,,,,,,,,,,,,,,,5.0,0.0,0.0,0.0,0.0,0.0,0.0,0.0,0.0,0.0,0.0,0.0,,,,,,,,,,,,,,,,,,,,,,,,
SIPA548,Sri Sampath Steel Traders,Visakhapatnam,Maddilapalem,,,,,AP,Inactive,420.0,,,,,,,,,,,,,,,,,,,,,,,,,,6.25,0.0,6.25,2.58,1.81,0.0,0.0,0.0,0.0,,,,,,,,,,,,,,,,,,,,,,,,,,,0.0,5.0,10.0,12.0,10.0,10.0,0.0,0.0,0.0,0.0,0.0,0.0,,,,,,,,,,,,,,,,,,,,,,,,
SIPA549,A R Wire Products Pvt Ltd,Visakhapatnam,Auto Nagar,,,,,AP,Active,420.0,,,,,,,,,,,,,,,,,,,,,,,,,,0.0,0.0,0.0,0.0,2.51,14.55,0.0,0.0,0.0,0.0,0.0,,,,,,,,,,,,,,,,,,,,,,,,,0.0,10.0,30.0,25.0,0.0,10.0,10.0,10.0,10.0,10.0,10.0,0.0,,,,,,,,,,,,,,,,,,,,,,,,
SIPA550,A S Steel Traders Vsp Private Limited,Visakhapatnam,Visakhapatnam,,,,,AP,Active,630.0,,,,,,,,,,,,,,,,,,,,,,,,,,0.0,0.0,0.0,0.0,0.0,0.0,0.0,0.0,0.0,0.0,0.0,,,,,,,,,,,,,,,,,,,,,,,,,0.0,10.0,30.0,100.0,0.0,10.0,10.0,10.0,10.0,10.0,10.0,0.0,,,,,,,,,,,,,,,,,,,,,,,,
SIPA551,Sri Vijayalakshmi Enterprises J R Puram,Srikakulam,Ranasthalam,,,,,AP,Active,105.0,,,,,,,,,,,,,,,,,,,,,,,,,,5.41,0.0,0.0,0.0,0.0,0.0,0.0,0.0,0.0,0.0,0.0,,,,,,,,,,,,,,,,,,,,,,,,,0.0,5.0,5.0,5.0,10.0,10.0,10.0,10.0,10.0,10.0,10.0,0.0,,,,,,,,,,,,,,,,,,,,,,,,
SIPA552,Srinivas Kamisetti,W.G.Dt,Veeravasaram,,,,,AP,Active,577.5,,,,,,,,,,,,,,,,,,,,,,,,,,5.07,4.98,12.14,11.52,0.0,6.49,12.18,12.43,0.0,13.120000000000001,10.739999999999998,,,,,,,,,,,,,,,,,,,,,,,,,0.0,5.0,10.0,10.0,10.0,10.0,10.0,10.0,11.667,12.0,12.0,16.400000000000002,,,,,,,,,,,,,,,,,,,,,,,,
SIPA553,Sri Siva Durga Padalamma Agencies,E.G.Dt,Kakarapalli,,,,,AP,Active,262.5,,,,,,,,,,,,,,,,,,,,,,,,,,4.97,0.0,0.0,0.0,0.0,0.0,0.0,0.0,0.0,4.9799999999999995,0.0,,,,,,,,,,,,,,,,,,,,,,,,,0.0,0.0,10.0,12.0,10.0,10.0,10.0,0.0,0.0,0.0,0.0,6.225,,,,,,,,,,,,,,,,,,,,,,,,
SIPA554,Sri Krishna Teja General Stores,E.G.Dt,Chagallu,,,,,AP,Inactive,210.0,,,,,,,,,,,,,,,,,,,,,,,,,,4.56,0.0,0.0,0.0,0.0,0.0,0.0,0.0,0.0,,,,,,,,,,,,,,,,,,,,,,,,,,,0.0,0.0,0.0,5.0,0.0,10.0,0.0,0.0,0.0,0.0,0.0,0.0,,,,,,,,,,,,,,,,,,,,,,,,
SIPA555,Sreenidhi Steels (Gooty),Ananthapur,Gooty,,,,,AP,Inactive,231.0,,,,,,,,,,,,,,,,,,,,,,,,,,30.630000000000003,19.97,0.0,0.0,0.0,0.0,0.0,0.0,0.0,,,,,,,,,,,,,,,,,,,,,,,,,,,0.0,5.0,20.0,20.0,20.0,20.0,0.0,0.0,0.0,0.0,0.0,0.0,,,,,,,,,,,,,,,,,,,,,,,,
SIPA556,Venkateswara Hardware Stores,Krishna,Lakshmipuram,,,,,AP,Active,73.5,,,,,,,,,,,,,,,,,,,,,,,,,,,11.88,0.0,0.0,9.91,0.0,0.0,0.0,0.0,0.0,0.0,,,,,,,,,,,,,,,,,,,,,,,,,0.0,0.0,5.0,5.0,10.0,10.0,10.0,10.0,12.0,5.0,5.0,5.0,,,,,,,,,,,,,,,,,,,,,,,,
SIPA557,Kalyan Steels,Krishna,Vijayawada,,,,,AP,Active,2100.0,,,,,,,,,,,,,,,,,,,,,,,,,,,12.080000000000002,0.0,13.13,12.86,0.0,0.0,0.0,0.0,0.0,2.81,,,,,,,,,,,,,,,,,,,,,,,,,0.0,0.0,5.0,5.0,10.0,10.0,10.0,10.0,12.0,5.0,5.0,5.0,,,,,,,,,,,,,,,,,,,,,,,,
SIPA558,Lakshmi Enterprises,Cuddapah,Muddanur,,,,,AP,Active,52.5,,,,,,,,,,,,,,,,,,,,,,,,,,,12.54,0.0,11.39,0.0,0.0,0.0,11.66,0.0,0.0,7.359999999999999,,,,,,,,,,,,,,,,,,,,,,,,,0.0,0.0,10.0,10.0,10.0,10.0,10.0,10.0,10.0,10.0,10.0,10.0,,,,,,,,,,,,,,,,,,,,,,,,
SIPA559,Vijaya Krishna Iron & Cement Agencies,Guntur,Vinukonda,,,,,AP,Active,367.5,,,,,,,,,,,,,,,,,,,,,,,,,,,5.0200000000000005,0.0,12.28,13.04,0.0,11.06,11.75,0.0,0.0,0.0,,,,,,,,,,,,,,,,,,,,,,,,,0.0,0.0,10.0,10.0,10.0,10.0,10.0,10.0,12.0,12.0,12.0,0.0,,,,,,,,,,,,,,,,,,,,,,,,
SIPA560,Sri Lakshmi Ganesh Steels,E.G.Dt,Chagallu,,,,,AP,Active,210.0,,,,,,,,,,,,,,,,,,,,,,,,,,,,10.6,0.0,6.8100000000000005,0.0,11.7,0.0,0.0,0.0,10.38,,,,,,,,,,,,,,,,,,,,,,,,,0.0,0.0,10.0,5.0,10.0,10.0,10.0,10.0,10.0,10.0,10.0,0.0,,,,,,,,,,,,,,,,,,,,,,,,
SIPA561,Vizag Steel Shoppee,Krishna,Vijayawada,,,,,AP,Active,2100.0,,,,,,,,,,,,,,,,,,,,,,,,,,,,,,,4.94,0.0,0.0,0.0,0.0,0.0,,,,,,,,,,,,,,,,,,,,,,,,,0.0,0.0,5.0,0.0,0.0,0.0,10.0,10.0,12.0,12.0,12.0,12.0,,,,,,,,,,,,,,,,,,,,,,,,
SIPA562,Rampuram Traders,Ananthapur,Gudibanda,,,,,AP,Active,52.5,,,,,,,,,,,,,,,,,,,,,,,,,,,,6.01,0.0,0.0,0.0,0.0,0.0,0.0,0.0,0.0,,,,,,,,,,,,,,,,,,,,,,,,,0.0,0.0,5.0,0.0,10.0,10.0,10.0,10.0,10.0,10.0,10.0,10.0,,,,,,,,,,,,,,,,,,,,,,,,
SIPA563,Sri Bramaramba Traders,Prakasam,Peda  Araveedu,,,,,AP,Active,31.5,,,,,,,,,,,,,,,,,,,,,,,,,,,,3.03,0.0,0.0,4.54,0.0,0.0,5.67,5.65,0.0,,,,,,,,,,,,,,,,,,,,,,,,,0.0,0.0,5.0,5.0,10.0,10.0,10.0,10.0,10.0,10.0,5.0,6.0,,,,,,,,,,,,,,,,,,,,,,,,
SIPA565,Malli Enterprises K,Guntur,Kakumanu,,,,,AP,Active,105.0,,,,,,,,,,,,,,,,,,,,,,,,,,,,,7.649999999999999,4.87,13.53,0.0,8.35,11.53,14.91,12.31,,,,,,,,,,,,,,,,,,,,,,,,,0.0,0.0,5.0,0.0,10.0,10.0,10.0,10.0,10.0,10.0,10.0,18.6375,,,,,,,,,,,,,,,,,,,,,,,,
SIPA566,Dhanalaxmi Iron And General Stores ,W.G.Dt,Undi,,,,,AP,Active,525.0,,,,,,,,,,,,,,,,,,,,,,,,,,,,4.859999999999999,0.0,0.0,6.180000000000001,0.0,0.0,0.0,10.379999999999999,0.0,,,,,,,,,,,,,,,,,,,,,,,,,0.0,0.0,5.0,5.0,10.0,10.0,10.0,10.0,11.667,12.0,10.0,12.974999999999998,,,,,,,,,,,,,,,,,,,,,,,,
SIPA571,Sree Ganesh Traders,Kurnool,Yemmiganuru,,,,,AP,Active,420.0,,,,,,,,,,,,,,,,,,,,,,,,,,,,18.07,0.0,15.82,13.1,20.19,13.36,13.0,19.879999999999995,29.599999999999998,,,,,,,,,,,,,,,,,,,,,,,,,0.0,0.0,0.0,5.0,10.0,10.0,10.0,10.0,15.0,10.0,10.0,10.0,,,,,,,,,,,,,,,,,,,,,,,,
SIPA572,B.P.R Enterprises,Kurnool,C Belagala,,,,,AP,Active,31.5,,,,,,,,,,,,,,,,,,,,,,,,,,,,7.54,0.0,0.0,0.0,5.65,0.0,0.0,0.0,0.0,,,,,,,,,,,,,,,,,,,,,,,,,0.0,0.0,0.0,5.0,10.0,10.0,10.0,10.0,10.0,10.0,10.0,10.0,,,,,,,,,,,,,,,,,,,,,,,,
SIPA573,Sri Lakshmi Venkateswara Fertilisers,Cuddapah,Pullampet,,,,,AP,Active,26.25,,,,,,,,,,,,,,,,,,,,,,,,,,,,10.23,12.11,0.0,12.43,13.05,0.0,17.54,11.86,13.6,,,,,,,,,,,,,,,,,,,,,,,,,0.0,0.0,0.0,10.0,10.0,10.0,10.0,10.0,10.0,10.0,10.0,10.0,,,,,,,,,,,,,,,,,,,,,,,,
SIPA574,Shanvi Trdaers,Chittoor,Madanapalle,,,,,AP,Active,682.5,,,,,,,,,,,,,,,,,,,,,,,,,,,,,9.669999999999998,0.0,0.0,0.0,0.0,0.0,0.0,0.0,,,,,,,,,,,,,,,,,,,,,,,,,0.0,0.0,0.0,6.0,10.0,10.0,10.0,10.0,10.0,10.0,10.0,10.0,,,,,,,,,,,,,,,,,,,,,,,,
SIPA577,Sree Balaji Iron & Hardware,Ananthapur,Tadipatri,,,,,AP,Active,315.0,,,,,,,,,,,,,,,,,,,,,,,,,,,,,18.54,9.69,13.16,12.54,9.98,21.090000000000007,19.76000000000002,10.020000000000001,,,,,,,,,,,,,,,,,,,,,,,,,0.0,0.0,0.0,0.0,10.0,10.0,10.0,10.0,10.0,10.0,20.0,20.0,,,,,,,,,,,,,,,,,,,,,,,,
SIPA578,Sri Siva Bala Enterprises,Krishna,Surampalli,,,,,AP,Active,31.5,,,,,,,,,,,,,,,,,,,,,,,,,,,,,4.86,0.0,0.0,0.0,0.0,0.0,1.96,0.0,,,,,,,,,,,,,,,,,,,,,,,,,0.0,0.0,0.0,0.0,10.0,10.0,10.0,10.0,12.0,12.0,12.0,12.0,,,,,,,,,,,,,,,,,,,,,,,,
SIPA579,Image Traders,Chittoor,Damalacheruvu,,,,,AP,Active,52.5,,,,,,,,,,,,,,,,,,,,,,,,,,,,,7.67,3.13,0.0,10.33,5.42,0.0,9.74,0.0,,,,,,,,,,,,,,,,,,,,,,,,,0.0,0.0,0.0,0.0,10.0,10.0,10.0,10.0,10.0,10.0,10.0,10.0,,,,,,,,,,,,,,,,,,,,,,,,
SIPA580,Noor Traders,Chittoor,Sambepalli,,,,,AP,Active,31.5,,,,,,,,,,,,,,,,,,,,,,,,,,,,,8.219999999999999,11.78,0.0,6.78,14.9,9.14,10.020000000000001,10.04,,,,,,,,,,,,,,,,,,,,,,,,,0.0,0.0,0.0,0.0,10.0,10.0,10.0,10.0,10.0,10.0,10.0,10.0,,,,,,,,,,,,,,,,,,,,,,,,
SIPA581,Vigneswara Enterprises,Nellore,Venkatagiri,,,,,AP,Active,178.5,,,,,,,,,,,,,,,,,,,,,,,,,,,,,13.81,12.09,9.53,0.0,12.28,0.0,10.32,7.1,,,,,,,,,,,,,,,,,,,,,,,,,0.0,0.0,0.0,0.0,10.0,10.0,10.0,10.0,10.0,10.0,10.0,10.0,,,,,,,,,,,,,,,,,,,,,,,,
SIPA582,Swathi Hardwares & Cements,Cuddapah,Obulavaripalli,,,,,AP,Active,105.0,,,,,,,,,,,,,,,,,,,,,,,,,,,,,11.26,0.0,0.0,7.6,0.0,11.579999999999998,12.020000000000001,5.57,,,,,,,,,,,,,,,,,,,,,,,,,0.0,0.0,0.0,0.0,10.0,10.0,10.0,10.0,10.0,10.0,10.0,10.0,,,,,,,,,,,,,,,,,,,,,,,,
SIPA584,Dhanalakshmi Enterprises (New),E.G.Dt,Mandapeta,,,,,AP,Active,367.5,,,,,,,,,,,,,,,,,,,,,,,,,,,,,12.04,0.0,0.0,31.620000000000005,0.0,0.0,10.299999999999999,,,,,,,,,,,,,,,,,,,,,,,,,,0.0,0.0,0.0,0.0,10.0,10.0,10.0,10.0,20.0,10.0,10.0,0.0,,,,,,,,,,,,,,,,,,,,,,,,
SIPA586,Samrat Kurnool Sbp,,Kurnool,,,,,,,,,,,,,,,,,,,,,,,,,,,,,,,,,,,,,,,,,,,0.0,,,,,,,,,,,,,,,,,,,,,,,,,,,,,,,,,,,,,,,,,,,,,,,,,,,,,,,,,,,,
SIPA587,Samrat Cuddapah Sbp,,Cuddapah,,,,,,,,,,,,,,,,,,,,,,,,,,,,,,,,,,,,,,,,,,,0.0,,,,,,,,,,,,,,,,,,,,,,,,,,,,,,,,,,,,,,,,,,,,,,,,,,,,,,,,,,,,
SIPA588,Samrat Guntur Sbp,,Guntur,,,,,,,,,,,,,,,,,,,,,,,,,,,,,,,,,,,,,,,,,,,0.0,,,,,,,,,,,,,,,,,,,,,,,,,,,,,,,,,,,,,,,,,,,,,,,,,,,,,,,,,,,,
SIPA590,Labbaik Steels,Ananthapur,Hindupur,,,,,AP,Active,682.5,,,,,,,,,,,,,,,,,,,,,,,,,,,,,,30.27,0.0,0.0,0.0,0.0,0.0,0.0,,,,,,,,,,,,,,,,,,,,,,,,,0.0,0.0,0.0,0.0,0.0,10.0,10.0,10.0,20.0,10.0,10.0,10.0,,,,,,,,,,,,,,,,,,,,,,,,
SIPA591,GVR Traders,Guntur,Sattenapalli,,,,,AP,Active,210.0,,,,,,,,,,,,,,,,,,,,,,,,,,,,,,13.62,11.23,0.0,12.47,0.0,12.51,11.87,,,,,,,,,,,,,,,,,,,,,,,,,0.0,0.0,0.0,0.0,0.0,10.0,10.0,10.0,12.0,12.0,12.0,11.6375,,,,,,,,,,,,,,,,,,,,,,,,
SIPA592,R K Agencies,Kurnool,Nandyal,,,,,AP,Active,1050.0,,,,,,,,,,,,,,,,,,,,,,,,,,,,,,14.89,0.0,9.87,5.1,8.879999999999999,11.2,30.32,,,,,,,,,,,,,,,,,,,,,,,,,0.0,0.0,0.0,0.0,0.0,10.0,10.0,10.0,10.0,10.0,10.0,10.0,,,,,,,,,,,,,,,,,,,,,,,,
SIPA593,Venkatalakshmi Traders,Cuddapah,Mydukur,,,,,AP,Active,168.0,,,,,,,,,,,,,,,,,,,,,,,,,,,,,,12.830000000000002,4.83,10.02,0.0,0.0,6.56,11.91,,,,,,,,,,,,,,,,,,,,,,,,,0.0,0.0,0.0,0.0,0.0,10.0,10.0,10.0,10.0,10.0,10.0,10.0,,,,,,,,,,,,,,,,,,,,,,,,
SIPA594,Sri Sambasiva Enterprises,Guntur,Bapatla,,,,,AP,Active,210.0,,,,,,,,,,,,,,,,,,,,,,,,,,,,,,4.539999999999999,0.0,5.01,6.03,4.94,4.5,7.58,,,,,,,,,,,,,,,,,,,,,,,,,0.0,0.0,0.0,0.0,0.0,10.0,10.0,10.0,10.0,10.0,10.0,5.625,,,,,,,,,,,,,,,,,,,,,,,,
SIPA595,Sandeep Enterprises,W.G.Dt,Akividu,,,,,AP,Active,105.0,,,,,,,,,,,,,,,,,,,,,,,,,,,,,,9.88,0.0,0.0,7.62,0.0,0.0,0.0,,,,,,,,,,,,,,,,,,,,,,,,,0.0,0.0,0.0,0.0,0.0,10.0,10.0,10.0,11.667,12.0,10.0,0.0,,,,,,,,,,,,,,,,,,,,,,,,
SIPA596,Sree Lakshmi Devi Traders,Krishna,Avanigadda,,,,,AP,Active,126.0,,,,,,,,,,,,,,,,,,,,,,,,,,,,,,12.1,9.4,11.93,11.52,0.0,0.0,12.68,,,,,,,,,,,,,,,,,,,,,,,,,0.0,0.0,0.0,0.0,0.0,10.0,10.0,10.0,12.0,12.0,12.0,12.0,,,,,,,,,,,,,,,,,,,,,,,,
SIPA597,Suramma Steel & Cement,Vizianagaram,Bobbili,,,,,AP,Active,315.0,,,,,,,,,,,,,,,,,,,,,,,,,,,,,,20.2,0.0,0.0,20.35,0.0,18.400000000000002,0.0,,,,,,,,,,,,,,,,,,,,,,,,,0.0,0.0,0.0,0.0,0.0,10.0,10.0,10.0,12.0,12.0,12.0,23.000000000000004,,,,,,,,,,,,,,,,,,,,,,,,
SIPA598,Sai Baba Traders,Prakasam,Ongole,,,,,AP,Active,525.0,,,,,,,,,,,,,,,,,,,,,,,,,,,,,,19.99,20.16,12.38,12.12,0.0,15.22,0.0,,,,,,,,,,,,,,,,,,,,,,,,,0.0,0.0,0.0,0.0,0.0,10.0,10.0,10.0,10.0,15.0,15.0,15.0,,,,,,,,,,,,,,,,,,,,,,,,
SIPA599,New Anantapur Steels and Cements,Ananthapur,Ananthapur,,,,,AP,Active,2100.0,,,,,,,,,,,,,,,,,,,,,,,,,,,,,,13.44,0.0,16.51,0.0,24.5,15.64,28.159999999999997,,,,,,,,,,,,,,,,,,,,,,,,,0.0,0.0,0.0,0.0,0.0,10.0,10.0,10.0,10.0,10.0,15.0,15.0,,,,,,,,,,,,,,,,,,,,,,,,
SIPA600,Sri Lakshmi Srinivasa Agencies,Guntur,Krosuru,,,,,AP,Active,105.0,,,,,,,,,,,,,,,,,,,,,,,,,,,,,,,,4.699999999999999,0.0,0.0,0.0,0.0,,,,,,,,,,,,,,,,,,,,,,,,,0.0,0.0,0.0,0.0,0.0,10.0,0.0,10.0,12.0,12.0,12.0,0.0,,,,,,,,,,,,,,,,,,,,,,,,
SIPA601,D S R Cement Marketing,Kurnool,Kurnool,,,,,AP,Active,2625.0,,,,,,,,,,,,,,,,,,,,,,,,,,,,,,7.7,40.93000000000001,22.38,26.5,51.42000000000001,51.88,61.040000000000006,,,,,,,,,,,,,,,,,,,,,,,,,0.0,0.0,0.0,0.0,0.0,10.0,10.0,10.0,20.0,10.0,25.0,25.0,,,,,,,,,,,,,,,,,,,,,,,,
SIPA602,Sri Mukesh Traders,Visakhapatnam,Pinagadi,,,,,AP,Active,420.0,,,,,,,,,,,,,,,,,,,,,,,,,,,,,,6.35,4.159999999999999,0.0,10.14,0.0,0.0,0.0,,,,,,,,,,,,,,,,,,,,,,,,,0.0,0.0,0.0,0.0,0.0,0.0,10.0,10.0,10.0,10.0,10.0,0.0,,,,,,,,,,,,,,,,,,,,,,,,
SIPA603,Sri Kanaka Mahalakshmi Enterprises,Vizianagaram,S Kota,,,,,AP,Active,105.0,,,,,,,,,,,,,,,,,,,,,,,,,,,,,,5.28,0.0,0.0,0.0,0.0,0.0,0.0,,,,,,,,,,,,,,,,,,,,,,,,,0.0,0.0,0.0,0.0,0.0,0.0,10.0,10.0,12.0,10.0,0.0,0.0,,,,,,,,,,,,,,,,,,,,,,,,
SIPA604,Sri Balaji Traders,Ananthapur,Hindupur,,,,,AP,Active,682.5,,,,,,,,,,,,,,,,,,,,,,,,,,,,,,,35.0,0.0,20.11,19.840000000000003,24.61000000000001,24.82,,,,,,,,,,,,,,,,,,,,,,,,,0.0,0.0,0.0,0.0,0.0,0.0,10.0,10.0,20.0,10.0,25.0,25.0,,,,,,,,,,,,,,,,,,,,,,,,
SIPA605,Sri Sapthagiri Enterprises,Ananthapur,Hindupur,,,,,AP,Active,682.5,,,,,,,,,,,,,,,,,,,,,,,,,,,,,,,40.77,15.02,9.919999999999998,9.86,14.34,14.98,,,,,,,,,,,,,,,,,,,,,,,,,0.0,0.0,0.0,0.0,0.0,0.0,10.0,10.0,20.0,10.0,25.0,25.0,,,,,,,,,,,,,,,,,,,,,,,,
SIPA606,Sri Vijayawada Steels & Cements,E.G.Dt,Tuni,,,,,AP,Active,630.0,,,,,,,,,,,,,,,,,,,,,,,,,,,,,,,6.01,0.0,0.0,0.0,0.0,5.930000000000001,,,,,,,,,,,,,,,,,,,,,,,,,0.0,0.0,0.0,0.0,0.0,0.0,10.0,10.0,10.0,10.0,10.0,0.0,,,,,,,,,,,,,,,,,,,,,,,,
SIPA607,SSV Steel Corporation,Guntur,Nallacheruvu,,,,,AP,Active,52.5,,,,,,,,,,,,,,,,,,,,,,,,,,,,,,,11.32,0.0,11.9,12.9,12.739999999999991,0.0,,,,,,,,,,,,,,,,,,,,,,,,,0.0,0.0,0.0,0.0,0.0,0.0,10.0,10.0,12.0,12.0,12.0,15.92499999999999,,,,,,,,,,,,,,,,,,,,,,,,
SIPA608,Sri Vijayalakshmi Steels,Vizianagaram,Parvathipuram,,,,,AP,Active,525.0,,,,,,,,,,,,,,,,,,,,,,,,,,,,,,,,13.27,0.0,15.02,14.92,0.0,,,,,,,,,,,,,,,,,,,,,,,,,0.0,0.0,0.0,0.0,0.0,0.0,0.0,10.0,10.0,10.0,10.0,18.65,,,,,,,,,,,,,,,,,,,,,,,,
SIPA609,Sri Leelaram Steel Traders,Guntur,Guntur,,,,,AP,Active,1260.0,,,,,,,,,,,,,,,,,,,,,,,,,,,,,,,14.34,13.509999999999998,14.55,12.27,11.94,12.13,,,,,,,,,,,,,,,,,,,,,,,,,0.0,0.0,0.0,0.0,0.0,0.0,10.0,10.0,12.0,12.0,12.0,14.924999999999999,,,,,,,,,,,,,,,,,,,,,,,,
SIPA610,Uma Dhana Lakshmi Building Materials,Visakhapatnam,Madhurawada -Vskp,,,,,AP,Active,420.0,,,,,,,,,,,,,,,,,,,,,,,,,,,,,,,7.109999999999999,7.33,5.59,5.01,7.65,4.49,,,,,,,,,,,,,,,,,,,,,,,,,0.0,0.0,0.0,0.0,0.0,0.0,10.0,10.0,10.0,10.0,10.0,9.5625,,,,,,,,,,,,,,,,,,,,,,,,
SIPA611,Sri Vijaya Ganapathi Traders,Nellore,Nadidupet,,,,,AP,Active,262.5,,,,,,,,,,,,,,,,,,,,,,,,,,,,,,,20.360000000000003,0.0,9.8,9.54,0.0,0.0,,,,,,,,,,,,,,,,,,,,,,,,,0.0,0.0,0.0,0.0,0.0,0.0,10.0,10.0,10.0,10.0,10.0,10.0,,,,,,,,,,,,,,,,,,,,,,,,
SIPA612,Sri Srinivasa Steel And Cement,Ananthapur,Kokkanti,,,,,AP,Active,84.0,,,,,,,,,,,,,,,,,,,,,,,,,,,,,,,8.61,0.0,0.0,9.47,0.0,9.83,,,,,,,,,,,,,,,,,,,,,,,,,0.0,0.0,0.0,0.0,0.0,0.0,10.0,10.0,10.0,10.0,10.0,10.0,,,,,,,,,,,,,,,,,,,,,,,,
SIPA613,Sri Nagarangam Traders,Kurnool,Kurnool,,,,,AP,Active,2625.0,,,,,,,,,,,,,,,,,,,,,,,,,,,,,,,,5.51,0.0,0.0,5.5,0.0,,,,,,,,,,,,,,,,,,,,,,,,,0.0,0.0,0.0,0.0,0.0,0.0,0.0,10.0,10.0,10.0,10.0,10.0,,,,,,,,,,,,,,,,,,,,,,,,
SIPA614,Jai Sriram Nareshkumar Industries Llp,Chittoor,Madanapalli,,,,,AP,Active,682.5,,,,,,,,,,,,,,,,,,,,,,,,,,,,,,,,25.17,11.7,19.34,0.0,28.72,,,,,,,,,,,,,,,,,,,,,,,,,0.0,0.0,0.0,0.0,0.0,0.0,0.0,10.0,20.0,20.0,20.0,20.0,,,,,,,,,,,,,,,,,,,,,,,,
SIPA615,New Sri Hanuman Iron Mart,Kurnool,Adhoni,,,,,AP,Active,262.5,,,,,,,,,,,,,,,,,,,,,,,,,,,,,,,,16.79,20.780000000000005,36.00000000000001,30.38,65.34,,,,,,,,,,,,,,,,,,,,,,,,,0.0,0.0,0.0,0.0,0.0,0.0,0.0,10.0,15.0,20.0,30.0,30.0,,,,,,,,,,,,,,,,,,,,,,,,
SIPA616,Achyutha Ramayya Cement And General Stores,E.G.Dt,Lankalagannavaram,,,,,AP,Active,52.5,,,,,,,,,,,,,,,,,,,,,,,,,,,,,,,,10.96,22.85,19.2,40.67,39.620000000000005,,,,,,,,,,,,,,,,,,,,,,,,,0.0,0.0,0.0,0.0,0.0,0.0,0.0,10.0,10.0,12.0,12.0,50.837500000000006,,,,,,,,,,,,,,,,,,,,,,,,
SIPA617,Sri Vasavi Infra,E.G.Dt,Ravulapalem,,,,,AP,Active,262.5,,,,,,,,,,,,,,,,,,,,,,,,,,,,,,,,10.7,0.0,4.19,0.0,4.66,,,,,,,,,,,,,,,,,,,,,,,,,0.0,0.0,0.0,0.0,0.0,0.0,0.0,10.0,10.0,10.0,10.0,0.0,,,,,,,,,,,,,,,,,,,,,,,,
SIPA618,Himalaya Enterprises,Kurnool,Bethamcherla,,,,,AP,Active,105.0,,,,,,,,,,,,,,,,,,,,,,,,,,,,,,,,12.44,0.0,0.0,11.84,10.540000000000001,,,,,,,,,,,,,,,,,,,,,,,,,0.0,0.0,0.0,0.0,0.0,0.0,0.0,10.0,10.0,10.0,10.0,10.0,,,,,,,,,,,,,,,,,,,,,,,,
SIPA619,Sri Simhadri Steels,E.G.Dt,Rajahmundry,,,,,AP,Active,1575.0,,,,,,,,,,,,,,,,,,,,,,,,,,,,,,,,23.61,21.56,0.0,0.0,0.0,,,,,,,,,,,,,,,,,,,,,,,,,0.0,0.0,0.0,0.0,0.0,0.0,0.0,10.0,25.0,25.0,25.0,0.0,,,,,,,,,,,,,,,,,,,,,,,,
SIPA620,Mahadev Steel Traders,Ananthapur,Amarapuram,,,,,AP,Active,105.0,,,,,,,,,,,,,,,,,,,,,,,,,,,,,,,,13.51,0.0,0.0,16.400000000000002,0.0,,,,,,,,,,,,,,,,,,,,,,,,,0.0,0.0,0.0,0.0,0.0,0.0,0.0,10.0,10.0,10.0,10.0,10.0,,,,,,,,,,,,,,,,,,,,,,,,
SIPA621,Kakinada Steel Corporation,E.G.Dt,Nadakuduru,,,,,AP,Active,,,,,,,,,,,,,,,,,,,,,,,,,,,,,,,,,12.02,0.0,0.0,5.96,7.46,,,,,,,,,,,,,,,,,,,,,,,,,0.0,0.0,0.0,0.0,0.0,0.0,0.0,10.0,12.0,12.0,12.0,7.45,,,,,,,,,,,,,,,,,,,,,,,,
SIPA623,Kumpatla Venkata Rao Steels,W.G.Dt,Pengonda,,,,,AP,Active,105.0,,,,,,,,,,,,,,,,,,,,,,,,,,,,,,,,,12.41,0.0,0.0,0.0,,,,,,,,,,,,,,,,,,,,,,,,,0.0,0.0,0.0,0.0,0.0,0.0,0.0,0.0,0.0,10.0,10.0,0.0,,,,,,,,,,,,,,,,,,,,,,,,
SIPA624,Shri Ramdev Steel Traders,Ananthapur,Kalyanadurgam,,,,,AP,Active,,,,,,,,,,,,,,,,,,,,,,,,,,,,,,,,,,5.86,0.0,0.0,0.0,,,,,,,,,,,,,,,,,,,,,,,,,0.0,0.0,0.0,0.0,0.0,0.0,0.0,0.0,5.0,5.0,10.0,10.0,,,,,,,,,,,,,,,,,,,,,,,,
SIPA625,KSN TRADERS ,Visakhapatnam,Chodavaram,,,,,AP,Active,,,,,,,,,,,,,,,,,,,,,,,,,,,,,,,,,,,0.0,0.0,0.0,,,,,,,,,,,,,,,,,,,,,,,,,0.0,0.0,0.0,0.0,0.0,0.0,0.0,0.0,0.0,0.0,0.0,0.0,,,,,,,,,,,,,,,,,,,,,,,,
SIPA627,Sri Ganapathi Steel Corporation,E.G.Dt,Venkatayapalem,,,,,AP,Active,262.5,,,,,,,,,,,,,,,,,,,,,,,,,,,,,,,,,26.39,9.82,14.09,25.03,,,,,,,,,,,,,,,,,,,,,,,,,0.0,0.0,0.0,0.0,0.0,0.0,0.0,0.0,12.0,10.0,10.0,17.6125,,,,,,,,,,,,,,,,,,,,,,,,
SIPA629,Harun Agencies,Chittoor,Sodum,,,,,AP,Active,52.5,,,,,,,,,,,,,,,,,,,,,,,,,,,,,,,,,9.9,0.0,9.78,0.0,,,,,,,,,,,,,,,,,,,,,,,,,0.0,0.0,0.0,0.0,0.0,0.0,0.0,0.0,10.0,10.0,6.0,6.0,,,,,,,,,,,,,,,,,,,,,,,,
SIPA630,Godavari Steels,E.G.Dt,Nidadavole,,,,,AP,Active,157.5,,,,,,,,,,,,,,,,,,,,,,,,,,,,,,,,,12.31,0.0,0.0,0.0,,,,,,,,,,,,,,,,,,,,,,,,,0.0,0.0,0.0,0.0,0.0,0.0,0.0,0.0,25.0,12.0,12.0,0.0,,,,,,,,,,,,,,,,,,,,,,,,
SIPA631,Sri Lakshmi Nandhini Electrical & Traders,Cuddapah,Rajupalem,,,,,AP,Active,105.0,,,,,,,,,,,,,,,,,,,,,,,,,,,,,,,,,4.98,0.0,0.0,0.0,,,,,,,,,,,,,,,,,,,,,,,,,0.0,0.0,0.0,0.0,0.0,0.0,0.0,0.0,10.0,10.0,10.0,10.0,,,,,,,,,,,,,,,,,,,,,,,,
SIPA632,Naidu Enterprises,Vizianagaram,Pachipenta,,,,,AP,Active,,,,,,,,,,,,,,,,,,,,,,,,,,,,,,,,,,8.780000000000001,9.82,0.0,8.91,,,,,,,,,,,,,,,,,,,,,,,,,0.0,0.0,0.0,0.0,0.0,0.0,0.0,0.0,10.0,10.0,10.0,0.0,,,,,,,,,,,,,,,,,,,,,,,,
SIPA633,Rajahmundry Steels,E.G.Dt,Rajahmundry,,,,,AP,Active,1575.0,,,,,,,,,,,,,,,,,,,,,,,,,,,,,,,,,51.08999999999999,0.0,20.030000000000015,24.309999999999974,,,,,,,,,,,,,,,,,,,,,,,,,0.0,0.0,0.0,0.0,0.0,0.0,0.0,0.0,50.0,50.0,50.0,25.03750000000002,,,,,,,,,,,,,,,,,,,,,,,,
SIPA634,Vamana Enterprises,Prakasam,Giddalur,,,,,AP,Active,115.5,,,,,,,,,,,,,,,,,,,,,,,,,,,,,,,,,12.409999999999998,0.0,0.0,0.0,,,,,,,,,,,,,,,,,,,,,,,,,0.0,0.0,0.0,0.0,0.0,0.0,0.0,0.0,10.0,12.0,12.0,12.0,,,,,,,,,,,,,,,,,,,,,,,,
SIPA635,Sri Gowri Sankar Trading Company,Krishna,Kankipadu,,,,,AP,Active,,,,,,,,,,,,,,,,,,,,,,,,,,,,,,,,,,,7.119999999999999,0.0,1.87,,,,,,,,,,,,,,,,,,,,,,,,,0.0,0.0,0.0,0.0,0.0,0.0,0.0,0.0,0.0,10.0,10.0,10.0,,,,,,,,,,,,,,,,,,,,,,,,
SIPA636,Srinivasa Agencies,,Karempudi,,,,,,,,,,,,,,,,,,,,,,,,,,,,,,,,,,,,,,,,,,10.18,11.78,,,,,,,,,,,,,,,,,,,,,,,,,,,,,,,,,,,,,,,,,,,,,,,,,,,,,,,,,,,,
SIPA637,Poorna Traders,Guntur,Kanagala,,,,,AP,Active,,,,,,,,,,,,,,,,,,,,,,,,,,,,,,,,,,,4.15,0.0,7.659999999999999,,,,,,,,,,,,,,,,,,,,,,,,,0.0,0.0,0.0,0.0,0.0,0.0,0.0,0.0,0.0,5.0,5.0,0.0,,,,,,,,,,,,,,,,,,,,,,,,
SIPA638,Naga Siddhartha Traders,,Koilkuntla,,,,,,,,,,,,,,,,,,,,,,,,,,,,,,,,,,,,,,,,,,11.66,0.0,,,,,,,,,,,,,,,,,,,,,,,,,,,,,,,,,,,,,,,,,,,,,,,,,,,,,,,,,,,,
SIPA639,Sri Shiva Sakthi Enterprises,,Parvathipuram,,,,,,,,,,,,,,,,,,,,,,,,,,,,,,,,,,,,,,,,,,14.24,9.6,,,,,,,,,,,,,,,,,,,,,,,,,,,,,,,,,,,,,,,,,,,,,,,,,,,,,,,,,,,,
SIPA640,Hujoor Enterprises,,Odc-Atp,,,,,,,,,,,,,,,,,,,,,,,,,,,,,,,,,,,,,,,,,,8.82,0.0,,,,,,,,,,,,,,,,,,,,,,,,,,,,,,,,,,,,,,,,,,,,,,,,,,,,,,,,,,,,
SIPA641,Gani Iron And Steel City,,Dwarapudi,,,,,,,,,,,,,,,,,,,,,,,,,,,,,,,,,,,,,,,,,,,53.57,,,,,,,,,,,,,,,,,,,,,,,,,,,,,,,,,,,,,,,,,,,,,,,,,,,,,,,,,,,,
SIPA642,Vijayalakshmi Iron & Cements,,Chirala,,,,,,,,,,,,,,,,,,,,,,,,,,,,,,,,,,,,,,,,,,,34.260000000000005,,,,,,,,,,,,,,,,,,,,,,,,,,,,,,,,,,,,,,,,,,,,,,,,,,,,,,,,,,,,
SIPA643,Sai Vinayaka Enterprises,,Rajanagaram,,,,,,,,,,,,,,,,,,,,,,,,,,,,,,,,,,,,,,,,,,,4.75,,,,,,,,,,,,,,,,,,,,,,,,,,,,,,,,,,,,,,,,,,,,,,,,,,,,,,,,,,,,
SIPA644,Sri Mahalakshmi Steel,,Malikipuram,,,,,,,,,,,,,,,,,,,,,,,,,,,,,,,,,,,,,,,,,,,9.690000000000001,,,,,,,,,,,,,,,,,,,,,,,,,,,,,,,,,,,,,,,,,,,,,,,,,,,,,,,,,,,,
SIPA645,Sri Lakshmi Iron Traders,,Chirala,,,,,,,,,,,,,,,,,,,,,,,,,,,,,,,,,,,,,,,,,,,23.08,,,,,,,,,,,,,,,,,,,,,,,,,,,,,,,,,,,,,,,,,,,,,,,,,,,,,,,,,,,,
SIPA646,Sri Sai Lakshmi Agencies,,Ambajipeta,,,,,,,,,,,,,,,,,,,,,,,,,,,,,,,,,,,,,,,,,,,12.74,,,,,,,,,,,,,,,,,,,,,,,,,,,,,,,,,,,,,,,,,,,,,,,,,,,,,,,,,,,,
SIPA647,Guru Mahesh Iron & Cement Traders,,Proddatur,,,,,,,,,,,,,,,,,,,,,,,,,,,,,,,,,,,,,,,,,,,29.54,,,,,,,,,,,,,,,,,,,,,,,,,,,,,,,,,,,,,,,,,,,,,,,,,,,,,,,,,,,,
SIPT001,Meghraj Omprakash,Adilabad,Adilabad,Non-Exclusive,708972.0,157910.0,450.4500000000001,TG,Active,1000.0,32.0,37.0,13.0,25.0,16.0,32.0,32.0,37.0,41.0,74.0,39.0,44.0,46.0,47.0,46.0,48.0,72.0,21.0,22.0,32.0,0.0,26.0,25.0,29.0,52.24,42.17,50.53999999999999,40.28,35.01,30.300000000000004,51.11,29.96,0.0,29.74,29.94,58.92,60.0,35.0,30.0,30.0,30.0,30.0,30.0,39.0,39.0,39.0,39.0,39.0,40.0,45.0,45.0,45.0,45.0,45.0,45.0,45.0,50.0,50.0,50.0,30.0,35.0,40.0,50.0,40.0,45.0,45.0,50.0,50.0,50.0,30.0,30.0,35.0,36.0764083862305,45.6191787719727,17.8765392303467,26.0517997741699,33.9894218444824,43.8953018188477,29.5969696044922,60.0,69.4944534301758,133.489791870117,41.5262908935547,450.793701171875,402.0,442.0,440.0,464.0,463.0,413.0,416.0,436.0,426.0,454.0,427.0,429.0
SIPT007,,Mancherial,Luxettipet,Non-Exclusive,807037.0,50674.0,10.5,,,,13.0,0.0,19.0,20.0,0.0,0.0,7.0,7.0,13.0,0.0,4.0,3.0,0.0,0.0,0.0,0.0,0.0,0.0,0.0,0.0,0.0,0.0,0.0,0.0,,,,,,,,,,,,,12.0,12.0,12.0,12.0,12.0,0.0,0.0,5.0,5.0,5.0,5.0,9.0,5.0,10.0,0.0,0.0,0.0,0.0,0.0,0.0,0.0,0.0,0.0,0.0,,,,,,,,,,,,,22.6775493621826,252.147155761719,252.451965332031,251.889343261719,252.46989440918,253.109680175781,250.568801879883,20.0,251.36247253418,268.013214111328,252.073486328125,23.318000793457,21.0,11.0,10.0,10.0,10.0,10.0,10.0,10.0,10.0,10.0,10.0,10.0
SIPT008,Raj Trading Co.,Mancherial,Mancherial,Exclusive,807037.0,86911.0,347.55,TG,Active,800.0,101.0,90.0,135.0,72.0,78.0,101.0,64.0,81.0,71.0,82.0,101.0,91.0,112.0,83.0,100.0,67.0,86.0,40.0,101.0,57.0,93.0,47.0,44.0,97.0,111.87999999999998,67.48,72.8,74.00000000000001,87.07,84.66,67.8,31.36,63.78,45.19,60.169999999999995,66.51,100.0,100.0,90.0,110.0,110.0,100.0,100.0,128.0,128.0,128.0,128.0,128.0,100.0,100.0,100.0,100.0,100.0,100.0,100.0,100.0,125.0,125.0,125.0,80.0,80.0,100.0,100.0,100.0,100.0,100.0,110.0,110.0,80.0,60.0,60.0,65.0,194.524353027344,65.6338119506836,161.471130371094,155.0,14.5717697143555,66.202880859375,71.0212936401367,140.0,54.2904205322266,103.302017211914,61.3558082580566,410.830383300781,336.0,413.0,404.0,388.0,381.0,348.0,401.0,356.0,501.0,374.0,335.0,331.0
SIPT010,Sri Laxmi Narasimhaswamy Iron And Steel,Nirmal,Nirmal,Non-Exclusive,709418.0,32034.0,102.9,TG,Active,800.0,30.0,71.0,75.0,49.0,25.0,45.0,54.0,45.0,50.0,75.0,60.0,47.0,0.0,73.0,26.0,25.0,50.0,17.0,46.0,25.0,50.0,0.0,25.0,39.0,50.53,67.67,42.46,48.2,42.14,20.48,49.71,51.17,34.78,30.02,74.61,65.43,55.0,40.0,40.0,50.0,50.0,40.0,40.0,73.0,73.0,73.0,73.0,73.0,60.0,60.0,60.0,60.0,60.0,60.0,60.0,50.0,80.0,55.0,50.0,30.0,35.0,40.0,50.0,40.0,40.0,40.0,50.0,50.0,50.0,30.0,30.0,35.0,72.2406234741211,70.9818801879883,151.505554199219,127.072280883789,40.8708801269531,43.7858505249023,26.1236000061035,60.0,34.9461288452148,81.2093811035156,22.739839553833,122.84880065918,106.0,82.0,180.0,75.0,75.0,75.0,75.0,75.0,309.0,75.0,76.0,98.0
SIPT014,Jairaj Steel Distributors,Hyderabad,Balkampet,Non-Exclusive,3943323.0,,0.0,TG,Active,3000.0,113.0,91.0,105.0,57.0,106.0,91.0,33.0,90.0,107.0,63.0,67.0,97.0,74.0,132.0,138.0,142.0,196.0,109.0,158.0,80.0,139.0,98.0,109.0,99.0,104.73,124.5,84.15,84.36999999999998,86.70000000000002,81.38,42.66000000000001,71.21000000000001,100.0,51.53999999999999,44.039999999999964,106.53999999999996,100.0,100.0,90.0,90.0,90.0,90.0,90.0,119.0,119.0,119.0,119.0,119.0,120.0,150.0,150.0,150.0,150.0,130.0,130.0,130.0,130.0,200.0,150.0,120.0,120.0,120.0,130.0,130.0,150.0,150.0,150.0,150.0,100.0,100.0,100.0,110.0,158.128646850586,116.235481262207,80.6091995239258,155.121124267578,130.921981811523,103.79322052002,73.1646194458008,270.0,130.239196777344,130.59504699707,132.292556762695,600.740173339844,593.0,119.0,151.0,151.0,171.0,130.0,71.0,0.0,0.0,1.0,0.0,0.0
SIPT017,Dwaraka Steels,Medchal - Malkajgiri,Boduppal,Non-Exclusive,2460095.0,,113.4,TG,Active,600.0,25.0,25.0,21.0,42.0,53.0,50.0,52.0,61.0,12.0,27.0,22.0,58.0,50.0,30.0,61.0,0.0,39.0,0.0,0.0,30.0,0.0,0.0,0.0,0.0,0.0,0.0,0.0,0.0,0.0,0.0,0.0,0.0,14.09,29.39,11.950000000000001,15.979999999999999,60.0,60.0,50.0,40.0,40.0,45.0,50.0,56.0,56.0,56.0,56.0,56.0,56.0,65.0,65.0,65.0,0.0,0.0,0.0,0.0,0.0,0.0,0.0,0.0,0.0,0.0,0.0,0.0,0.0,0.0,0.0,0.0,10.0,10.0,10.0,11.0,57.2692718505859,29.6145191192627,65.7949600219727,50.8241004943848,78.4473419189453,43.650520324707,67.4752426147461,60.0,65.0941314697266,57.6710510253906,79.5067977905273,257.338623046875,309.0,117.0,135.0,105.0,100.0,100.0,100.0,102.0,100.0,100.0,100.0,108.0
SIPT020,Srinivasa Steel Traders (C),Rangareddy,Champapet,Non-Exclusive,2426243.0,369034.0,346.5,TG,Active,600.0,50.0,26.0,47.0,38.0,40.0,41.0,10.0,41.0,25.0,47.0,16.0,50.0,10.0,25.0,22.0,10.0,25.0,37.0,20.0,20.0,25.0,25.0,26.0,9.0,25.61,25.26,25.28,20.15000000000001,30.15000000000001,29.92,20.14,0.0,19.98,19.56,19.58,19.96,40.0,45.0,35.0,35.0,35.0,40.0,45.0,53.0,53.0,53.0,53.0,53.0,50.0,60.0,50.0,50.0,40.0,40.0,40.0,40.0,40.0,40.0,40.0,20.0,20.0,20.0,20.0,20.0,30.0,30.0,30.0,30.0,30.0,20.0,20.0,22.0,100.944206237793,67.9484176635742,70.4073791503906,58.6712913513184,60.7468681335449,30.57373046875,16.5170497894287,120.0,2.63212990760803,43.8237495422363,30.2747898101807,401.3798828125,412.0,351.0,351.0,310.0,363.0,320.0,300.0,319.0,351.0,326.0,352.0,330.0
SIPT024,,Rangareddy,Gowlidoddi,Non-Exclusive,2426243.0,,0.0,,,,0.0,0.0,0.0,0.0,0.0,0.0,0.0,0.0,0.0,0.0,0.0,0.0,,,,,,,,,,,,,,,,,,,,,,,,,0.0,0.0,0.0,0.0,0.0,0.0,0.0,0.0,0.0,0.0,0.0,0.0,0.0,0.0,0.0,0.0,0.0,0.0,0.0,0.0,0.0,0.0,0.0,0.0,,,,,,,,,,,,,0.0,0.0,5.0,5.0,5.0,5.0,0.0,80.0,0.0,0.0,0.0,0.0,0.0,0.0,0.0,0.0,0.0,0.0,0.0,0.0,0.0,0.0,0.0,0.0
SIPT025,,Hyderabad,Gudimalkapur,Non-Exclusive,3943323.0,,0.0,,,,0.0,0.0,0.0,0.0,0.0,0.0,0.0,0.0,0.0,0.0,0.0,0.0,,,,,,,,,,,,,,,,,,,,,,,,,0.0,0.0,0.0,0.0,0.0,0.0,0.0,0.0,0.0,0.0,0.0,0.0,0.0,0.0,0.0,0.0,0.0,0.0,0.0,0.0,0.0,0.0,0.0,0.0,,,,,,,,,,,,,0.0,0.0,5.0,5.0,5.0,5.0,0.0,50.0,0.0,0.0,0.0,0.0,0.0,0.0,0.0,0.0,0.0,0.0,0.0,0.0,0.0,0.0,0.0,0.0
SIPT026,Sri Rama Steel Agencies,Rangareddy,Hayath Nagar,Non-Exclusive,2426243.0,121590.0,108.15,TG,Active,210.0,21.0,0.0,19.0,20.0,13.0,35.0,35.0,12.0,49.0,22.0,49.0,48.0,20.0,26.0,40.0,19.0,56.0,12.0,20.0,20.0,20.0,0.0,15.0,35.0,26.33,25.24,27.16,28.96999999999999,37.93,29.97,40.67,38.88999999999999,49.68,49.39,44.06,41.370000000000005,55.0,55.0,55.0,40.0,35.0,35.0,35.0,48.0,48.0,48.0,48.0,48.0,45.0,55.0,55.0,55.0,55.0,50.0,50.0,50.0,50.0,50.0,50.0,25.0,25.0,25.0,40.0,40.0,30.0,30.0,30.0,30.0,35.0,40.0,40.0,55.0,62.1025314331055,5.5077600479126,66.1513137817383,60.1276206970215,20.4884605407715,36.0339508056641,36.3678398132324,140.0,5.95618009567261,6.76417016983032,51.9179916381836,395.344879150391,418.0,105.0,104.0,100.0,136.0,123.0,100.0,150.0,134.0,105.0,102.0,103.0
SIPT031,Srinivasa Steel Traders (H),Medchal - Malkajgiri,Kukatpally,Non-Exclusive,2460095.0,254086.0,109.2,TG,Active,2500.0,36.0,47.0,36.0,61.0,11.0,50.0,18.0,14.0,13.0,110.0,22.0,65.0,43.0,53.0,66.0,52.0,50.0,0.0,29.0,39.0,58.0,21.0,36.0,26.0,40.25,59.73,58.16,31.770000000000003,58.82000000000001,50.85,36.85,49.64,54.34,58.97,74.97,79.15999999999998,70.0,70.0,60.0,50.0,60.0,60.0,60.0,91.0,91.0,91.0,91.0,91.0,70.0,50.0,50.0,50.0,50.0,50.0,50.0,50.0,50.0,70.0,70.0,45.0,50.0,50.0,60.0,60.0,50.0,50.0,50.0,50.0,50.0,60.0,60.0,70.0,84.0761337280273,10.397910118103,54.1748199462891,135.060638427734,15.7024002075195,50.395450592041,40.8407516479492,130.0,22.9792804718018,100.999076843262,27.4003200531006,378.714294433594,89.0,110.0,104.0,100.0,100.0,100.0,100.0,100.0,100.0,100.0,100.0,104.0
SIPT035,Nagarjuna Steel Enterprises,Rangareddy,Narsingi,Non-Exclusive,2426243.0,57330.0,497.7000000000001,TG,Active,800.0,46.0,52.0,75.0,62.0,65.0,87.0,73.0,51.0,51.0,81.0,31.0,54.0,40.0,41.0,60.0,31.0,55.0,17.0,64.0,61.0,91.0,39.0,69.0,55.0,53.71,40.21,43.47,39.88000000000001,35.52,37.15,26.08,15.25,35.410000000000004,45.02,41.34000000000001,64.91,45.0,45.0,40.0,40.0,40.0,45.0,45.0,96.0,96.0,96.0,96.0,96.0,70.0,75.0,60.0,60.0,60.0,60.0,60.0,60.0,60.0,80.0,80.0,40.0,50.0,60.0,60.0,60.0,60.0,60.0,60.0,60.0,60.0,40.0,40.0,45.0,58.7112503051758,166.580093383789,184.658493041992,185.0,60.1849594116211,82.1161575317383,56.2600784301758,90.0,46.203800201416,113.074737548828,72.9296417236328,361.132110595703,310.0,448.0,450.0,422.0,476.0,416.0,400.0,454.0,501.0,405.0,470.0,474.0
SIPT036,Nagarjuna Steel Suppliers,Medchal - Malkajgiri,Nizampet,Non-Exclusive,2460095.0,48835.0,73.5,TG,Active,300.0,35.0,0.0,15.0,15.0,15.0,16.0,0.0,0.0,20.0,16.0,16.0,23.0,16.0,33.0,0.0,0.0,15.0,0.0,0.0,0.0,0.0,0.0,14.0,0.0,0.0,10.33,0.0,0.0,0.0,0.0,9.8,0.0,0.0,0.0,0.0,0.0,30.0,30.0,30.0,30.0,30.0,30.0,30.0,20.0,20.0,20.0,20.0,20.0,20.0,20.0,20.0,20.0,20.0,20.0,20.0,20.0,20.0,20.0,20.0,5.0,10.0,10.0,10.0,10.0,10.0,10.0,10.0,10.0,10.0,10.0,10.0,11.0,68.4990310668945,45.8673782348633,50.0382690429688,39.6343994140625,117.43083190918,116.75244140625,106.573341369629,60.0,105.094596862793,109.666717529297,108.097122192383,220.904113769531,227.0,107.0,75.0,99.0,74.0,76.0,79.0,79.0,77.0,86.0,70.0,70.0
SIPT042,Baheti Steels,Rangareddy,Saroornagar,Non-Exclusive,2426243.0,,6.300000000000001,TG,Active,210.0,30.0,0.0,31.0,13.0,31.0,33.0,9.0,25.0,36.0,0.0,27.0,34.0,33.0,28.0,25.0,10.0,22.0,28.0,35.0,26.0,25.0,26.0,10.0,22.0,13.420000000000002,39.92,15.0,24.860000000000003,12.3,32.81,0.0,17.97,18.259999999999994,44.46,0.0,27.279999999999998,27.0,30.0,30.0,30.0,30.0,30.0,30.0,36.0,36.0,36.0,36.0,78.0,36.0,40.0,40.0,40.0,40.0,40.0,40.0,40.0,40.0,40.0,40.0,25.0,20.0,20.0,20.0,20.0,30.0,30.0,30.0,30.0,30.0,25.0,25.0,27.5,49.4389305114746,14.0105695724487,40.0404281616211,24.1993293762207,67.9485778808594,67.5148773193359,53.5698089599609,110.0,76.7291412353516,50.7466506958008,47.0283508300781,310.801391601563,305.0,0.0,0.0,2.0,0.0,0.0,0.0,0.0,0.0,0.0,0.0,6.0
SIPT044,Mahalaxmi Steels,Medchal - Malkajgiri,Suraram,Exclusive,2460095.0,383654.0,170.1,TG,Active,250.0,31.0,28.0,24.0,11.0,13.0,26.0,26.0,26.0,36.0,34.0,37.0,41.0,46.0,57.0,56.0,60.0,71.0,38.0,13.0,0.0,37.0,19.0,20.0,42.0,26.98,50.55,9.8,20.74,49.92999999999999,51.5,27.67,16.0,27.29,14.45,30.189999999999998,60.28,30.0,30.0,25.0,25.0,25.0,25.0,25.0,33.0,33.0,33.0,33.0,33.0,35.0,40.0,40.0,40.0,40.0,40.0,40.0,40.0,40.0,40.0,40.0,40.0,50.0,50.0,50.0,40.0,50.0,50.0,50.0,50.0,50.0,30.0,30.0,35.0,55.8807792663574,29.076789855957,14.4199104309082,18.6855297088623,21.7386798858643,45.6435089111328,27.5990390777588,30.0,19.3745994567871,26.6106491088867,28.6738891601563,146.642349243164,184.0,153.0,162.0,153.0,150.0,131.0,111.0,115.0,149.0,145.0,132.0,162.0
SIPT047,Mallikarjuna Steel Traders,Medchal - Malkajgiri,Neredmet,Non-Exclusive,2460095.0,,420.0,TG,Active,500.0,100.0,84.0,81.0,81.0,80.0,90.0,81.0,79.0,94.0,132.0,94.0,122.0,99.0,112.0,139.0,100.0,114.0,111.0,91.0,79.0,93.0,8.0,79.0,72.0,78.34,83.67000000000002,80.89999999999998,81.28000000000002,74.22,76.36,51.67999999999999,40.32,62.26999999999999,42.13999999999999,50.72999999999999,79.83,100.0,100.0,80.0,80.0,80.0,80.0,80.0,119.0,119.0,119.0,119.0,223.0,120.0,144.0,144.0,144.0,144.0,120.0,120.0,120.0,120.0,150.0,140.0,80.0,120.0,120.0,120.0,120.0,110.0,110.0,110.0,110.0,110.0,90.0,90.0,100.0,171.946990966797,245.710357666016,296.212158203125,374.890716552734,31.668909072876,132.377716064453,90.9972686767578,170.0,50.8320388793945,125.53556060791,51.951301574707,431.983947753906,514.0,243.0,271.0,128.0,300.0,255.0,134.0,255.0,171.0,151.0,148.0,400.0
SIPT052,,Peddapalli,Godavarikhani,Non-Exclusive,635391.0,,54.6,,,,24.0,0.0,20.0,30.0,15.0,17.0,15.0,25.0,45.0,20.0,24.0,13.0,0.0,0.0,0.0,0.0,0.0,0.0,0.0,0.0,0.0,0.0,0.0,0.0,,,,,,,,,,,,,22.0,25.0,25.0,25.0,25.0,15.0,15.0,24.0,24.0,24.0,24.0,24.0,24.0,24.0,24.0,24.0,24.0,24.0,24.0,0.0,0.0,0.0,0.0,0.0,,,,,,,,,,,,,39.828929901123,31.2364292144775,16.7029209136963,25.1638698577881,202.482086181641,200.93473815918,238.142303466797,40.0,206.549789428711,220.005325317383,218.823913574219,109.002182006836,82.0,170.0,122.0,138.0,56.0,59.0,53.0,77.0,52.0,50.0,54.0,52.0
SIPT056,Mahalakshmi Iron & Hardware Merchants,Karimnagar,Jammikunta,Exclusive,1162156.0,72666.0,392.7,TG,Active,400.0,73.0,71.0,26.0,42.0,51.0,27.0,51.0,30.0,63.0,64.0,42.0,63.0,20.0,70.0,60.0,57.0,64.0,31.0,63.0,61.0,53.0,40.0,61.0,61.0,0.0,72.42,61.18000000000001,30.96,60.92,60.28,50.17,50.57,26.379999999999995,40.17,40.339999999999996,55.41,70.0,70.0,60.0,60.0,60.0,50.0,50.0,68.0,68.0,68.0,68.0,68.0,60.0,60.0,60.0,60.0,60.0,60.0,60.0,60.0,70.0,75.0,75.0,60.0,60.0,60.0,60.0,60.0,60.0,60.0,50.0,50.0,50.0,50.0,50.0,55.0,132.435943603516,127.149887084961,87.0113372802734,60.6455001831055,60.877498626709,26.7859401702881,48.3784408569336,40.0,52.1511917114258,99.6008071899414,127.28092956543,330.074340820313,295.0,278.0,320.0,314.0,284.0,306.0,315.0,282.0,325.0,300.0,308.0,374.0
SIPT060,,Jagitial,Korutla,Non-Exclusive,988913.0,108297.0,52.5,,,,25.0,0.0,19.0,25.0,17.0,10.0,0.0,0.0,12.0,12.0,11.0,17.0,0.0,0.0,0.0,0.0,0.0,0.0,0.0,0.0,0.0,0.0,0.0,0.0,,,,,,,,,,,,,24.0,25.0,20.0,20.0,15.0,15.0,15.0,29.0,29.0,29.0,29.0,29.0,10.0,15.0,15.0,20.0,20.0,20.0,20.0,10.0,10.0,10.0,0.0,0.0,,,,,,,,,,,,,43.9798583984375,0.907440006732941,17.6305999755859,5.61895990371704,30.3376808166504,37.4426383972168,60.548999786377,20.0,30.453239440918,52.4068794250488,33.2522392272949,72.7493209838867,66.0,53.0,58.0,54.0,52.0,51.0,55.0,56.0,53.0,51.0,51.0,50.0
SIPT061,Shiva Sai Iron & Hardware,Peddapalli,Manthani,Non-Exclusive,635391.0,,56.7,TG,Active,2000.0,22.0,20.0,21.0,20.0,26.0,20.0,0.0,18.0,18.0,20.0,12.0,21.0,20.0,25.0,0.0,0.0,0.0,0.0,10.0,0.0,0.0,0.0,10.0,0.0,0.0,0.0,0.0,0.0,0.0,0.0,0.0,0.0,12.05,0.0,9.31,10.95,20.0,20.0,20.0,20.0,20.0,20.0,20.0,18.0,18.0,18.0,18.0,30.0,20.0,25.0,20.0,20.0,20.0,20.0,10.0,10.0,10.0,10.0,0.0,0.0,0.0,10.0,10.0,0.0,0.0,0.0,0.0,0.0,0.0,0.0,0.0,0.0,70.8798217773438,63.586799621582,81.5313034057617,81.9340209960938,8.23147964477539,7.60634994506836,15.9342002868652,30.0,0.758400022983551,29.4370803833008,3.2992799282074,65.9820022583008,64.0,85.0,63.0,59.0,51.0,51.0,60.0,50.0,52.0,50.0,54.0,54.0
SIPT067,Ramakrishna Agencies,Rajanna Sircilla,Sircilla,Non-Exclusive,552037.0,92001.0,98.7,TG,Active,400.0,11.0,16.0,32.0,15.0,17.0,17.0,20.0,0.0,30.0,14.0,12.0,15.0,13.0,32.0,20.0,12.0,13.0,33.0,14.0,62.0,33.0,20.0,27.0,18.0,57.83,20.27,18.92,19.980000000000004,26.86,11.97,15.65,30.59,29.67,12.33,12.91,10.87,20.0,20.0,20.0,25.0,25.0,25.0,20.0,27.0,27.0,27.0,27.0,27.0,20.0,20.0,20.0,20.0,20.0,20.0,15.0,15.0,25.0,25.0,25.0,20.0,25.0,25.0,25.0,20.0,30.0,30.0,20.0,20.0,25.0,25.0,20.0,22.0,31.2861804962158,60.6991195678711,68.3649597167969,78.6939010620117,70.5155410766602,62.5055999755859,116.701316833496,60.0,60.4266014099121,87.6696472167969,78.0522003173828,48.8650016784668,41.0,74.0,80.0,61.0,61.0,78.0,67.0,84.0,89.0,95.0,63.0,94.0
SIPT069,,Rajanna Sircilla,Vemulawada,Non-Exclusive,552037.0,50158.0,52.5,,,,20.0,0.0,14.0,0.0,0.0,20.0,0.0,0.0,0.0,7.0,0.0,9.0,0.0,0.0,0.0,0.0,0.0,0.0,0.0,0.0,0.0,0.0,0.0,0.0,,,,,,,,,,,,,20.0,25.0,25.0,25.0,25.0,20.0,20.0,19.0,19.0,19.0,0.0,19.0,0.0,5.0,0.0,15.0,15.0,15.0,15.0,0.0,0.0,0.0,0.0,0.0,,,,,,,,,,,,,69.2241363525391,46.114200592041,46.4244003295898,45.7441215515137,60.5475616455078,60.6161994934082,94.2775192260742,40.0,63.2725715637207,78.4983596801758,60.0,44.1793212890625,32.0,53.0,73.0,70.0,54.0,62.0,69.0,50.0,50.0,50.0,50.0,50.0
SIPT071,Sri Kanakadurga Steel Syndicate,Khammam,Kalluru,Non-Exclusive,1401639.0,63828.0,69.3,TG,Active,36.75,30.0,0.0,13.0,20.0,27.0,21.0,20.0,0.0,0.0,22.0,38.0,37.0,0.0,16.0,0.0,25.0,0.0,0.0,15.0,0.0,0.0,12.0,0.0,14.0,0.0,12.61,15.87,0.0,0.0,14.519999999999998,14.71,9.739999999999998,0.0,10.3,0.0,14.97,30.0,30.0,20.0,20.0,20.0,20.0,20.0,36.0,36.0,36.0,36.0,36.0,25.0,30.0,25.0,25.0,25.0,25.0,0.0,10.0,30.0,25.0,20.0,0.0,10.0,20.0,15.0,10.0,10.0,10.0,10.0,10.0,10.0,10.0,10.0,11.0,51.7783012390137,24.7484397888184,23.7199993133545,30.8958606719971,49.2592811584473,48.9932403564453,56.1424789428711,20.0,47.9449691772461,48.1416893005371,49.208869934082,98.2609100341797,98.0,63.0,68.0,60.0,63.0,63.0,65.0,64.0,64.0,61.0,64.0,66.0
SIPT072,,Khammam,Khammam,Non-Exclusive,1401639.0,356857.0,21.0,,,,62.0,0.0,36.0,53.0,0.0,41.0,0.0,52.0,100.0,55.0,0.0,30.0,0.0,0.0,0.0,0.0,0.0,0.0,0.0,0.0,0.0,0.0,0.0,0.0,,,,,,,,,,,,,35.0,35.0,40.0,40.0,40.0,40.0,40.0,52.0,52.0,52.0,52.0,52.0,52.0,55.0,0.0,0.0,0.0,0.0,0.0,0.0,0.0,0.0,0.0,0.0,,,,,,,,,,,,,78.5838088989258,6.50017976760864,32.7212791442871,33.1341514587402,38.8532791137695,30.5016403198242,41.4956283569336,150.0,77.5129928588867,19.4260501861572,14.2216100692749,46.1333084106445,50.0,22.0,22.0,24.0,20.0,20.0,20.0,20.0,20.0,20.0,20.0,20.0
SIPT073,Sumedha Steels & Generals,Khammam,Khammam,Non-Exclusive,1401639.0,356857.0,69.3,TG,Active,2000.0,41.0,20.0,35.0,31.0,51.0,35.0,42.0,54.0,50.0,28.0,30.0,61.0,0.0,50.0,42.0,0.0,31.0,61.0,0.0,61.0,30.0,0.0,20.0,0.0,46.49000000000001,29.680000000000003,0.0,12.03,29.759999999999994,0.0,0.0,0.0,0.0,0.0,0.0,0.0,40.0,40.0,30.0,30.0,30.0,30.0,40.0,53.0,53.0,53.0,53.0,53.0,53.0,55.0,55.0,55.0,55.0,55.0,55.0,55.0,70.0,60.0,30.0,25.0,20.0,30.0,30.0,15.0,15.0,15.0,10.0,10.0,15.0,0.0,0.0,0.0,91.5415191650391,59.1628608703613,86.6593170166016,65.4434509277344,50.9195289611816,44.4965515136719,79.586067199707,140.0,5.57711982727051,25.1000804901123,14.041729927063,353.825958251953,56.0,71.0,86.0,80.0,74.0,63.0,62.0,67.0,61.0,74.0,64.0,66.0
SIPT077,Kinnera Agencies,Bhadradri Kothagudem,Palvancha,Non-Exclusive,1069261.0,113872.0,75.60000000000001,TG,Active,380.0,30.0,0.0,26.0,20.0,32.0,30.0,30.0,0.0,41.0,31.0,30.0,30.0,0.0,32.0,0.0,0.0,20.0,20.0,19.0,0.0,20.0,13.0,25.0,20.0,29.82,11.16,0.0,9.96,0.0,19.87,24.99,0.0,0.0,12.5,19.12,29.900000000000002,30.0,30.0,30.0,30.0,30.0,30.0,30.0,35.0,35.0,35.0,35.0,61.0,30.0,35.0,20.0,20.0,20.0,20.0,20.0,20.0,40.0,25.0,25.0,15.0,15.0,20.0,20.0,20.0,20.0,20.0,20.0,20.0,20.0,20.0,20.0,22.0,54.1038589477539,1.042799949646,25.7305908203125,15.5024900436401,86.6736831665039,74.7475204467773,81.9341201782227,50.0,92.5075302124023,53.7951889038086,74.8907470703125,122.297348022461,162.0,98.0,83.0,72.0,76.0,96.0,98.0,76.0,74.0,73.0,75.0,72.0
SIPT080,Sri Sri Sri Venkata Sai Rama Iron Syndicate,Khammam,Wyra,Non-Exclusive,1401639.0,54320.0,14.7,TG,Active,65.0,36.0,12.0,30.0,22.0,20.0,22.0,31.0,12.0,21.0,31.0,22.0,24.0,25.0,12.0,25.0,30.0,25.0,21.0,10.0,23.0,44.0,8.0,0.0,10.0,50.150000000000006,14.67,20.18,0.0,23.07,22.8,0.0,20.1,9.1,0.0,0.0,8.900000000000002,26.0,25.0,20.0,20.0,20.0,20.0,20.0,36.0,36.0,36.0,36.0,36.0,25.0,30.0,30.0,30.0,30.0,30.0,30.0,30.0,30.0,40.0,20.0,20.0,20.0,20.0,20.0,10.0,22.0,22.0,20.0,20.0,25.0,20.0,20.0,22.0,37.2010612487793,13.1098203659058,18.5466594696045,14.0172300338745,27.2220497131348,18.7627601623535,42.6732597351074,20.0,2.83380007743835,9.49254989624023,33.6768493652344,85.1304779052734,80.0,57.0,52.0,52.0,16.0,22.0,13.0,16.0,12.0,15.0,16.0,14.0
SIPT083,Jayalaxmi Cement Hardware & Electricals,Wanaparthy,Atmakur,Exclusive,577758.0,38467.0,50.400000000000006,TG,Active,157.5,21.0,21.0,33.0,35.0,13.0,30.0,30.0,37.0,24.0,20.0,21.0,41.0,23.0,44.0,40.0,10.0,13.0,21.0,22.0,30.0,30.0,14.0,10.0,35.0,43.72,46.290000000000006,25.05,24.39,30.950000000000003,31.72,34.52,36.45,35.86,9.91,15.120000000000001,29.810000000000002,40.0,35.0,30.0,30.0,30.0,30.0,30.0,44.0,44.0,44.0,44.0,44.0,40.0,45.0,40.0,40.0,40.0,40.0,40.0,30.0,10.0,30.0,30.0,25.0,25.0,25.0,25.0,25.0,30.0,30.0,35.0,35.0,35.0,30.0,25.0,25.0,54.5060691833496,3.66953992843628,40.3376312255859,91.976676940918,28.2320003509521,14.4644498825073,31.4650402069092,40.0,3.70390009880066,33.0059814453125,6.5402398109436,36.6154594421387,53.0,24.0,48.0,5.0,19.0,15.0,13.0,23.0,21.0,9.0,6.0,48.0
SIPT084,,Mahabubnagar,Bhuthpur ,Non-Exclusive,905660.0,48041.0,0.0,,,,76.0,91.0,76.0,81.0,81.0,91.0,80.0,81.0,74.0,94.0,67.0,93.0,0.0,0.0,0.0,0.0,0.0,0.0,0.0,0.0,0.0,0.0,0.0,0.0,,,,,,,,,,,,,75.0,75.0,75.0,80.0,80.0,80.0,80.0,115.0,115.0,115.0,115.0,115.0,100.0,105.0,0.0,0.0,0.0,0.0,0.0,0.0,0.0,0.0,0.0,0.0,,,,,,,,,,,,,115.022941589355,36.2751388549805,107.218208312988,161.931411743164,38.9707984924316,10.4017696380615,139.147216796875,140.0,19.8211193084717,120.081237792969,25.957799911499,81.2774429321289,171.0,1.0,97.0,0.0,0.0,0.0,0.0,0.0,0.0,0.0,0.0,0.0
SIPT085,,Jogulamba Gadwal,Gadwal,Non-Exclusive,574969.0,114390.0,0.0,,,,29.0,25.0,0.0,25.0,25.0,25.0,26.0,29.0,9.0,25.0,22.0,32.0,0.0,0.0,0.0,0.0,0.0,0.0,0.0,0.0,0.0,0.0,0.0,0.0,,,,,,,,,,,,,30.0,25.0,25.0,25.0,25.0,25.0,25.0,32.0,32.0,32.0,32.0,32.0,25.0,30.0,30.0,0.0,0.0,0.0,0.0,0.0,0.0,0.0,0.0,0.0,,,,,,,,,,,,,48.5862693786621,6.27895021438599,12.0080900192261,33.2673606872559,21.0681095123291,3.4452600479126,34.4514503479004,40.0,11.0316896438599,68.6612396240234,20.5756206512451,29.3554401397705,29.0,2.0,0.0,0.0,0.0,0.0,0.0,0.0,0.0,0.0,0.0,0.0
SIPT086,,Jogulamba Gadwal,Ieeja,Non-Exclusive,574969.0,85303.0,0.0,,,,11.0,0.0,21.0,25.0,0.0,21.0,0.0,0.0,0.0,0.0,0.0,0.0,,,,,,,,,,,,,,,,,,,,,,,,,30.0,20.0,20.0,20.0,0.0,20.0,0.0,0.0,0.0,0.0,0.0,0.0,0.0,0.0,0.0,0.0,0.0,0.0,0.0,0.0,0.0,0.0,0.0,0.0,,,,,,,,,,,,,38.1882019042969,18.2936401367188,11.3501796722412,22.8087692260742,1.1826000213623,1.26467001438141,0.0,50.0,0.0,0.0,0.0,0.0,0.0,0.0,0.0,0.0,0.0,0.0,0.0,0.0,0.0,0.0,0.0,0.0
SIPT087,New Laxmi Agencies,Mahabubnagar,Jadcherla,Non-Exclusive,905660.0,104141.0,69.3,TG,Inactive,315.0,59.0,55.0,47.0,24.0,51.0,30.0,49.0,60.0,54.0,35.0,36.0,35.0,0.0,25.0,0.0,39.0,39.0,24.0,0.0,30.0,0.0,12.0,25.0,16.0,28.56,0.0,0.0,0.0,0.0,0.0,0.0,0.0,0.0,0.0,,,45.0,45.0,40.0,50.0,50.0,50.0,50.0,59.0,59.0,59.0,59.0,59.0,50.0,50.0,40.0,40.0,40.0,40.0,40.0,30.0,30.0,30.0,25.0,20.0,25.0,0.0,0.0,0.0,0.0,0.0,0.0,0.0,0.0,0.0,0.0,0.0,93.7566604614258,47.9191017150879,86.9352493286133,73.0,62.9402389526367,11.625470161438,11.5642595291138,20.0,21.8884906768799,103.111480712891,32.8422584533691,97.4097213745117,98.0,37.0,43.0,50.0,76.0,59.0,78.0,42.0,47.0,53.0,53.0,66.0
SIPT089,Balaji Traders (K),Nagarkurnool,Kollapur,Non-Exclusive,861766.0,55466.0,1.05,TG,Active,40.0,36.0,15.0,15.0,32.0,6.0,15.0,15.0,16.0,31.0,10.0,0.0,15.0,15.0,0.0,10.0,20.0,0.0,15.0,0.0,12.0,0.0,15.0,0.0,10.0,0.0,20.2,10.65,0.0,0.0,13.13,0.0,0.0,10.63,0.0,14.64,0.0,35.0,30.0,25.0,25.0,25.0,15.0,15.0,30.0,30.0,30.0,30.0,30.0,20.0,20.0,15.0,15.0,15.0,15.0,15.0,15.0,30.0,10.0,20.0,10.0,10.0,10.0,10.0,10.0,10.0,10.0,10.0,10.0,10.0,15.0,15.0,16.5,58.8339614868164,19.401439666748,22.4950103759766,53.982479095459,8.94108009338379,22.0389194488525,24.030689239502,30.0,21.244499206543,13.9761695861816,10.1315803527832,9.15678024291992,8.0,7.0,3.0,4.0,11.0,31.0,7.0,3.0,7.0,7.0,5.0,1.0
SIPT090,Pragathi Traders,Wanaparthy,Kothakota,Non-Exclusive,577758.0,59331.0,50.400000000000006,TG,Active,84.0,33.0,37.0,36.0,23.0,22.0,5.0,11.0,8.0,6.0,11.0,10.0,22.0,20.0,12.0,12.0,6.0,11.0,11.0,11.0,23.0,31.0,9.0,22.0,18.0,6.24,0.0,19.1,0.0,10.94,10.68,10.07,12.44,11.23,9.740000000000002,10.09,19.35,35.0,35.0,30.0,30.0,30.0,30.0,30.0,35.0,35.0,35.0,35.0,35.0,30.0,35.0,30.0,30.0,30.0,30.0,30.0,20.0,25.0,30.0,25.0,15.0,15.0,15.0,15.0,15.0,20.0,20.0,10.0,10.0,10.0,10.0,10.0,12.0,92.9647064208984,61.0410194396973,70.8990097045898,50.0116004943848,42.6190986633301,13.6904096603394,25.4204692840576,30.0,5.27437019348145,14.3566598892212,7.67245006561279,49.7951507568359,46.0,50.0,47.0,41.0,62.0,49.0,50.0,55.0,66.0,51.0,71.0,48.0
SIPT091,,Mahabubnagar,Mahaboobnagar ,Non-Exclusive,905660.0,,0.0,,,,120.0,94.0,108.0,101.0,101.0,103.0,93.0,61.0,95.0,85.0,105.0,135.0,0.0,0.0,0.0,0.0,0.0,0.0,0.0,0.0,0.0,0.0,0.0,0.0,,,,,,,,,,,,,155.0,140.0,120.0,100.0,100.0,80.0,90.0,138.0,138.0,138.0,138.0,138.0,120.0,125.0,0.0,0.0,0.0,0.0,0.0,0.0,0.0,0.0,0.0,0.0,,,,,,,,,,,,,204.128479003906,18.1837291717529,193.393173217773,180.288848876953,148.119735717773,90.9314880371094,103.757339477539,120.0,115.399681091309,168.376739501953,96.8478393554688,578.118957519531,593.0,581.0,152.0,0.0,0.0,0.0,0.0,0.0,0.0,0.0,0.0,0.0
SIPT092,Quadeeriya Traders,Mahabubnagar,Marikal,Non-Exclusive,905660.0,,13.65,TG,Active,80.0,49.0,40.0,37.0,35.0,39.0,36.0,35.0,31.0,12.0,35.0,30.0,46.0,41.0,55.0,50.0,40.0,0.0,25.0,50.0,30.0,47.0,0.0,0.0,23.0,47.85,34.97,39.38,0.0,34.75,15.200000000000005,17.46,16.990000000000002,34.34,24.31,24.709999999999997,47.25,40.0,40.0,35.0,35.0,35.0,35.0,35.0,57.0,57.0,57.0,57.0,123.0,50.0,55.0,50.0,50.0,50.0,50.0,50.0,50.0,50.0,40.0,45.0,35.0,25.0,30.0,40.0,30.0,40.0,40.0,35.0,35.0,35.0,25.0,25.0,25.0,80.8560333251953,13.3638000488281,14.5923500061035,84.5053787231445,85.2311096191406,63.2113304138184,78.6790008544922,40.0,10.2921695709229,32.9247283935547,20.0045890808105,31.881160736084,87.0,8.0,15.0,56.0,87.0,8.0,10.0,18.0,26.0,14.0,6.0,13.0
SIPT095,Bhagvathi Sanitary & Hardware,Wanaparthy,Pebbair,Exclusive,577758.0,48749.0,19.95,TG,Active,75.0,42.0,40.0,30.0,33.0,30.0,30.0,30.0,50.0,30.0,45.0,56.0,25.0,25.0,35.0,35.0,0.0,0.0,32.0,22.0,25.0,15.0,0.0,21.0,0.0,16.89,25.76,20.44,16.75,21.56,13.47,20.14,19.41,14.26,0.0,19.75,16.75,40.0,40.0,40.0,40.0,40.0,30.0,30.0,49.0,49.0,49.0,49.0,49.0,30.0,35.0,35.0,35.0,35.0,35.0,35.0,30.0,35.0,30.0,30.0,20.0,15.0,15.0,20.0,20.0,25.0,25.0,20.0,20.0,20.0,20.0,15.0,16.5,66.715950012207,22.8726291656494,33.1805191040039,92.7431411743164,25.3846702575684,30.6217803955078,45.8169898986816,10.0,12.009690284729,103.743133544922,23.9181003570557,31.5016498565674,32.0,19.0,73.0,24.0,37.0,47.0,24.0,38.0,36.0,16.0,23.0,19.0
SIPT098,Sohail Iron & Hardware,Mahabubnagar,Shanthinagar,Non-Exclusive,905660.0,,95.55,TG,Active,210.0,34.0,15.0,23.0,30.0,25.0,30.0,25.0,42.0,13.0,14.0,15.0,23.0,27.0,18.0,26.0,24.0,0.0,10.0,15.0,0.0,25.0,18.0,12.0,27.0,11.56,0.0,24.89,26.85,0.0,9.76,0.0,10.2,10.46,19.9,13.989999999999998,15.810000000000002,25.0,25.0,25.0,25.0,25.0,25.0,25.0,39.0,39.0,39.0,39.0,39.0,30.0,35.0,30.0,30.0,30.0,30.0,30.0,25.0,40.0,30.0,30.0,20.0,20.0,20.0,20.0,25.0,25.0,25.0,20.0,20.0,20.0,20.0,20.0,15.0,43.3116416931152,8.59121036529541,49.1640281677246,62.0167503356934,16.3150196075439,11.7207803726196,11.5506801605225,50.0,1.68907999992371,67.1360702514648,1.72458004951477,75.972282409668,77.0,41.0,54.0,43.0,52.0,42.0,50.0,72.0,54.0,54.0,52.0,91.0
SIPT099,Shiva Shankar Traders,Wanaparthy,Wanaparthi,Non-Exclusive,577758.0,,77.7,TG,Active,250.0,85.0,74.0,63.0,66.0,42.0,65.0,80.0,51.0,61.0,54.0,44.0,50.0,50.0,53.0,25.0,60.0,23.0,40.0,30.0,22.0,0.0,22.0,0.0,30.0,39.87,26.99,0.0,10.99,0.0,0.0,19.99,0.0,4.88,0.0,19.42,0.0,75.0,75.0,60.0,65.0,65.0,50.0,50.0,95.0,95.0,95.0,95.0,95.0,60.0,65.0,60.0,60.0,60.0,60.0,60.0,60.0,50.0,45.0,25.0,30.0,30.0,35.0,40.0,30.0,20.0,20.0,20.0,20.0,22.0,20.0,20.0,22.0,109.229026794434,77.221809387207,170.949234008789,120.974548339844,64.3076400756836,69.6642684936523,73.8736114501953,60.0,57.4096984863281,90.3975372314453,40.7827110290527,140.464965820313,64.0,76.0,56.0,54.0,86.0,86.0,40.0,72.0,39.0,48.0,56.0,74.0
SIPT105,Medak Steel Corporation,Medak,Ramachandrapuram,Non-Exclusive,766153.0,,84.0,TG,Active,73.5,20.0,0.0,10.0,20.0,0.0,16.0,0.0,21.0,5.0,10.0,19.0,10.0,10.0,5.0,0.0,10.0,20.0,10.0,20.0,21.0,35.0,10.0,20.0,21.0,34.4,37.03,12.46,27.01,0.0,31.71,6.05,9.78,11.84,11.61,11.610000000000001,11.530000000000001,20.0,20.0,15.0,15.0,15.0,15.0,15.0,19.0,19.0,19.0,19.0,46.0,20.0,20.0,20.0,20.0,20.0,20.0,20.0,20.0,20.0,20.0,20.0,15.0,20.0,20.0,20.0,20.0,20.0,20.0,20.0,20.0,25.0,20.0,20.0,22.0,50.8663787841797,47.6657981872559,49.3270301818848,52.2784194946289,61.0817909240723,102.299880981445,63.0810012817383,140.0,67.7138366699219,70.6870803833008,64.5935974121094,20.5951194763184,16.0,82.0,82.0,72.0,73.0,89.0,80.0,80.0,88.0,72.0,79.0,80.0
SIPT109,Siddeshwara Traders,Yadadri Bhuvanagiri,Bhongir,Non-Exclusive,770833.0,,90.3,TG,Active,450.0,47.0,41.0,45.0,40.0,41.0,33.0,0.0,50.0,83.0,25.0,60.0,0.0,0.0,25.0,25.0,25.0,25.0,25.0,25.0,26.0,42.0,20.0,32.0,30.0,0.0,30.11,30.32,14.84,30.6,29.87,35.1,0.0,30.82,0.0,25.450000000000003,29.380000000000003,35.0,40.0,40.0,40.0,40.0,35.0,35.0,52.0,52.0,52.0,52.0,0.0,0.0,20.0,25.0,25.0,25.0,25.0,25.0,25.0,25.0,30.0,30.0,30.0,30.0,30.0,25.0,30.0,30.0,30.0,30.0,30.0,35.0,30.0,30.0,33.0,80.71875,29.8194694519043,88.0092468261719,56.499080657959,60.0327606201172,46.5164413452148,109.960098266602,40.0,46.9665603637695,45.0,45.0,0.0,0.0,13.0,43.0,36.0,81.0,106.0,105.0,106.0,111.0,83.0,87.0,86.0
SIPT111,Jagannadh Traders,Yadadri Bhuvanagiri,Choutuppal,Non-Exclusive,770833.0,73336.0,100.8,TG,Active,400.0,35.0,16.0,26.0,25.0,25.0,23.0,30.0,0.0,30.0,25.0,26.0,30.0,26.0,30.0,31.0,30.0,30.0,26.0,36.0,30.0,66.0,31.0,31.0,30.0,29.94,29.8,0.0,30.33,40.89,29.849999999999994,30.16,9.84,30.24,25.22,38.269999999999996,14.91,30.0,30.0,30.0,30.0,30.0,30.0,30.0,33.0,33.0,33.0,33.0,33.0,33.0,38.0,30.0,30.0,30.0,30.0,30.0,30.0,30.0,30.0,30.0,30.0,30.0,30.0,30.0,30.0,40.0,40.0,40.0,40.0,40.0,40.0,40.0,45.0,37.7356491088867,21.2750396728516,6.75895977020264,7.92908000946045,26.5414199829102,21.0276794433594,14.4730596542358,50.0,5.21220016479492,25.1471996307373,4.00451993942261,159.507598876953,254.0,154.0,182.0,155.0,55.0,16.0,62.0,24.0,64.0,14.0,50.0,96.0
SIPT113,Srinivasa Steel Syndicate,Suryapet,Kodad,Non-Exclusive,1099560.0,111940.0,161.70000000000002,TG,Active,375.0,61.0,60.0,60.0,60.0,52.0,50.0,47.0,17.0,25.0,30.0,41.0,51.0,0.0,61.0,55.0,56.0,0.0,30.0,59.0,0.0,25.0,26.0,47.0,39.0,0.0,56.23,74.64,50.91,64.7,25.11,30.96,35.36,24.360000000000003,0.0,25.02,30.820000000000004,60.0,60.0,60.0,60.0,60.0,60.0,60.0,80.0,80.0,80.0,80.0,80.0,60.0,60.0,60.0,60.0,60.0,60.0,60.0,60.0,75.0,50.0,25.0,30.0,20.0,50.0,40.0,50.0,45.0,45.0,35.0,35.0,40.0,30.0,25.0,27.5,90.8623275756836,72.7751770019531,66.2717514038086,39.5800590515137,33.6783103942871,49.0704803466797,23.0106601715088,60.0,26.3298206329346,21.2527198791504,70.6718368530273,133.405883789063,405.0,164.0,171.0,184.0,196.0,166.0,155.0,159.0,150.0,188.0,152.0,154.0
SIPT116,Maruthi Venkateshwara Traders,Nalgonda,Miryalaguda,Non-Exclusive,1618416.0,175838.0,76.65,TG,Active,450.0,34.0,22.0,30.0,30.0,20.0,22.0,0.0,0.0,24.0,17.0,23.0,24.0,0.0,20.0,26.0,0.0,23.0,0.0,10.0,10.0,21.0,0.0,0.0,17.0,17.75,20.75,0.0,0.0,0.0,0.0,0.0,10.82,0.0,0.0,0.0,0.0,20.0,10.0,20.0,20.0,20.0,20.0,0.0,23.0,23.0,23.0,23.0,23.0,25.0,30.0,25.0,25.0,25.0,25.0,25.0,22.0,20.0,25.0,30.0,10.0,15.0,15.0,15.0,20.0,15.0,15.0,10.0,10.0,10.0,10.0,10.0,11.0,61.0816192626953,68.6432571411133,64.5490493774414,53.0056304931641,12.3923301696777,10.0,10.0,40.0,10.0,10.0,13.8803796768188,41.0301284790039,69.0,53.0,68.0,51.0,83.0,70.0,70.0,67.0,72.0,66.0,72.0,73.0
SIPT120,Svs Enterprises,Nalgonda,Nalgonda,Non-Exclusive,1618416.0,207076.0,16.8,TG,Active,800.0,17.0,40.0,25.0,30.0,31.0,20.0,20.0,20.0,35.0,25.0,26.0,10.0,0.0,10.0,10.0,32.0,20.0,20.0,20.0,0.0,31.0,11.0,10.0,11.0,30.72,0.0,19.97,15.34,19.98,19.44,0.0,0.0,25.25,0.0,4.97,13.54,46.0,40.0,30.0,30.0,30.0,20.0,20.0,38.0,38.0,38.0,38.0,38.0,20.0,25.0,20.0,20.0,20.0,20.0,20.0,30.0,55.0,30.0,30.0,20.0,20.0,25.0,25.0,30.0,20.0,20.0,20.0,20.0,25.0,10.0,10.0,11.0,63.1045684814453,63.2855606079102,37.0200996398926,12.6360397338867,54.466609954834,59.3670387268066,117.104446411133,120.0,73.8130416870117,84.7001037597656,53.9253387451172,134.301086425781,40.0,167.0,153.0,159.0,18.0,25.0,18.0,16.0,17.0,22.0,12.0,16.0
SIPT121,Mathaji Steel Cement Syndicate,Nalgonda,Nalgonda,Exclusive,1618416.0,207076.0,170.1,TG,Active,800.0,122.0,46.0,90.0,47.0,80.0,96.0,65.0,0.0,47.0,0.0,56.0,76.0,3.0,40.0,40.0,41.0,101.0,57.0,15.0,61.0,0.0,29.0,35.0,20.0,61.46,38.13,0.0,29.950000000000003,40.54,40.22,30.24,39.81999999999999,29.79,0.0,9.05,62.0,110.0,110.0,80.0,80.0,80.0,90.0,90.0,109.0,109.0,109.0,109.0,109.0,60.0,65.0,60.0,60.0,60.0,60.0,60.0,60.0,100.0,65.0,35.0,30.0,30.0,40.0,40.0,25.0,40.0,40.0,35.0,35.0,40.0,30.0,30.0,33.0,344.333862304688,413.666961669922,429.248931884766,367.877593994141,14.925820350647,18.6534900665283,189.7255859375,30.0,1.8925199508667,48.9093017578125,5.06190013885498,136.378143310547,140.0,66.0,128.0,62.0,204.0,110.0,159.0,156.0,117.0,149.0,149.0,162.0
SIPT123,Sri Ramakrishna Enterprises,Suryapet,Suryapet,Exclusive,1099560.0,155422.0,117.6,TG,Active,550.0,132.0,103.0,101.0,101.0,102.0,96.0,90.0,91.0,98.0,99.0,91.0,90.0,50.0,101.0,99.0,51.0,100.0,85.0,101.0,81.0,100.0,61.0,65.0,75.0,99.57,100.83,90.64,73.92,51.41,0.0,0.0,0.0,49.95,29.910000000000007,26.84,60.94,115.0,110.0,100.0,100.0,100.0,90.0,90.0,145.0,145.0,145.0,145.0,145.0,145.0,120.0,100.0,100.0,100.0,100.0,100.0,100.0,160.0,100.0,80.0,80.0,70.0,80.0,90.0,85.0,90.0,90.0,50.0,50.0,50.0,50.0,50.0,55.0,206.539993286133,562.106994628906,550.885803222656,601.5234375,398.582672119141,371.528594970703,393.577911376953,70.0,365.234527587891,432.080291748047,364.745452880859,133.57829284668,372.0,360.0,365.0,359.0,100.0,101.0,100.0,117.0,105.0,127.0,106.0,112.0
SIPT124,SRI VINAYAKA STEELS - S,Suryapet,Suryapet,Non-Exclusive,1099560.0,155422.0,39.9,TG,Active,550.0,30.0,22.0,26.0,15.0,16.0,25.0,25.0,25.0,25.0,26.0,25.0,26.0,25.0,0.0,25.0,25.0,26.0,24.0,0.0,1.0,26.0,0.0,25.0,25.0,15.14,24.98,0.0,23.48,0.0,0.0,0.0,0.0,0.0,14.96,15.14,0.0,24.0,25.0,25.0,25.0,25.0,25.0,25.0,33.0,33.0,33.0,33.0,33.0,33.0,38.0,25.0,25.0,25.0,25.0,25.0,25.0,40.0,25.0,25.0,20.0,20.0,20.0,25.0,20.0,20.0,20.0,20.0,20.0,20.0,0.0,10.0,12.0,98.5199966430664,25.5946407318115,27.6515808105469,19.3373699188232,510.596374511719,532.899536132813,518.015747070313,10.0,506.224029541016,542.871398925781,513.518493652344,61.2392387390137,23.0,90.0,99.0,82.0,51.0,38.0,41.0,32.0,42.0,36.0,36.0,38.0
SIPT126,SRI RAMA TRADERS,Suryapet,Thirumalagiri,Exclusive,1099560.0,38808.0,0.0,TG,Active,120.0,32.0,36.0,35.0,35.0,30.0,44.0,30.0,26.0,30.0,33.0,25.0,30.0,10.0,43.0,33.0,31.0,30.0,15.0,0.0,25.0,30.0,11.0,13.0,16.0,22.7,36.89,0.0,25.23,25.39,24.85,20.33,20.0,10.02,9.82,10.98,10.0,30.0,35.0,30.0,30.0,30.0,30.0,30.0,51.0,51.0,51.0,51.0,51.0,30.0,35.0,30.0,30.0,30.0,30.0,30.0,30.0,55.0,35.0,25.0,25.0,20.0,20.0,25.0,20.0,25.0,25.0,20.0,20.0,25.0,20.0,20.0,22.0,53.3948211669922,32.798168182373,49.670711517334,49.3722801208496,43.3829383850098,38.451358795166,27.1100597381592,20.0,27.5088806152344,57.2872009277344,21.3469390869141,50.702808380127,0.0,0.0,0.0,0.0,0.0,0.0,0.0,0.0,0.0,0.0,0.0,0.0
SIPT127,Panduranga Traders,Nizamabad,Armoor,Non-Exclusive,1571022.0,105132.0,23.1,TG,Active,300.0,16.0,0.0,10.0,0.0,21.0,12.0,24.0,18.0,0.0,18.0,14.0,20.0,0.0,25.0,13.0,20.0,0.0,9.0,0.0,21.0,20.0,6.0,0.0,0.0,0.0,10.44,14.93,0.0,0.0,0.0,9.96,11.490000000000002,0.0,0.0,11.850000000000001,0.0,25.0,20.0,10.0,10.0,10.0,10.0,10.0,18.0,18.0,18.0,18.0,18.0,20.0,25.0,25.0,25.0,25.0,25.0,25.0,20.0,30.0,30.0,20.0,10.0,10.0,10.0,15.0,10.0,10.0,10.0,10.0,10.0,10.0,10.0,10.0,12.0,31.3041801452637,1.37976002693176,4.96691989898682,4.44275999069214,28.3379192352295,33.6360397338867,9.44987964630127,20.0,1.79967999458313,2.55060005187988,1.85865998268127,20.3747997283936,2.0,1.0,45.0,2.0,22.0,20.0,22.0,20.0,20.0,20.0,28.0,22.0
SIPT133,,Nizamabad,Nizamabad,Non-Exclusive,1571022.0,52895.0,0.0,,,,0.0,0.0,0.0,0.0,0.0,0.0,0.0,0.0,0.0,0.0,0.0,0.0,,,,,,,,,,,,,,,,,,,,,,,,,0.0,0.0,0.0,0.0,0.0,0.0,0.0,0.0,0.0,0.0,0.0,0.0,0.0,0.0,0.0,0.0,0.0,0.0,0.0,0.0,0.0,0.0,0.0,0.0,,,,,,,,,,,,,0.0,0.0,5.0,5.0,5.0,5.0,0.0,30.0,0.0,0.0,0.0,0.0,0.0,0.0,0.0,0.0,0.0,0.0,0.0,0.0,0.0,0.0,0.0,0.0
SIPT135,Vasavi Sales Corporation,Medchal - Malkajgiri,Ghatkesar,Non-Exclusive,2460095.0,74712.0,15.75,TG,Active,1500.0,22.0,31.0,25.0,41.0,25.0,25.0,31.0,28.0,62.0,43.0,13.0,41.0,22.0,24.0,14.0,13.0,54.0,11.0,12.0,8.0,56.0,21.0,0.0,12.0,28.8,21.59,0.0,0.0,9.750000000000002,11.220000000000002,14.54,9.95,19.930000000000007,11.76,11.260000000000002,34.48,22.0,25.0,25.0,25.0,25.0,25.0,30.0,42.0,42.0,42.0,42.0,42.0,42.0,55.0,55.0,55.0,40.0,40.0,40.0,40.0,40.0,40.0,40.0,30.0,35.0,35.0,30.0,30.0,25.0,25.0,25.0,25.0,25.0,15.0,15.0,16.5,63.2680892944336,48.6028709411621,140.705535888672,103.0,2.57956004142761,65.2883529663086,36.043830871582,30.0,65.0558929443359,47.4569892883301,13.9906396865845,38.8192710876465,0.0,0.0,0.0,0.0,0.0,0.0,0.0,15.0,15.0,15.0,15.0,15.0
SIPT138,Janatha Building Materials,Vikarabad,Vikarabad,Non-Exclusive,946109.0,89496.0,84.0,TG,Active,300.0,10.0,28.0,10.0,11.0,0.0,10.0,15.0,10.0,29.0,20.0,10.0,10.0,0.0,10.0,29.0,10.0,20.0,0.0,0.0,20.0,0.0,0.0,0.0,11.0,0.0,11.52,0.0,11.62,9.89,20.4,20.5,16.199999999999996,8.309999999999999,9.740000000000007,0.0,10.18,25.0,20.0,20.0,15.0,15.0,15.0,15.0,18.0,18.0,18.0,18.0,18.0,15.0,18.0,18.0,20.0,20.0,20.0,20.0,20.0,20.0,30.0,30.0,10.0,10.0,10.0,10.0,0.0,10.0,10.0,10.0,10.0,20.0,20.0,15.0,17.0,44.3507194519043,101.493499755859,82.0793609619141,84.5624008178711,50.0890808105469,45.0,65.4556579589844,40.0,68.0466003417969,59.7091217041016,52.1780586242676,9.71784019470215,16.0,3.0,19.0,16.0,80.0,87.0,80.0,88.0,80.0,80.0,87.0,80.0
SIPT140,Om Sai Steels,Hanamkonda,Hanamkonda,Exclusive,405630.0,365053.0,55.650000000000006,TG,Active,800.0,52.0,100.0,66.0,50.0,23.0,51.0,0.0,25.0,51.0,50.0,76.0,76.0,51.0,50.0,60.0,55.0,55.0,45.0,50.0,20.0,52.0,25.0,56.0,25.0,19.44,40.72,19.94,55.27,25.24,42.08,24.8,15.9,34.7,14.879999999999995,24.89,56.010000000000005,100.0,100.0,80.0,80.0,80.0,50.0,50.0,68.0,68.0,68.0,68.0,68.0,68.0,73.0,50.0,50.0,50.0,50.0,50.0,50.0,75.0,50.0,50.0,50.0,50.0,50.0,50.0,50.0,55.0,55.0,50.0,50.0,50.0,35.0,35.0,38.5,92.4031829833984,117.767601013184,31.520959854126,17.0526103973389,155.845596313477,109.266738891602,91.2428817749023,110.0,88.8609008789063,212.891296386719,146.32975769043,596.688354492188,500.0,590.0,560.0,555.0,38.0,35.0,20.0,106.0,24.0,42.0,7.0,53.0
SIPT143,Laxmi Iron Cement & General Merchant,Mahabubabad,Kesamudram,Non-Exclusive,774549.0,52984.0,534.45,TG,Active,1000.0,24.0,0.0,35.0,22.0,15.0,20.0,21.0,22.0,25.0,29.0,31.0,25.0,0.0,27.0,25.0,5.0,45.0,0.0,25.0,26.0,25.0,15.0,30.0,29.0,32.03,0.0,24.87,25.4,25.24,25.75,36.42,52.28,25.26,29.28,0.0,33.730000000000004,22.0,22.0,20.0,0.0,22.0,20.0,20.0,22.0,22.0,22.0,22.0,22.0,25.0,30.0,25.0,25.0,25.0,25.0,25.0,25.0,30.0,30.0,30.0,25.0,25.0,25.0,25.0,25.0,25.0,25.0,35.0,35.0,35.0,30.0,30.0,33.0,70.3197631835938,71.8548812866211,57.3589401245117,44.9704093933105,17.3378295898438,4.16065979003906,7.29570007324219,30.0,19.431079864502,51.3741683959961,57.3141212463379,129.859375,100.0,156.0,189.0,180.0,527.0,538.0,504.0,508.0,527.0,519.0,527.0,509.0
SIPT144,Venkateswara Steels,Mahabubabad,Mahaboobabad  ,Exclusive,774549.0,,28.35,TG,Active,250.0,25.0,25.0,31.0,34.0,10.0,35.0,26.0,0.0,10.0,20.0,25.0,28.0,23.0,26.0,26.0,25.0,47.0,28.0,29.0,25.0,35.0,10.0,10.0,33.0,39.18,15.2,27.07,15.41,11.91,9.94,10.12,13.36,21.31,9.53,26.19,11.709999999999999,25.0,25.0,25.0,30.0,30.0,25.0,25.0,39.0,39.0,39.0,39.0,39.0,25.0,30.0,25.0,25.0,25.0,25.0,25.0,25.0,25.0,25.0,25.0,25.0,25.0,25.0,25.0,25.0,30.0,30.0,35.0,35.0,35.0,25.0,25.0,27.5,65.0634078979492,32.3274803161621,72.9165802001953,38.7983093261719,57.5586585998535,66.9922485351563,110.483009338379,40.0,40.9480018615723,41.3114814758301,110.193710327148,115.069999694824,0.0,0.0,0.0,0.0,0.0,0.0,0.0,0.0,0.0,25.0,42.0,27.0
SIPT145,Sri Sai Ram Iron And Cement,Mahabubabad,Maripeda,Non-Exclusive,774549.0,70036.0,67.2,TG,Active,600.0,0.0,0.0,18.0,0.0,0.0,0.0,0.0,15.0,11.0,12.0,8.0,13.0,5.0,0.0,8.0,0.0,10.0,0.0,10.0,0.0,27.0,0.0,11.0,0.0,10.03,0.0,9.08,8.25,8.53,0.0,13.869999999999996,25.61,0.0,0.0,8.41,9.8,0.0,15.0,15.0,0.0,0.0,0.0,0.0,15.0,15.0,15.0,15.0,31.0,15.0,20.0,15.0,15.0,15.0,15.0,15.0,15.0,15.0,15.0,15.0,10.0,10.0,10.0,15.0,15.0,10.0,10.0,10.0,10.0,10.0,10.0,10.0,10.0,12.9661598205566,0.505079984664917,5.0,5.0,30.0,30.0,30.0,20.0,30.6871204376221,31.1278705596924,32.4287986755371,92.6640014648438,35.0,71.0,77.0,88.0,76.0,65.0,63.0,62.0,77.0,65.0,66.0,64.0
SIPT147,SRI VENKATESHWARA IRON & HARDWARE MERCHANT,Warangal,Narsampet  ,Non-Exclusive,737148.0,76637.0,21.0,TG,Active,1000.0,24.0,21.0,22.0,6.0,22.0,10.0,12.0,22.0,0.0,45.0,24.0,13.0,29.0,65.0,31.0,30.0,48.0,13.0,25.0,25.0,25.0,16.0,33.0,27.0,37.3,24.41,0.0,25.46,11.95,12.25,34.95,25.59,24.290000000000003,14.44,24.47,38.739999999999995,45.0,45.0,40.0,40.0,0.0,25.0,25.0,61.0,61.0,61.0,61.0,61.0,25.0,30.0,30.0,30.0,30.0,30.0,25.0,25.0,25.0,25.0,25.0,25.0,30.0,25.0,25.0,25.0,30.0,30.0,35.0,35.0,40.0,30.0,25.0,27.5,68.9270095825195,36.799919128418,54.6708717346191,72.2429504394531,28.1294002532959,22.1079196929932,5.78136014938354,40.0,5.57999992370605,45.753360748291,69.6324996948242,150.331802368164,2.0,0.0,0.0,0.0,20.0,20.0,20.0,20.0,20.0,20.0,20.0,20.0
SIPT149,Venkataramana Iron & Hardware,Mahabubabad,Thorrur,Non-Exclusive,774549.0,68400.0,112.35,TG,Active,600.0,28.0,19.0,24.0,28.0,25.0,13.0,16.0,8.0,8.0,10.0,24.0,7.0,18.0,22.0,0.0,10.0,0.0,16.0,0.0,15.0,20.0,0.0,20.0,15.0,9.66,25.02,15.009999999999998,10.03,15.890000000000002,0.0,0.0,15.43,5.44,18.590000000000003,15.649999999999999,0.0,25.0,25.0,22.0,25.0,25.0,15.0,15.0,22.0,22.0,22.0,22.0,22.0,20.0,25.0,25.0,25.0,25.0,25.0,25.0,20.0,30.0,30.0,20.0,10.0,15.0,20.0,20.0,15.0,15.0,15.0,20.0,20.0,20.0,20.0,20.0,22.0,56.856819152832,6.62825012207031,43.4975891113281,41.8372497558594,31.8126697540283,32.387279510498,35.7554397583008,30.0,31.5520801544189,30.3316192626953,79.2007217407227,74.3051223754883,0.0,0.0,0.0,85.0,114.0,103.0,113.0,101.0,119.0,85.0,92.0,107.0
SIPT150,Maha Lakshmi Steels,Warangal,Warangal,Exclusive,737148.0,26877.0,170.1,TG,Active,1000.0,80.0,73.0,76.0,99.0,36.0,75.0,51.0,0.0,52.0,83.0,77.0,101.0,75.0,106.0,106.0,25.0,151.0,51.0,52.0,75.0,51.0,25.0,51.0,25.0,137.14,0.0,25.04,24.86,0.0,50.28,0.0,51.06,0.0,0.0,0.0,,130.0,120.0,100.0,100.0,100.0,75.0,80.0,98.0,98.0,98.0,98.0,98.0,100.0,100.0,75.0,110.0,110.0,110.0,75.0,75.0,100.0,75.0,75.0,60.0,60.0,60.0,60.0,50.0,80.0,80.0,80.0,35.0,35.0,0.0,0.0,0.0,88.0598602294922,83.5894775390625,33.7244415283203,58.1186408996582,101.45622253418,35.4314002990723,6.19740009307861,80.0,19.1826000213623,7.98203992843628,117.351600646973,652.581970214844,654.0,594.0,675.0,595.0,183.0,134.0,113.0,152.0,115.0,114.0,232.0,162.0
SIPT151,Padmalaya Enterprises,Warangal,Warangal,Exclusive,737148.0,26877.0,657.3000000000001,TG,Active,1000.0,144.0,131.0,111.0,106.0,111.0,80.0,25.0,50.0,75.0,75.0,75.0,102.0,76.0,101.0,100.0,50.0,75.0,75.0,90.0,30.0,103.0,25.0,10.0,16.0,73.43,50.370000000000005,50.82000000000001,55.35,22.24,25.04,30.059999999999995,41.04,76.32,9.95,50.86000000000001,24.48,130.0,130.0,110.0,110.0,110.0,110.0,80.0,136.0,136.0,136.0,136.0,136.0,100.0,100.0,75.0,110.0,110.0,110.0,75.0,75.0,100.0,100.0,100.0,50.0,50.0,50.0,50.0,50.0,85.0,85.0,110.0,80.0,75.0,50.0,50.0,55.0,229.309600830078,173.554260253906,81.7790374755859,60.8347816467285,56.74169921875,59.0561981201172,119.005271911621,100.0,43.6682510375977,103.309196472168,84.3166809082031,550.701416015625,445.0,505.0,517.0,454.0,587.0,607.0,718.0,606.0,602.0,624.0,639.0,626.0
SIPT159,Swastik Vishaka Steel Pvt Ltd.,Hyderabad,Bowenpally,Non-Exclusive,3943323.0,,182.7,TG,Active,300.0,83.0,25.0,67.0,33.0,33.0,65.0,31.0,20.0,65.0,80.0,91.0,55.0,46.0,54.0,34.0,39.0,60.0,38.0,20.0,43.0,54.0,12.0,20.0,35.0,72.62,36.92,24.47999999999999,0.0,30.989999999999995,0.0,29.77,55.710000000000015,40.19000000000001,19.23,15.930000000000003,19.43,75.0,75.0,65.0,65.0,65.0,65.0,65.0,76.0,76.0,76.0,76.0,76.0,75.0,75.0,75.0,75.0,75.0,75.0,75.0,75.0,75.0,50.0,60.0,50.0,50.0,70.0,50.0,50.0,50.0,50.0,50.0,50.0,40.0,40.0,40.0,44.0,138.51985168457,37.0675506591797,89.3113632202148,52.3866310119629,39.8156890869141,53.1552886962891,23.2263603210449,70.0,38.8615303039551,47.0137786865234,38.5024909973145,46.9028282165527,46.0,16.0,40.0,33.0,174.0,153.0,162.0,168.0,175.0,160.0,173.0,174.0
SIPT162,Baheti Steel Industries,Hyderabad,Nacharam,Non-Exclusive,3943323.0,,256.2,TG,Active,1000.0,35.0,13.0,36.0,16.0,35.0,35.0,7.0,25.0,39.0,24.0,20.0,27.0,31.0,32.0,39.0,10.0,30.0,15.0,36.0,18.0,21.0,12.0,10.0,23.0,24.07,23.48,9.87,15.31,11.72,15.45,15.13,17.68,0.0,9.7,0.0,15.93,35.0,35.0,35.0,35.0,35.0,35.0,35.0,42.0,42.0,42.0,42.0,79.0,42.0,50.0,50.0,50.0,50.0,50.0,50.0,50.0,50.0,50.0,50.0,25.0,20.0,20.0,20.0,20.0,30.0,30.0,30.0,30.0,30.0,25.0,25.0,27.5,213.625183105469,22.0005798339844,80.8167037963867,129.0,55.3357810974121,74.5160522460938,15.3544902801514,80.0,12.5053596496582,26.5979995727539,19.101749420166,7.50788021087646,51.0,33.0,0.0,4.0,200.0,210.0,282.0,245.0,203.0,211.0,220.0,244.0
SIPT164,Sri Rama Traders (E),Khammam,Enkoor,Non-Exclusive,1401639.0,35342.0,66.15,TG,Active,120.0,14.0,15.0,12.0,7.0,16.0,27.0,15.0,18.0,22.0,20.0,26.0,23.0,20.0,22.0,25.0,28.0,0.0,12.0,0.0,15.0,15.0,10.0,10.0,15.0,0.0,15.799999999999995,17.38,14.54,0.0,17.43,17.240000000000002,0.0,11.85,12.91,0.0,13.02,20.0,12.0,15.0,15.0,15.0,15.0,15.0,23.0,23.0,23.0,23.0,23.0,23.0,28.0,25.0,25.0,25.0,25.0,25.0,15.0,20.0,20.0,20.0,15.0,15.0,15.0,15.0,15.0,18.0,18.0,20.0,20.0,20.0,13.0,13.0,14.3,26.8967990875244,19.5974407196045,20.9745998382568,20.898380279541,48.8576698303223,24.8241100311279,49.5463104248047,20.0,28.3172092437744,35.7401390075684,24.7097492218018,102.434120178223,90.0,105.0,110.0,112.0,30.0,13.0,39.0,37.0,40.0,20.0,27.0,63.0
SIPT165,Priyanka Enterprises,Hyderabad,Kondapur,Non-Exclusive,3943323.0,,65.10000000000001,TG,Inactive,,7.0,15.0,17.0,29.0,28.0,18.0,20.0,10.0,29.0,19.0,23.0,19.0,21.0,33.0,23.0,34.0,21.0,22.0,23.0,12.0,11.0,0.0,22.0,13.0,0.0,0.0,0.0,0.0,0.0,0.0,0.0,0.0,0.0,0.0,,,15.0,15.0,15.0,12.0,15.0,15.0,20.0,29.0,29.0,29.0,29.0,29.0,25.0,20.0,20.0,20.0,20.0,20.0,20.0,20.0,20.0,20.0,20.0,20.0,20.0,20.0,20.0,20.0,0.0,0.0,0.0,0.0,0.0,0.0,0.0,0.0,19.2674808502197,2.38642001152039,7.38641977310181,20.9654998779297,39.2772903442383,25.2682209014893,19.6450595855713,10.0,50.6912803649902,38.8240585327148,29.7756099700928,5.96553993225098,24.0,30.0,39.0,37.0,69.0,68.0,78.0,58.0,61.0,57.0,78.0,62.0
SIPT167,Sri Srinivasa Traders (N),Medak,Narsapur,Non-Exclusive,766153.0,,91.35,TG,Active,472.5,6.0,4.0,0.0,2.0,5.0,9.0,6.0,11.0,11.0,10.0,6.0,7.0,10.0,6.0,0.0,0.0,0.0,6.0,0.0,8.0,0.0,3.0,0.0,0.0,0.0,0.0,5.3100000000000005,0.0,7.53,6.73,0.0,10.36,9.76,0.0,0.0,6.57,10.0,10.0,10.0,10.0,10.0,10.0,10.0,10.0,10.0,10.0,10.0,10.0,10.0,10.0,10.0,10.0,10.0,10.0,10.0,10.0,10.0,10.0,10.0,10.0,10.0,10.0,10.0,10.0,10.0,10.0,10.0,10.0,10.0,10.0,10.0,11.0,10.0112199783325,4.49435997009277,8.46292972564697,12.4461603164673,8.16860008239746,7.25095987319946,1.45835995674133,50.0,15.1581602096558,2.57134008407593,4.17282009124756,42.3892784118652,88.0,83.0,72.0,75.0,86.0,81.0,100.0,86.0,101.0,97.0,96.0,87.0
SIPT170,,Bhadradri Kothagudem,Kothagudem,Non-Exclusive,1069261.0,79819.0,0.0,,,,35.0,0.0,0.0,0.0,0.0,0.0,0.0,0.0,0.0,0.0,0.0,0.0,,,,,,,,,,,,,,,,,,,,,,,,,35.0,35.0,0.0,0.0,0.0,0.0,0.0,0.0,0.0,0.0,0.0,0.0,0.0,0.0,0.0,0.0,0.0,0.0,0.0,0.0,0.0,0.0,0.0,0.0,,,,,,,,,,,,,69.7668685913086,72.6492385864258,75.1056823730469,75.5636367797852,5.0,5.0,0.0,20.0,0.0,0.0,0.0,0.0,0.0,0.0,0.0,0.0,0.0,0.0,0.0,0.0,0.0,0.0,0.0,0.0
SIPT179,WAHAB SAAB AGENCIES,Jogulamba Gadwal,Gadwal,Non-Exclusive,574969.0,114390.0,49.35,TG,Active,350.0,67.0,68.0,76.0,46.0,38.0,20.0,52.0,20.0,11.0,20.0,48.0,24.0,26.0,24.0,40.0,22.0,22.0,56.0,30.0,22.0,22.0,25.0,26.0,0.0,30.22,23.94,0.0,24.82,29.910000000000004,0.0,30.48,0.0,38.87,11.54,26.0,41.480000000000004,90.0,75.0,70.0,70.0,70.0,50.0,50.0,73.0,73.0,73.0,73.0,73.0,70.0,70.0,50.0,50.0,50.0,50.0,50.0,50.0,75.0,60.0,50.0,40.0,40.0,40.0,40.0,25.0,30.0,30.0,20.0,20.0,25.0,30.0,25.0,25.0,136.953353881836,47.961799621582,104.20970916748,164.895355224609,85.0920181274414,75.6947708129883,127.582359313965,80.0,126.700721740723,101.168121337891,108.237258911133,191.790161132813,61.0,11.0,13.0,31.0,66.0,42.0,45.0,45.0,44.0,45.0,44.0,47.0
SIPT180,Sri Laxmi Narasimha Steel Traders,Vikarabad,Tandur,Non-Exclusive,946109.0,118776.0,159.6,TG,Active,190.0,31.0,25.0,33.0,12.0,38.0,15.0,29.0,38.0,31.0,26.0,10.0,10.0,26.0,0.0,31.0,10.0,20.0,10.0,10.0,25.0,21.0,0.0,0.0,10.0,11.35,12.21,10.22,20.54,19.04,19.22,24.64,10.04,15.54,14.55,14.97,16.580000000000002,25.0,25.0,20.0,15.0,15.0,15.0,15.0,31.0,31.0,31.0,31.0,31.0,25.0,25.0,20.0,20.0,20.0,20.0,20.0,20.0,20.0,20.0,20.0,15.0,15.0,15.0,15.0,0.0,20.0,20.0,10.0,10.0,15.0,15.0,15.0,17.0,48.0292282104492,4.25207996368408,20.7376899719238,8.53923988342285,43.2265014648438,45.9339408874512,34.2942695617676,30.0,22.1689300537109,13.1997499465942,13.0620002746582,13.6634397506714,11.0,27.0,34.0,3.0,176.0,160.0,154.0,179.0,150.0,150.0,152.0,152.0
SIPT181,,Siddipet,Siddipet,Non-Exclusive,1012065.0,168105.0,0.0,,,,0.0,0.0,0.0,0.0,0.0,0.0,0.0,0.0,0.0,0.0,0.0,0.0,,,,,,,,,,,,,,,,,,,,,,,,,0.0,0.0,0.0,0.0,0.0,0.0,0.0,0.0,0.0,0.0,0.0,0.0,0.0,0.0,0.0,0.0,0.0,0.0,0.0,0.0,0.0,0.0,0.0,0.0,,,,,,,,,,,,,0.0,0.0,5.0,5.0,5.0,5.0,0.0,100.0,0.0,0.0,0.0,0.0,0.0,0.0,0.0,0.0,0.0,0.0,0.0,0.0,0.0,0.0,0.0,0.0
SIPT185,RAVI STEEL TRADERS (K),Karimnagar,Karimnagar,Non-Exclusive,1162156.0,363106.0,105.0,TG,Active,210.0,60.0,50.0,83.0,71.0,72.0,71.0,40.0,20.0,20.0,52.0,40.0,40.0,40.0,82.0,81.0,61.0,61.0,41.0,40.0,41.0,42.0,0.0,20.0,41.0,19.95,0.0,19.880000000000003,20.65,20.2,20.31,20.630000000000003,19.969999999999995,20.9,0.0,19.490000000000002,21.470000000000002,80.0,80.0,70.0,70.0,70.0,60.0,60.0,93.0,93.0,93.0,93.0,93.0,80.0,80.0,60.0,60.0,60.0,60.0,60.0,60.0,70.0,60.0,60.0,40.0,50.0,50.0,40.0,30.0,40.0,40.0,35.0,35.0,35.0,25.0,20.0,22.0,109.909439086914,60.150089263916,81.3930130004883,94.9641799926758,85.1220169067383,61.8066291809082,88.3549575805664,120.0,11.0976295471191,93.9179611206055,43.3435516357422,223.803985595703,195.0,171.0,190.0,163.0,61.0,40.0,41.0,34.0,44.0,6.0,18.0,100.0
SIPT186,,Jangaon,Jangaon ,Non-Exclusive,534991.0,92446.0,0.0,,,,35.0,0.0,11.0,26.0,0.0,22.0,0.0,0.0,22.0,14.0,26.0,0.0,,,,,,,,,,,,,,,,,,,,,,,,,20.0,20.0,20.0,25.0,25.0,20.0,20.0,20.0,20.0,20.0,20.0,0.0,0.0,0.0,0.0,0.0,0.0,0.0,0.0,0.0,0.0,0.0,0.0,0.0,,,,,,,,,,,,,39.9987983703613,30.9743995666504,24.6499996185303,21.8442897796631,17.9937896728516,22.1940402984619,61.7840003967285,200.0,17.9479999542236,46.9724006652832,17.047399520874,0.0,0.0,0.0,0.0,0.0,0.0,0.0,0.0,0.0,0.0,0.0,0.0,0.0
SIPT187,Sri Ramalingeshwara Fertilizers,Medak,Medak,Non-Exclusive,766153.0,74275.0,226.8,TG,Active,500.0,35.0,12.0,32.0,35.0,31.0,30.0,30.0,0.0,30.0,22.0,41.0,32.0,0.0,30.0,26.0,11.0,30.0,26.0,0.0,30.0,0.0,35.0,35.0,0.0,0.0,30.07,30.04,15.21,0.0,24.89,0.0,20.19,19.82,26.57,19.800000000000004,23.31,30.0,30.0,25.0,30.0,30.0,30.0,30.0,35.0,35.0,35.0,35.0,35.0,35.0,35.0,35.0,35.0,35.0,35.0,35.0,30.0,35.0,35.0,35.0,35.0,30.0,30.0,30.0,30.0,25.0,25.0,20.0,20.0,20.0,20.0,20.0,22.0,59.6138305664063,5.88993978500366,65.1921463012695,24.0,40.3726997375488,27.2081298828125,26.8090400695801,30.0,33.0134696960449,35.0601997375488,49.2611503601074,364.087829589844,0.0,0.0,0.0,0.0,0.0,200.0,207.0,206.0,202.0,207.0,202.0,216.0
SIPT190,,Bhadradri Kothagudem,Manuguru,Non-Exclusive,1069261.0,72117.0,0.0,,,,35.0,0.0,0.0,3.0,0.0,0.0,0.0,0.0,0.0,0.0,0.0,0.0,,,,,,,,,,,,,,,,,,,,,,,,,20.0,10.0,0.0,0.0,0.0,0.0,0.0,0.0,0.0,0.0,0.0,0.0,0.0,0.0,0.0,0.0,0.0,0.0,0.0,0.0,0.0,0.0,0.0,0.0,,,,,,,,,,,,,51.8327293395996,61.8016815185547,62.2889404296875,64.0603408813477,10.0,10.0,0.0,20.0,0.0,0.0,0.0,0.0,0.0,0.0,0.0,0.0,0.0,0.0,0.0,0.0,0.0,0.0,0.0,0.0
SIPT191,Venkata Sai Traders,Rangareddy,Turkayamjal,Non-Exclusive,2426243.0,,223.65,TG,Active,700.0,45.0,0.0,32.0,35.0,58.0,37.0,54.0,46.0,60.0,20.0,24.0,30.0,49.0,38.0,64.0,40.0,51.0,48.0,64.0,37.0,95.0,0.0,25.0,56.0,39.75,39.82,11.57,39.17,33.26,13.93,0.0,24.42,66.24,54.48,55.39999999999998,74.09000000000003,40.0,40.0,30.0,30.0,30.0,35.0,40.0,54.0,54.0,54.0,54.0,68.0,50.0,60.0,50.0,50.0,50.0,45.0,45.0,45.0,50.0,80.0,60.0,55.0,40.0,40.0,39.82,39.82,55.0,55.0,55.0,55.0,55.0,55.0,55.0,70.0,59.0121307373047,24.4400405883789,50.5564002990723,57.4054107666016,74.6168365478516,114.35929107666,136.611694335938,50.0,123.770896911621,91.4827270507813,63.8673400878906,54.7970581054688,70.0,96.0,82.0,83.0,219.0,211.0,204.0,204.0,204.0,200.0,203.0,213.0
SIPT192,Vittal And Sons,Sangareddy,Sangareddy,Non-Exclusive,1528903.0,106500.0,55.650000000000006,TG,Active,1100.0,6.0,0.0,5.0,2.0,3.0,15.0,0.0,10.0,10.0,16.0,23.0,0.0,0.0,0.0,15.0,0.0,0.0,16.0,0.0,0.0,25.0,0.0,0.0,0.0,0.0,0.0,0.0,2.63,14.44,15.55,10.35,4.27,5.15,0.0,0.0,1.75,20.0,20.0,10.0,10.0,15.0,15.0,15.0,15.0,15.0,15.0,15.0,44.0,20.0,20.0,15.0,20.0,20.0,20.0,20.0,20.0,20.0,20.0,20.0,5.0,0.0,0.0,0.0,0.0,10.0,10.0,10.0,10.0,20.0,10.0,10.0,11.0,32.8229484558105,11.4953603744507,9.25201988220215,9.08123970031738,17.4597797393799,19.5452003479004,32.4961013793945,60.0,22.1544799804688,31.1889190673828,19.1319198608398,6.1113600730896,152.0,175.0,212.0,156.0,74.0,74.0,49.0,55.0,51.0,54.0,113.0,53.0
SIPT193,Sri Mahalaxmi Cement Traders,Nagarkurnool,Nagarkurnool,Non-Exclusive,861766.0,,71.4,TG,Active,2625.0,33.0,12.0,19.0,30.0,19.0,30.0,25.0,0.0,0.0,30.0,43.0,28.0,24.0,25.0,0.0,28.0,20.0,15.0,0.0,0.0,21.0,0.0,10.0,20.0,0.0,15.19,20.2,0.0,9.83,19.9,0.0,19.73,20.71,19.54,19.810000000000002,17.990000000000002,30.0,30.0,30.0,30.0,30.0,30.0,30.0,35.0,35.0,35.0,35.0,52.0,30.0,35.0,35.0,35.0,35.0,35.0,35.0,25.0,35.0,30.0,30.0,15.0,15.0,20.0,20.0,25.0,20.0,20.0,20.0,20.0,22.0,25.0,25.0,20.0,51.0916709899902,28.0687198638916,25.9731292724609,24.2372398376465,34.0441703796387,13.3400201797485,56.7028694152832,100.0,12.5351400375366,71.7162399291992,16.0538196563721,72.8419418334961,81.0,102.0,109.0,105.0,24.0,10.0,10.0,3.0,0.0,12.0,5.0,68.0
SIPT194,Sai Chaitanya Steel Agencies,Mahabubnagar,Jadcherla,Non-Exclusive,905660.0,104141.0,132.3,TG,Active,315.0,45.0,46.0,30.0,24.0,30.0,30.0,52.0,31.0,50.0,0.0,24.0,25.0,30.0,30.0,0.0,28.0,30.0,0.0,24.0,30.0,29.0,0.0,31.0,0.0,14.579999999999998,14.45,15.21,10.04,25.31,19.22,46.52,25.51,54.51,38.38,25.140000000000004,29.900000000000002,45.0,45.0,40.0,40.0,40.0,30.0,30.0,54.0,54.0,54.0,54.0,54.0,30.0,30.0,35.0,35.0,35.0,35.0,35.0,30.0,40.0,35.0,25.0,15.0,15.0,20.0,20.0,25.0,20.0,20.0,20.0,20.0,30.0,40.0,40.0,30.0,58.474609375,45.2509918212891,20.8245105743408,39.6130714416504,33.0348815917969,22.2982196807861,84.2663726806641,150.0,44.7701606750488,21.6162605285645,50.9418182373047,103.299438476563,109.0,98.0,121.0,109.0,123.0,103.0,122.0,120.0,109.0,104.0,122.0,126.0
SIPT195,MALLIKARJUNA TILES & STONES,Peddapalli,Peddapali,Exclusive,635391.0,,171.15,TG,Active,500.0,71.0,76.0,59.0,91.0,66.0,70.0,64.0,51.0,51.0,60.0,76.0,95.0,99.0,84.0,99.0,68.0,131.0,0.0,102.0,25.0,0.0,26.0,50.0,50.0,50.68,49.94,0.0,24.91,24.28,20.380000000000003,0.0,0.0,29.640000000000004,24.6,21.93,24.29,60.0,60.0,60.0,70.0,70.0,70.0,70.0,104.0,104.0,104.0,104.0,104.0,100.0,100.0,100.0,100.0,100.0,100.0,100.0,100.0,75.0,75.0,75.0,50.0,60.0,60.0,50.0,50.0,60.0,60.0,50.0,50.0,30.0,22.0,22.0,24.2,143.163528442383,33.3224601745605,166.573516845703,192.963195800781,46.6362800598145,53.0937194824219,62.868480682373,10.0,31.4670391082764,124.976768493652,84.5081634521484,445.785980224609,426.0,282.0,397.0,348.0,156.0,110.0,178.0,131.0,135.0,158.0,128.0,163.0
SIPT197,ANJANEYA IRON & HARDWARE,Peddapalli,Sultanabad,Non-Exclusive,635391.0,63454.0,332.85,TG,Active,150.0,30.0,0.0,25.0,25.0,25.0,21.0,20.0,20.0,27.0,30.0,50.0,27.0,30.0,20.0,51.0,20.0,41.0,20.0,21.0,20.0,30.0,23.0,20.0,30.0,25.46,24.99,25.11,25.32,24.66,0.0,20.35,20.58,22.52,24.76,24.73,29.400000000000002,25.0,25.0,25.0,25.0,25.0,20.0,20.0,27.0,27.0,27.0,27.0,27.0,20.0,20.0,20.0,20.0,20.0,20.0,20.0,20.0,20.0,20.0,20.0,20.0,25.0,25.0,25.0,25.0,25.0,25.0,20.0,20.0,22.0,20.0,25.0,27.5,48.9051208496094,2.65601992607117,11.1185398101807,8.12559032440186,35.2122993469238,34.6437606811523,107.509803771973,20.0,33.5051383972168,84.3810501098633,94.8474197387695,130.91259765625,102.0,109.0,116.0,102.0,302.0,301.0,301.0,320.0,308.0,305.0,299.0,317.0
SIPT198,LAKSHMI TRADERS (K),Khammam,Khammam,Non-Exclusive,1401639.0,356857.0,118.65,TG,Active,2000.0,30.0,0.0,40.0,48.0,25.0,25.0,27.0,0.0,25.0,30.0,35.0,31.0,0.0,71.0,0.0,61.0,0.0,0.0,54.0,53.0,80.0,15.0,0.0,60.0,0.0,35.83000000000001,30.67,30.18,38.21,0.0,0.0,9.14,14.87,22.04,0.0,34.5,25.0,25.0,25.0,25.0,25.0,25.0,25.0,35.0,35.0,35.0,35.0,35.0,35.0,35.0,60.0,60.0,60.0,60.0,0.0,50.0,70.0,60.0,30.0,30.0,30.0,40.0,40.0,50.0,45.0,45.0,35.0,35.0,35.0,15.0,20.0,22.0,57.354549407959,16.96462059021,27.9628105163574,29.8173408508301,42.0575408935547,56.2143096923828,24.5245895385742,30.0,3.3591001033783,2.69619011878967,3.79770994186401,521.639099121094,526.0,404.0,410.0,423.0,96.0,85.0,154.0,133.0,112.0,107.0,114.0,113.0
SIPT201,NEELIMA TRADERS,Nirmal,NIRMAL,Non-Exclusive,709418.0,32034.0,460.9500000000001,TG,Active,800.0,36.0,10.0,22.0,22.0,30.0,25.0,25.0,0.0,27.0,25.0,43.0,30.0,0.0,29.0,25.0,25.0,31.0,0.0,30.0,25.0,45.0,0.0,37.0,23.0,16.369999999999997,0.0,31.03,0.0,24.860000000000003,20.33,25.31,21.189999999999998,22.289999999999992,25.870000000000005,21.35,4.0,25.0,30.0,30.0,30.0,30.0,25.0,25.0,36.0,36.0,36.0,36.0,36.0,30.0,30.0,30.0,30.0,30.0,30.0,30.0,25.0,35.0,35.0,35.0,30.0,30.0,30.0,20.0,20.0,20.0,20.0,20.0,20.0,20.0,20.0,20.0,22.0,62.9429588317871,139.810592651367,136.752807617188,134.940933227539,34.9714012145996,38.5559196472168,35.1399917602539,40.0,11.9619998931885,33.1029891967773,22.1460094451904,115.380043029785,127.0,106.0,118.0,129.0,419.0,419.0,421.0,418.0,422.0,423.0,400.0,439.0
SIPT202,MBP HARDWARE,Mahabubnagar,MAKTHAL,Exclusive,905660.0,,107.1,TG,Active,120.0,21.0,0.0,23.0,24.0,15.0,10.0,26.0,0.0,24.0,23.0,15.0,29.0,31.0,37.0,30.0,22.0,16.0,42.0,30.0,29.0,30.0,30.0,0.0,0.0,25.42,21.22,25.07,20.610000000000003,26.73,26.05,22.390000000000004,20.06,15.55,19.56,21.049999999999997,21.8,25.0,20.0,20.0,25.0,25.0,25.0,25.0,23.0,23.0,23.0,23.0,35.0,30.0,35.0,30.0,30.0,30.0,30.0,30.0,30.0,30.0,30.0,35.0,25.0,20.0,20.0,25.0,20.0,30.0,30.0,20.0,20.0,25.0,20.0,20.0,22.0,29.6057090759277,2.03713989257813,22.5214996337891,33.289119720459,123.276161193848,159.283737182617,138.87858581543,10.0,148.237365722656,141.822204589844,135.539764404297,17.9223003387451,47.0,46.0,26.0,54.0,165.0,142.0,132.0,114.0,127.0,119.0,151.0,102.0
SIPT205,Sri Rama Steel And Cement,Medchal - Malkajgiri,Narapally,Non-Exclusive,2460095.0,,155.4,TG,Active,650.0,53.0,65.0,66.0,90.0,102.0,117.0,81.0,57.0,103.0,77.0,115.0,120.0,101.0,109.0,89.0,69.0,79.0,75.0,92.0,73.0,125.0,42.0,61.0,101.0,54.44,104.01,53.43000000000001,61.33,50.900000000000006,69.06,69.38000000000001,93.76,70.81,68.18,49.879999999999995,82.93999999999998,65.0,65.0,55.0,55.0,55.0,60.0,80.0,115.0,115.0,115.0,115.0,115.0,120.0,156.0,156.0,156.0,156.0,90.0,90.0,90.0,100.0,130.0,120.0,80.0,100.0,100.0,100.0,70.0,75.0,75.0,75.0,75.0,75.0,70.0,80.0,88.0,70.3009567260742,104.189971923828,164.1728515625,146.097106933594,115.72225189209,124.634323120117,78.1750564575195,150.0,9.79366970062256,82.9469680786133,79.5579528808594,161.270614624023,218.0,259.0,241.0,283.0,107.0,84.0,75.0,73.0,7.0,18.0,38.0,148.0
SIPT206,CHARMINAR TRADERS,Nizamabad,Nizamabad,Non-Exclusive,1571022.0,52895.0,157.5,TG,Active,1000.0,14.0,34.0,35.0,37.0,21.0,12.0,0.0,16.0,39.0,0.0,24.0,33.0,12.0,36.0,12.0,36.0,57.0,30.0,0.0,31.0,30.0,11.0,0.0,20.0,0.0,15.19,10.62,9.82,14.8,0.0,0.0,10.499999999999998,21.84,14.990000000000002,9.96,0.0,30.0,30.0,30.0,30.0,30.0,30.0,30.0,32.0,32.0,32.0,32.0,32.0,32.0,37.0,35.0,35.0,35.0,35.0,35.0,30.0,40.0,40.0,40.0,25.0,25.0,25.0,25.0,20.0,25.0,25.0,20.0,20.0,20.0,20.0,20.0,22.0,44.7588005065918,61.6549415588379,100.280288696289,117.06175994873,64.6541366577148,79.6969223022461,66.6959991455078,30.0,71.5548400878906,85.9870986938477,76.4136428833008,18.3365993499756,10.0,65.0,21.0,16.0,235.0,150.0,150.0,150.0,196.0,173.0,170.0,150.0
SIPT207,Swastik Steel Udyog,Medchal - Malkajgiri,Dulapally,Non-Exclusive,2460095.0,63194.0,475.65,TG,Active,300.0,8.0,30.0,21.0,27.0,31.0,30.0,30.0,0.0,33.0,51.0,47.0,17.0,28.0,20.0,0.0,12.0,26.0,15.0,0.0,12.0,0.0,0.0,0.0,10.0,0.0,0.0,12.37,0.0,15.06,11.91,3.88,0.0,0.5,9.82,5.7700000000000005,11.73,40.0,30.0,30.0,30.0,30.0,30.0,30.0,37.0,37.0,37.0,37.0,37.0,35.0,35.0,35.0,35.0,25.0,20.0,20.0,20.0,20.0,20.0,20.0,10.0,10.0,10.0,10.0,10.0,10.0,10.0,10.0,10.0,10.0,10.0,10.0,11.0,45.6130485534668,16.9384307861328,28.7101993560791,98.2859115600586,62.2318687438965,69.2189788818359,60.854679107666,20.0,72.1173934936523,64.0827865600586,63.370059967041,8.86867046356201,58.0,263.0,259.0,228.0,468.0,434.0,431.0,439.0,452.0,415.0,454.0,453.0
SIPT209,TAWAKKAL TRADERS,Narayanpet,Narayanapet,Exclusive,562148.0,,159.6,TG,Active,90.0,36.0,30.0,23.0,22.0,32.0,27.0,50.0,32.0,30.0,31.0,31.0,37.0,32.0,36.0,42.0,32.0,22.0,23.0,25.0,30.0,51.0,14.0,16.0,25.0,48.88,25.32,20.67,19.94,25.78,15.04,19.95,20.66,25.49,22.83,19.66,29.520000000000003,35.0,30.0,25.0,25.0,25.0,25.0,25.0,46.0,46.0,46.0,46.0,46.0,40.0,45.0,40.0,40.0,40.0,40.0,40.0,30.0,45.0,32.0,30.0,25.0,25.0,25.0,20.0,20.0,30.0,30.0,20.0,20.0,25.0,20.0,20.0,22.0,56.6739196777344,24.5472202301025,60.9963417053223,55.6014213562012,9.36209964752197,26.1374397277832,53.1256408691406,30.0,18.2942409515381,41.4393692016602,56.217830657959,30.2832698822021,0.0,0.0,0.0,0.0,0.0,0.0,0.0,0.0,0.0,0.0,0.0,152.0
SIPT210,ATHIDHI TRADERS,Mahabubnagar,Devakadra,Exclusive,905660.0,,44.1,TG,Active,130.0,31.0,33.0,30.0,43.0,33.0,30.0,26.0,47.0,16.0,45.0,30.0,47.0,47.0,58.0,40.0,20.0,15.0,15.0,15.0,15.0,37.0,20.0,21.0,24.0,56.72,39.21,28.54,25.75,10.07,26.72,31.32999999999999,34.95,35.790000000000006,20.7,34.41,56.089999999999996,40.0,30.0,30.0,30.0,30.0,30.0,30.0,47.0,47.0,47.0,47.0,47.0,47.0,47.0,40.0,40.0,40.0,40.0,40.0,30.0,40.0,32.0,30.0,25.0,25.0,25.0,25.0,25.0,30.0,30.0,20.0,20.0,35.0,30.0,30.0,33.0,45.7966613769531,30.8964099884033,62.7575607299805,72.0864181518555,52.9606781005859,30.2748908996582,14.4630298614502,20.0,16.0386695861816,86.0966873168945,10.6210603713989,45.5546188354492,69.0,19.0,38.0,9.0,24.0,1.0,0.0,7.0,12.0,15.0,16.0,42.0
SIPT211,BHAVANI TRADERS,Warangal,Hanumakonda  ,Non-Exclusive,737148.0,,38.85,TG,Active,800.0,62.0,86.0,76.0,72.0,25.0,51.0,51.0,50.0,84.0,55.0,55.0,56.0,50.0,63.0,25.0,56.0,61.0,50.0,60.0,51.0,66.0,36.0,54.0,56.0,30.33,29.000000000000004,29.79,24.98,23.200000000000003,52.69,50.22,30.84,30.3,49.510000000000005,34.480000000000004,54.190000000000005,80.0,70.0,70.0,70.0,70.0,50.0,50.0,84.0,84.0,84.0,84.0,84.0,60.0,65.0,60.0,60.0,60.0,60.0,60.0,50.0,70.0,60.0,60.0,50.0,50.0,60.0,60.0,50.0,60.0,60.0,50.0,50.0,50.0,50.0,50.0,55.0,122.500541687012,7.4720401763916,264.82421875,132.264984130859,22.8883209228516,31.8781204223633,50.9442481994629,80.0,10.5974397659302,7.74552011489868,102.551643371582,204.852401733398,200.0,236.0,218.0,254.0,52.0,3.0,23.0,37.0,42.0,105.0,113.0,37.0
SIPT212,Sri Sainath Agencies,Jagitial,Jagtial,Non-Exclusive,988913.0,,141.75,TG,Inactive,,10.0,42.0,43.0,41.0,40.0,40.0,41.0,51.0,0.0,20.0,22.0,45.0,31.0,20.0,30.0,30.0,30.0,0.0,0.0,0.0,9.0,0.0,0.0,0.0,0.0,0.0,0.0,0.0,0.0,0.0,0.0,0.0,0.0,0.0,,,40.0,40.0,40.0,40.0,40.0,40.0,40.0,54.0,54.0,54.0,54.0,54.0,25.0,30.0,30.0,30.0,30.0,30.0,30.0,0.0,0.0,0.0,0.0,0.0,0.0,0.0,0.0,0.0,0.0,0.0,0.0,0.0,0.0,0.0,0.0,0.0,30.8601703643799,39.5452919006348,45.6739883422852,79.2918014526367,63.9416007995605,56.2450408935547,44.1483612060547,60.0,17.7491302490234,66.5570220947266,64.5621795654297,362.771148681641,51.0,56.0,65.0,62.0,132.0,125.0,120.0,122.0,129.0,121.0,132.0,135.0
SIPT213,Bhaargavi Steels,Sangareddy,Madinaguda,Non-Exclusive,1528903.0,,174.3,TG,Active,300.0,8.0,22.0,24.0,16.0,9.0,5.0,16.0,0.0,17.0,30.0,19.0,23.0,20.0,21.0,25.0,0.0,27.0,13.0,23.0,20.0,46.0,0.0,36.0,16.0,0.0,26.92,0.0,14.07,25.81,25.07,20.43,0.0,25.3,0.0,0.0,13.780000000000001,20.0,20.0,15.0,15.0,15.0,15.0,15.0,18.0,18.0,18.0,18.0,48.0,20.0,30.0,25.0,25.0,25.0,20.0,20.0,20.0,20.0,30.0,30.0,25.0,25.0,25.0,25.0,25.0,25.0,25.0,25.0,25.0,25.0,25.0,20.0,22.0,9.01595973968506,29.9238395690918,25.2225303649902,16.9309997558594,30.1387996673584,27.5374794006348,19.5121994018555,80.0,42.456241607666,56.3496017456055,45.9675216674805,23.7795600891113,50.0,112.0,139.0,107.0,189.0,176.0,215.0,165.0,181.0,178.0,188.0,166.0
SIPT214,SRI VENKATESHWARA TRADERS (U),Mancherial,UTHKUR CHOWRASTHA,Non-Exclusive,807037.0,,63.0,TG,Active,250.0,60.0,0.0,40.0,40.0,61.0,66.0,63.0,70.0,55.0,50.0,54.0,54.0,0.0,55.0,0.0,55.0,55.0,0.0,56.0,56.0,30.0,21.0,65.0,51.0,19.74,49.45,20.77,30.29,50.16,46.03,50.22,50.45,25.32,0.0,40.709999999999994,49.93000000000001,60.0,60.0,60.0,60.0,60.0,60.0,60.0,55.0,55.0,55.0,55.0,55.0,55.0,55.0,55.0,55.0,55.0,55.0,55.0,55.0,60.0,60.0,60.0,40.0,40.0,50.0,40.0,30.0,45.0,45.0,50.0,50.0,50.0,40.0,40.0,45.0,143.050186157227,38.5621681213379,90.1309967041016,44.0232810974121,33.7324600219727,10.6246995925903,42.1217613220215,50.0,21.0196399688721,92.3740386962891,108.696197509766,478.609069824219,61.0,51.0,53.0,50.0,60.0,60.0,60.0,60.0,60.0,60.0,60.0,60.0
SIPT217,Baheti Steel Traders Llp,Hyderabad,Chaderghat,Non-Exclusive,3943323.0,,126.0,TG,Active,2800.0,121.0,121.0,120.0,53.0,124.0,121.0,28.0,71.0,77.0,0.0,73.0,111.0,90.0,90.0,81.0,63.0,80.0,79.0,80.0,57.0,56.0,50.0,28.0,24.0,55.36999999999999,50.13000000000001,52.59,25.700000000000003,53.3,52.35999999999999,24.919999999999987,25.700000000000003,23.700000000000003,25.47999999999999,26.905,49.599999999999994,120.0,120.0,120.0,120.0,120.0,120.0,120.0,137.0,137.0,137.0,137.0,137.0,137.0,160.0,160.0,160.0,160.0,160.0,160.0,160.0,160.0,0.0,0.0,70.0,50.0,65.0,65.0,65.0,80.0,80.0,80.0,80.0,80.0,50.0,50.0,55.0,243.59260559082,93.8585205078125,102.989242553711,244.0,146.193572998047,88.3668365478516,82.269660949707,170.0,17.8067607879639,62.7736282348633,76.8092422485352,102.174240112305,157.0,0.0,110.0,143.0,126.0,120.0,120.0,131.0,172.0,120.0,120.0,120.0
SIPT220,SAHITHI TRADERS,Nalgonda,Chityala,Non-Exclusive,1618416.0,55600.0,54.6,TG,Active,336.0,20.0,20.0,20.0,16.0,13.0,15.0,20.0,0.0,30.0,32.0,37.0,18.0,25.0,0.0,24.0,22.0,20.0,0.0,12.0,22.0,29.0,25.0,21.0,22.0,13.4,0.0,19.9,0.0,20.93,21.53,23.22,20.1,25.18,19.380000000000003,19.82,9.19,15.0,20.0,20.0,20.0,20.0,20.0,20.0,27.0,27.0,27.0,27.0,27.0,25.0,30.0,22.0,22.0,22.0,22.0,22.0,22.0,25.0,30.0,20.0,20.0,20.0,20.0,20.0,20.0,22.0,22.0,20.0,20.0,25.0,20.0,20.0,22.0,25.3600006103516,1.13041996955872,5.43718004226685,6.07825994491577,7.79275989532471,18.3219203948975,37.8941383361816,20.0,7.94316005706787,26.699089050293,0.583320021629334,115.356422424316,107.0,66.0,86.0,83.0,8.0,3.0,3.0,24.0,30.0,14.0,6.0,52.0
SIPT221,SREE YASHODA ENTERPRISES,Peddapalli,KAMANPUR,Non-Exclusive,635391.0,25005.0,88.2,TG,Active,50.0,12.0,0.0,17.0,18.0,12.0,12.0,13.0,0.0,24.0,10.0,10.0,10.0,0.0,10.0,12.0,13.0,12.0,12.0,13.0,12.0,12.0,0.0,13.0,10.0,10.1,19.97,15.18,0.0,13.1,0.0,10.03,9.75,10.34,0.0,0.0,10.82,12.0,12.0,12.0,12.0,12.0,10.0,10.0,24.0,24.0,24.0,24.0,24.0,12.0,12.0,12.0,12.0,12.0,12.0,12.0,12.0,15.0,15.0,12.0,10.0,15.0,15.0,15.0,15.0,10.0,10.0,10.0,10.0,10.0,10.0,10.0,11.0,28.9941596984863,28.9133796691895,21.6735191345215,21.4897994995117,6.16976022720337,10.5802602767944,8.47933959960938,20.0,1.26180005073547,28.4311408996582,7.04815006256104,56.0369606018066,53.0,31.0,52.0,45.0,72.0,78.0,73.0,62.0,72.0,62.0,64.0,84.0
SIPT222,Sri Vyshnavi Steel Traders,Medchal - Malkajgiri,Old Alwal,Non-Exclusive,2460095.0,,59.85,TG,Active,600.0,0.0,0.0,0.0,20.0,10.0,11.0,5.0,0.0,11.0,15.0,6.0,13.0,15.0,29.0,30.0,8.0,21.0,0.0,11.0,15.0,0.0,15.0,20.0,0.0,0.0,0.0,30.43,0.0,0.0,0.0,0.0,0.0,10.08,0.0,0.0,0.0,20.0,20.0,0.0,10.0,15.0,15.0,15.0,15.0,15.0,15.0,15.0,15.0,15.0,20.0,20.0,20.0,20.0,20.0,20.0,20.0,20.0,20.0,20.0,15.0,15.0,15.0,0.0,0.0,0.0,0.0,0.0,0.0,0.0,0.0,0.0,0.0,24.6206207275391,17.1184997558594,17.3814105987549,18.0970001220703,20.8415603637695,38.3678016662598,33.1762390136719,100.0,24.792200088501,22.9380798339844,25.6152801513672,16.51416015625,95.0,30.0,47.0,35.0,64.0,64.0,60.0,53.0,53.0,52.0,52.0,57.0
SIPT230,Sri Venkataramana Traders Skzr,Kumarambheem,Kaghaznagar,Non-Exclusive,,,53.55,TG,Active,210.0,16.0,21.0,14.0,23.0,20.0,26.0,20.0,0.0,24.0,26.0,21.0,20.0,0.0,0.0,20.0,17.0,0.0,0.0,1.0,0.0,24.0,0.0,0.0,0.0,0.0,0.0,0.0,0.0,0.0,0.0,0.0,0.0,0.0,0.0,0.0,0.0,25.0,25.0,22.0,22.0,22.0,22.0,20.0,20.0,20.0,20.0,20.0,20.0,25.0,30.0,20.0,20.0,20.0,20.0,20.0,20.0,25.0,25.0,25.0,0.0,0.0,0.0,20.0,0.0,0.0,0.0,0.0,0.0,0.0,0.0,0.0,0.0,33.5966186523438,24.7953090667725,19.0615901947021,19.6630878448486,30.2068099975586,21.1194190979004,36.6926307678223,20.0,29.5342407226563,27.8553791046143,47.2645988464355,164.800506591797,194.0,229.0,235.0,235.0,76.0,55.0,52.0,116.0,77.0,53.0,52.0,51.0
SIPT231,Dathatreya Traders,Mancherial,Bellampalli,Non-Exclusive,807037.0,82780.0,157.5,TG,Active,200.0,0.0,0.0,30.0,20.0,15.0,5.0,15.0,0.0,16.0,16.0,22.0,20.0,0.0,0.0,0.0,0.0,21.0,0.0,0.0,0.0,33.0,15.0,21.0,0.0,0.0,0.0,19.84,0.0,0.0,20.31,0.0,0.0,10.82,9.77,0.0,9.93,15.0,15.0,15.0,15.0,15.0,15.0,15.0,15.0,15.0,15.0,15.0,15.0,20.0,25.0,20.0,20.0,20.0,20.0,20.0,0.0,0.0,0.0,0.0,10.0,10.0,0.0,10.0,10.0,10.0,10.0,10.0,10.0,10.0,0.0,0.0,0.0,11.5974197387695,0.474000006914139,5.47399997711182,5.23699998855591,5.42659997940063,7.76660013198853,4.86233997344971,40.0,1.03380000591278,32.8506011962891,26.6791191101074,326.969787597656,305.0,153.0,150.0,157.0,82.0,88.0,83.0,80.0,131.0,80.0,80.0,150.0
SIPT232,,Yadadri Bhuvanagiri,Pochampally,Non-Exclusive,770833.0,,0.0,,,,0.0,0.0,0.0,0.0,0.0,0.0,0.0,0.0,0.0,0.0,0.0,0.0,,,,,,,,,,,,,,,,,,,,,,,,,0.0,0.0,0.0,0.0,0.0,0.0,0.0,0.0,0.0,0.0,0.0,0.0,0.0,0.0,0.0,0.0,0.0,0.0,0.0,0.0,0.0,0.0,0.0,0.0,,,,,,,,,,,,,0.0,0.0,5.0,5.0,5.0,5.0,0.0,100.0,0.0,0.0,0.0,0.0,0.0,0.0,0.0,0.0,0.0,0.0,0.0,0.0,0.0,0.0,0.0,0.0
SIPT234,SARASWATHI MARKETINGS,Siddipet,Gajwel,Non-Exclusive,1012065.0,77881.0,158.55,TG,Active,250.0,26.0,9.0,11.0,20.0,20.0,22.0,0.0,10.0,22.0,10.0,11.0,25.0,0.0,25.0,0.0,0.0,0.0,0.0,15.0,15.0,5.0,0.0,16.0,21.0,0.0,30.91,21.22,18.39,6.5600000000000005,19.980000000000004,20.43,20.18,10.25,0.0,9.93,21.449999999999996,20.0,20.0,20.0,20.0,20.0,20.0,20.0,23.0,23.0,23.0,23.0,43.0,23.0,28.0,25.0,25.0,25.0,25.0,15.0,15.0,35.0,15.0,15.0,15.0,20.0,20.0,20.0,20.0,20.0,20.0,20.0,20.0,20.0,20.0,20.0,22.0,42.1740188598633,69.0749130249023,88.8170700073242,79.0,30.853759765625,31.980920791626,3.01020002365112,50.0,8.82888031005859,1.14911997318268,9.79362964630127,103.972389221191,105.0,107.0,102.0,106.0,152.0,150.0,150.0,150.0,156.0,156.0,150.0,151.0
SIPT235,Shankar Iron And Electrical Stores,Rajanna Sircilla,Yellareddypet,Non-Exclusive,552037.0,46270.0,112.35,TG,Active,150.0,0.0,17.0,13.0,15.0,17.0,15.0,13.0,0.0,11.0,15.0,8.0,9.0,17.0,15.0,0.0,5.0,10.0,13.0,10.0,10.0,10.0,10.0,0.0,11.0,14.81,0.0,10.06,5.99,10.04,9.82,10.32,10.25,10.16,9.89,9.99,10.379999999999999,12.0,12.0,12.0,12.0,12.0,15.0,12.0,19.0,19.0,19.0,19.0,46.0,10.0,10.0,10.0,10.0,10.0,10.0,10.0,10.0,15.0,15.0,10.0,10.0,15.0,10.0,10.0,10.0,10.0,10.0,10.0,10.0,10.0,10.0,10.0,11.0,17.0054893493652,202.473495483398,246.244033813477,202.0,68.254997253418,68.8067626953125,72.1857223510742,30.0,69.3883972167969,70.9743728637695,86.9089965820313,23.0065994262695,23.0,15.0,21.0,18.0,104.0,106.0,111.0,107.0,117.0,116.0,104.0,107.0
SIPT236,Sri Srinivasa Iron Hardware & General Stores,Khammam,MADHIRA,Non-Exclusive,1401639.0,68548.0,39.9,TG,Active,150.0,11.0,20.0,8.0,10.0,20.0,23.0,0.0,21.0,20.0,21.0,21.0,11.0,0.0,0.0,5.0,0.0,0.0,11.0,12.0,1.0,20.0,10.0,12.0,0.0,15.23,11.4,15.01,12.010000000000002,0.0,10.44,0.0,11.91,0.0,0.0,0.0,0.0,20.0,20.0,20.0,20.0,20.0,20.0,20.0,20.0,20.0,20.0,20.0,20.0,20.0,25.0,25.0,25.0,25.0,25.0,25.0,20.0,35.0,30.0,20.0,15.0,15.0,15.0,15.0,15.0,15.0,15.0,10.0,10.0,15.0,10.0,10.0,11.0,21.9760303497314,12.8091602325439,38.5820999145508,13.1473598480225,221.139175415039,217.089385986328,210.752395629883,20.0,208.494094848633,203.612884521484,222.977111816406,81.4932479858398,191.0,85.0,125.0,112.0,42.0,52.0,64.0,39.0,35.0,34.0,44.0,38.0
SIPT237,Sri Harsha Traders,Kumarambheem,Komaram Bheem,Non-Exclusive,,,26.25,TG,Active,80.0,0.0,0.0,10.0,24.0,20.0,21.0,0.0,0.0,0.0,0.0,0.0,0.0,,,,,,,,,,,20.0,0.0,0.0,0.0,0.0,0.0,0.0,0.0,0.0,0.0,0.0,0.0,0.0,0.0,17.0,17.0,12.0,15.0,15.0,20.0,20.0,0.0,0.0,0.0,0.0,0.0,0.0,0.0,0.0,0.0,0.0,0.0,0.0,0.0,0.0,0.0,12.0,10.0,10.0,10.0,10.0,0.0,0.0,0.0,0.0,0.0,0.0,0.0,0.0,0.0,7.26319980621338,1.56910002231598,7.64947986602783,6.46581983566284,13.2319498062134,11.6207895278931,1.74435997009277,30.0,0.0,0.0,0.0,0.0,0.0,0.0,0.0,0.0,0.0,0.0,0.0,0.0,0.0,0.0,25.0,25.0
SIPT238,,Jagitial,Thungur,Non-Exclusive,988913.0,,0.0,,,,52.0,0.0,0.0,2.0,0.0,0.0,0.0,0.0,0.0,0.0,0.0,0.0,,,,,,,,,,,,,,,,,,,,,,,,,20.0,10.0,10.0,0.0,0.0,0.0,0.0,0.0,0.0,0.0,0.0,0.0,0.0,0.0,0.0,0.0,0.0,0.0,0.0,0.0,0.0,0.0,0.0,0.0,,,,,,,,,,,,,83.37297058,301.180328369141,302.029846191406,302.519409179688,54.40259171,5.28439998626709,49.4271698,50.0,20.70892906,52.2407608,41.7081604,46.85150146,0.0,0.0,0.0,0.0,0.0,0.0,0.0,0.0,0.0,0.0,0.0,0.0
SIPT239,Sri Krishna Iron & Cement,Warangal,Kazipet,Non-Exclusive,737148.0,,97.65,TG,Active,250.0,40.0,22.0,31.0,20.0,35.0,31.0,30.0,43.0,44.0,22.0,44.0,77.0,35.0,56.0,36.0,35.0,53.0,26.0,36.0,41.0,61.0,26.0,53.0,63.0,50.87,51.400000000000006,43.41,36.46,50.73,14.94,50.74,53.400000000000006,103.23,75.35000000000001,77.5,104.78,39.0,40.0,30.0,30.0,30.0,30.0,30.0,44.0,44.0,44.0,44.0,44.0,32.0,37.0,35.0,35.0,35.0,35.0,35.0,37.0,50.0,60.0,60.0,35.0,40.0,50.0,50.0,35.0,50.0,50.0,50.0,50.0,50.0,50.0,50.0,55.0,71.6801071166992,341.817718505859,324.697509765625,332.814514160156,329.520843505859,319.120819091797,312.880981445313,120.0,314.543548583984,390.903656005859,322.199096679688,275.152923583984,224.0,305.0,287.0,288.0,83.0,85.0,78.0,92.0,105.0,108.0,70.0,93.0
SIPT245,SIDDIPET STEEL TRADERS SIDDIPET,Siddipet,Siddipet,Non-Exclusive,1012065.0,168105.0,277.2,TG,Active,600.0,91.0,15.0,61.0,52.0,19.0,54.0,51.0,51.0,128.0,50.0,26.0,24.0,35.0,55.0,56.0,51.0,100.0,45.0,31.0,59.0,78.0,25.0,0.0,25.0,51.78,24.39,20.2,39.72,70.24000000000001,70.69999999999999,50.15,49.870000000000005,50.57,39.86,29.620000000000005,54.77000000000001,80.0,80.0,60.0,50.0,50.0,50.0,50.0,71.0,71.0,71.0,71.0,71.0,60.0,60.0,60.0,60.0,60.0,60.0,60.0,60.0,70.0,60.0,55.0,50.0,50.0,50.0,60.0,40.0,70.0,70.0,50.0,50.0,50.0,50.0,50.0,55.0,113.334846496582,51.7013816833496,65.8375015258789,57.115421295166,347.525268554688,340.643157958984,331.987213134766,600.0,458.604370117188,366.537048339844,304.163269042969,155.187484741211,156.0,159.0,278.0,188.0,304.0,271.0,313.0,288.0,404.0,285.0,276.0,264.0
SIPT246,SAINATH ENTERPRISES,Warangal,Warangal,Non-Exclusive,737148.0,26877.0,178.5,TG,Active,1000.0,23.0,21.0,32.0,26.0,26.0,27.0,0.0,32.0,27.0,26.0,33.0,30.0,29.0,34.0,26.0,25.0,37.0,26.0,27.0,25.0,26.0,10.0,25.0,26.0,40.18,9.63,24.619999999999997,0.0,32.11999999999999,30.29,24.95,52.370000000000005,51.34,26.63,25.95,26.39,30.0,30.0,22.0,25.0,25.0,25.0,25.0,32.0,32.0,32.0,32.0,32.0,25.0,30.0,25.0,25.0,25.0,25.0,25.0,25.0,30.0,30.0,25.0,25.0,25.0,25.0,25.0,25.0,30.0,30.0,50.0,50.0,50.0,25.0,25.0,27.5,44.5101203918457,6.60116004943848,69.4589920043945,25.8039207458496,62.0658187866211,35.1161193847656,31.4982395172119,30.0,26.0811996459961,45.0461196899414,75.1485977172852,154.415573120117,177.0,113.0,123.0,127.0,181.0,161.0,173.0,185.0,187.0,175.0,164.0,170.0
SIPT247,Srinivasa Steels,Hyderabad,Hayath Nagar,Non-Exclusive,3943323.0,,12.6,TG,Active,210.0,28.0,46.0,30.0,34.0,56.0,54.0,0.0,53.0,54.0,51.0,54.0,55.0,53.0,0.0,0.0,0.0,0.0,0.0,0.0,17.0,0.0,0.0,0.0,0.0,0.0,0.0,0.0,0.0,0.0,0.0,0.0,0.0,0.0,0.0,0.0,0.0,45.0,45.0,45.0,40.0,40.0,45.0,50.0,51.0,51.0,51.0,51.0,51.0,50.0,65.0,60.0,60.0,0.0,0.0,0.0,0.0,0.0,0.0,0.0,0.0,0.0,0.0,0.0,0.0,0.0,0.0,0.0,0.0,0.0,0.0,0.0,0.0,37.0075187683105,9.03240013122559,77.2572937011719,25.9363994598389,53.2530403137207,115.64232635498,22.2764091491699,20.0,48.5212898254395,55.9666900634766,29.5769691467285,43.1860504150391,88.0,65.0,92.0,87.0,7.0,7.0,5.0,6.0,11.0,8.0,14.0,12.0
SIPT248,Jai Ram Steels,Hyderabad,Badangpet,Non-Exclusive,3943323.0,,107.1,TG,Active,700.0,28.0,14.0,13.0,15.0,15.0,25.0,25.0,0.0,43.0,30.0,23.0,15.0,31.0,0.0,26.0,20.0,28.0,0.0,0.0,27.0,20.0,26.0,20.0,0.0,0.0,16.189999999999998,0.0,4.77,0.0,0.0,9.96,0.0,0.0,0.0,0.0,0.0,25.0,20.0,15.0,15.0,15.0,15.0,20.0,28.0,28.0,28.0,28.0,28.0,30.0,30.0,25.0,25.0,25.0,25.0,25.0,25.0,25.0,25.0,30.0,20.0,20.0,20.0,20.0,20.0,20.0,20.0,20.0,20.0,25.0,10.0,0.0,0.0,28.5368595123291,2.59388995170593,34.3165817260742,14.8862104415894,34.610481262207,47.7673187255859,20.5111694335938,120.0,27.1555595397949,27.5873699188232,20.9980602264404,14.9884595870972,25.0,117.0,127.0,142.0,109.0,102.0,101.0,135.0,110.0,105.0,102.0,102.0
SIPT249,,Khammam,Thallada,Non-Exclusive,1401639.0,55750.0,31.5,,,,23.0,15.0,29.0,13.0,15.0,20.0,17.0,0.0,18.0,13.0,12.0,12.0,0.0,0.0,0.0,0.0,0.0,0.0,0.0,0.0,0.0,0.0,0.0,0.0,,,,,,,,,,,,,15.0,15.0,15.0,15.0,15.0,15.0,15.0,18.0,18.0,18.0,18.0,18.0,20.0,25.0,15.0,15.0,15.0,15.0,15.0,0.0,0.0,0.0,0.0,0.0,,,,,,,,,,,,,26.6579399108887,50.0126190185547,45.1844596862793,45.7176399230957,35.818489074707,13.0096797943115,6.4471697807312,10.0,20.4685401916504,2.67084002494812,2.64931011199951,55.2117309570313,1.0,81.0,82.0,82.0,30.0,31.0,31.0,30.0,30.0,30.0,30.0,30.0
SIPT250,,Khammam,Buranpuram,Non-Exclusive,1401639.0,,42.0,,,,36.0,0.0,0.0,22.0,10.0,24.0,10.0,0.0,29.0,23.0,25.0,21.0,0.0,0.0,0.0,0.0,0.0,0.0,0.0,0.0,0.0,0.0,0.0,0.0,,,,,,,,,,,,,20.0,0.0,0.0,20.0,20.0,20.0,10.0,16.0,16.0,16.0,16.0,16.0,20.0,25.0,0.0,0.0,0.0,0.0,0.0,0.0,0.0,0.0,0.0,0.0,,,,,,,,,,,,,130.384124755859,40.0,40.0,44.3563995361328,41.1255111694336,42.402889251709,43.8074684143066,700.0,70.2253494262695,41.1609802246094,84.9701309204102,140.787796020508,145.0,71.0,70.0,70.0,40.0,40.0,40.0,40.0,40.0,40.0,40.0,40.0
SIPT251,Venkata Sai Iron Cement And General,Mahabubabad,Maripeda,Non-Exclusive,774549.0,70036.0,370.65,TG,Active,600.0,28.0,23.0,14.0,21.0,0.0,10.0,14.0,16.0,26.0,13.0,8.0,24.0,0.0,12.0,19.0,21.0,0.0,21.0,0.0,20.0,33.0,0.0,20.0,0.0,0.0,0.0,0.0,0.0,0.0,0.0,0.0,0.0,0.0,0.0,0.0,0.0,20.0,20.0,20.0,20.0,25.0,15.0,15.0,25.0,25.0,25.0,25.0,25.0,25.0,30.0,22.0,25.0,25.0,25.0,20.0,20.0,20.0,20.0,20.0,10.0,10.0,0.0,12.0,0.0,0.0,0.0,0.0,0.0,0.0,0.0,0.0,0.0,65.1374969482422,24.2695903778076,18.4979190826416,19.1401596069336,42.0108413696289,42.3399200439453,75.3489303588867,25.0,42.2174606323242,61.5615997314453,40.5033988952637,100.090202331543,102.0,112.0,161.0,163.0,439.0,400.0,385.0,388.0,358.0,394.0,356.0,353.0
SIPT252,Chaitanya Steels,Rangareddy,Chintalkunta,Non-Exclusive,2426243.0,179970.0,89.25,TG,Active,350.0,0.0,10.0,15.0,22.0,15.0,15.0,20.0,0.0,21.0,0.0,28.0,10.0,21.0,31.0,25.0,25.0,21.0,26.0,25.0,26.0,41.0,0.0,23.0,0.0,38.99,0.0,20.590000000000003,11.900000000000002,10.4,9.33,22.0,11.449999999999996,0.0,0.0,24.48,9.43,20.0,20.0,15.0,15.0,15.0,15.0,20.0,21.0,21.0,21.0,21.0,21.0,20.0,25.0,25.0,25.0,35.0,25.0,25.0,25.0,25.0,25.0,25.0,25.0,30.0,30.0,30.0,30.0,30.0,30.0,30.0,30.0,30.0,20.0,20.0,31.0,18.2270793914795,19.3733692169189,29.8598899841309,24.1330509185791,26.3899593353271,25.8438606262207,28.404899597168,40.0,20.2219104766846,20.1711006164551,27.7061500549316,16.8351097106934,32.0,97.0,93.0,103.0,122.0,91.0,87.0,93.0,109.0,83.0,89.0,85.0
SIPT253,,Hyderabad,Nagaram,Non-Exclusive,3943323.0,,84.0,,,,9.0,11.0,19.0,5.0,0.0,18.0,21.0,22.0,12.0,13.0,0.0,0.0,0.0,0.0,0.0,0.0,0.0,0.0,0.0,0.0,0.0,0.0,0.0,0.0,,,,,,,,,,,,,20.0,20.0,15.0,15.0,15.0,15.0,20.0,23.0,23.0,23.0,23.0,38.0,20.0,25.0,25.0,0.0,0.0,0.0,0.0,0.0,0.0,0.0,0.0,0.0,,,,,,,,,,,,,44.0172691345215,41.3890609741211,67.3651809692383,67.9043807983398,12.3645000457764,18.8058891296387,28.3012294769287,200.0,27.764139175415,30.3940696716309,17.8435401916504,2.85810995101929,1.0,61.0,60.0,60.0,80.0,80.0,80.0,80.0,80.0,80.0,80.0,80.0
SIPT254,Sri Srinivasa Steel Traders (A),Rangareddy,Alamasguda,Non-Exclusive,2426243.0,,101.85,TG,Active,400.0,0.0,10.0,0.0,11.0,15.0,16.0,0.0,0.0,24.0,25.0,30.0,0.0,0.0,10.0,22.0,20.0,0.0,0.0,0.0,15.0,41.0,0.0,0.0,0.0,0.0,0.0,0.0,0.0,0.0,0.0,0.0,0.0,0.0,0.0,0.0,0.0,0.0,10.0,10.0,10.0,15.0,15.0,15.0,24.0,24.0,24.0,24.0,24.0,24.0,15.0,15.0,20.0,20.0,20.0,20.0,20.0,20.0,30.0,30.0,10.0,0.0,0.0,0.0,0.0,0.0,0.0,0.0,0.0,0.0,0.0,0.0,0.0,0.0,6.42074012756348,6.43717002868652,5.65933990478516,24.8300304412842,21.9915103912354,14.7722597122192,200.0,35.7137184143066,22.3309097290039,11.6247501373291,1.51656997203827,9.0,13.0,9.0,7.0,104.0,84.0,83.0,86.0,85.0,84.0,81.0,97.0
SIPT255,Sri Sai Teja Cement Traders,Yadadri Bhuvanagiri,Bibinagar,Non-Exclusive,770833.0,48498.0,113.4,TG,Active,210.0,2.0,16.0,15.0,7.0,0.0,7.0,16.0,18.0,15.0,16.0,15.0,22.0,15.0,15.0,16.0,20.0,20.0,0.0,0.0,15.0,32.0,0.0,15.0,0.0,35.29,0.0,9.96,2.22,0.0,0.0,7.77,14.81,10.55,6.069999999999993,0.0,14.39,15.0,15.0,15.0,15.0,15.0,15.0,15.0,16.0,16.0,16.0,16.0,16.0,15.0,15.0,15.0,20.0,20.0,15.0,15.0,15.0,15.0,15.0,15.0,15.0,15.0,15.0,20.44,20.44,10.0,10.0,10.0,10.0,10.0,10.0,10.0,11.0,12.6579704284668,125.634841918945,133.146423339844,131.607528686523,50.2236518859863,52.1408081054688,51.238941192627,100.0,78.5355606079102,64.1665878295898,60.776741027832,27.5993309020996,35.0,96.0,92.0,93.0,95.0,85.0,84.0,80.0,88.0,80.0,87.0,108.0
SIPT256,,Kamareddy,Kamareddy,Non-Exclusive,972625.0,126445.0,63.0,,,,0.0,12.0,24.0,13.0,11.0,10.0,0.0,0.0,21.0,0.0,21.0,11.0,0.0,0.0,0.0,0.0,0.0,0.0,0.0,0.0,0.0,0.0,0.0,0.0,,,,,,,,,,,,,20.0,20.0,15.0,15.0,15.0,10.0,10.0,16.0,16.0,16.0,16.0,29.0,16.0,21.0,10.0,10.0,10.0,10.0,10.0,10.0,10.0,10.0,0.0,0.0,,,,,,,,,,,,,6.1461501121521,20.106559753418,20.66383934021,26.0548400878906,140.138153076172,139.361663818359,139.749282836914,20.0,140.602447509766,120.583320617676,120.991020202637,30.5330905914307,32.0,32.0,82.0,31.0,61.0,60.0,60.0,60.0,60.0,60.0,60.0,60.0
SIPT257,NEW SRI SAI KRISHNA STEEL SYNDICATE,Suryapet,Kodad,Non-Exclusive,1099560.0,111940.0,33.6,TG,Active,375.0,0.0,21.0,12.0,23.0,22.0,20.0,20.0,45.0,21.0,0.0,38.0,22.0,20.0,21.0,35.0,0.0,26.0,22.0,25.0,25.0,0.0,16.0,16.0,16.0,49.74,25.91,0.0,24.49,22.72,0.0,10.29,19.37,19.86,21.93,21.79,26.680000000000007,25.0,20.0,20.0,20.0,20.0,20.0,20.0,55.0,55.0,55.0,55.0,55.0,25.0,25.0,25.0,25.0,25.0,25.0,25.0,25.0,25.0,30.0,30.0,25.0,30.0,20.0,25.0,25.0,25.0,25.0,20.0,20.0,20.0,20.0,20.0,22.0,15.6212301254272,27.382740020752,32.8531913757324,21.5943508148193,33.9335289001465,62.5020484924316,29.0664405822754,200.0,20.2694492340088,47.077880859375,43.6754188537598,80.8287200927734,128.0,42.0,72.0,68.0,49.0,38.0,58.0,57.0,36.0,39.0,37.0,32.0
SIPT258,SUGUNA IRON & CEMENT,Jogulamba Gadwal,Allampur,Non-Exclusive,574969.0,,12.6,TG,Active,50.0,10.0,12.0,12.0,35.0,7.0,10.0,10.0,9.0,21.0,11.0,15.0,13.0,15.0,20.0,25.0,21.0,22.0,23.0,23.0,0.0,10.0,12.0,13.0,17.0,26.200000000000003,11.650000000000002,16.95,12.42,0.0,15.43,0.0,10.3,5.84,13.71,9.9,12.93,20.0,15.0,12.0,12.0,15.0,10.0,10.0,21.0,21.0,21.0,21.0,21.0,15.0,20.0,20.0,20.0,20.0,20.0,20.0,20.0,20.0,30.0,20.0,20.0,15.0,15.0,17.0,15.0,20.0,20.0,20.0,20.0,20.0,15.0,15.0,16.5,42.5836486816406,16.4441604614258,11.1228399276733,17.3366794586182,42.7789611816406,23.4059505462646,60.6587982177734,50.0,23.1314506530762,34.7526206970215,29.5562305450439,14.025839805603,3.0,2.0,0.0,0.0,12.0,12.0,12.0,12.0,12.0,12.0,12.0,12.0
SIPT259,Sai Steel Traders (Knr),Karimnagar,Kothapally,Non-Exclusive,1162156.0,,13.65,TG,Active,94.5,31.0,28.0,55.0,10.0,12.0,12.0,10.0,10.0,20.0,20.0,21.0,20.0,20.0,20.0,20.0,20.0,0.0,0.0,0.0,0.0,20.0,10.0,10.0,11.0,0.0,0.0,0.0,0.0,0.0,0.0,0.0,0.0,0.0,0.0,0.0,0.0,12.0,12.0,15.0,30.0,25.0,25.0,25.0,33.0,33.0,33.0,33.0,33.0,30.0,35.0,20.0,20.0,20.0,20.0,20.0,20.0,30.0,25.0,25.0,20.0,25.0,0.0,0.0,0.0,0.0,0.0,0.0,0.0,0.0,0.0,0.0,0.0,49.0904808044434,6.16769981384277,17.5796604156494,50.9157981872559,25.3412494659424,34.9422607421875,25.5652503967285,20.0,27.7402801513672,49.4033699035645,27.2798099517822,46.5686912536621,28.0,10.0,21.0,19.0,34.0,24.0,11.0,19.0,32.0,12.0,14.0,13.0
SIPT260,Indhu Iron & Hardware,Jogulamba Gadwal,Ieeja,Non-Exclusive,574969.0,85303.0,17.85,TG,Active,200.0,18.0,13.0,56.0,25.0,35.0,23.0,20.0,33.0,30.0,0.0,22.0,26.0,25.0,32.0,27.0,0.0,26.0,36.0,0.0,20.0,0.0,0.0,0.0,0.0,19.03,0.0,0.0,0.0,0.0,0.0,0.0,0.0,0.0,0.0,0.0,0.0,15.0,20.0,20.0,30.0,30.0,30.0,20.0,40.0,40.0,40.0,40.0,40.0,35.0,40.0,35.0,35.0,35.0,35.0,35.0,30.0,40.0,30.0,25.0,0.0,0.0,15.0,0.0,0.0,0.0,0.0,0.0,0.0,0.0,10.0,0.0,0.0,54.3820610046387,19.5098094940186,18.0019607543945,73.3188781738281,41.5995903015137,7.07325983047485,57.9351615905762,50.0,27.0382194519043,2.23804998397827,10.813440322876,61.6082382202148,71.0,54.0,50.0,59.0,15.0,30.0,6.0,18.0,2.0,22.0,9.0,17.0
SIPT261,,Rangareddy,Shamshabad,Non-Exclusive,2426243.0,,0.0,,,,0.0,0.0,0.0,0.0,0.0,0.0,0.0,0.0,0.0,0.0,0.0,0.0,,,,,,,,,,,,,,,,,,,,,,,,,0.0,0.0,0.0,0.0,0.0,0.0,0.0,0.0,0.0,0.0,0.0,0.0,0.0,0.0,0.0,0.0,0.0,0.0,0.0,0.0,0.0,0.0,0.0,0.0,,,,,,,,,,,,,0.0,0.0,5.0,5.0,5.0,5.0,0.0,20.0,0.0,0.0,0.0,0.0,0.0,0.0,0.0,0.0,0.0,0.0,0.0,0.0,0.0,0.0,0.0,0.0
SIPT262,,Nalgonda,Veligonda,Non-Exclusive,1618416.0,,52.5,,,,11.0,0.0,0.0,7.0,17.0,11.0,18.0,0.0,13.0,10.0,16.0,3.0,0.0,0.0,0.0,0.0,0.0,0.0,0.0,0.0,0.0,0.0,0.0,0.0,,,,,,,,,,,,,10.0,10.0,10.0,10.0,10.0,10.0,10.0,13.0,13.0,13.0,13.0,21.0,13.0,18.0,0.0,0.0,10.0,10.0,0.0,0.0,0.0,0.0,0.0,0.0,,,,,,,,,,,,,29.4345798492432,2.42835998535156,10.1475200653076,7.33016014099121,23.7985305786133,20.1096801757813,33.3923606872559,50.0,31.7215404510498,22.9736003875732,20.8351402282715,42.2211990356445,43.0,46.0,40.0,40.0,50.0,50.0,50.0,50.0,50.0,50.0,50.0,50.0
SIPT263,MOHAMMAD AZGAR & SONS,Nalgonda,NAKREKAL,Non-Exclusive,1618416.0,60758.0,75.60000000000001,TG,Active,180.0,28.0,23.0,34.0,27.0,25.0,25.0,25.0,0.0,35.0,10.0,26.0,36.0,23.0,28.0,38.0,30.0,0.0,30.0,30.0,30.0,30.0,10.0,30.0,30.0,25.49,30.34,30.11,32.29,30.65,30.1,0.0,29.78,34.489999999999995,19.610000000000003,29.070000000000004,29.990000000000002,20.0,25.0,25.0,25.0,25.0,25.0,25.0,39.0,39.0,39.0,39.0,39.0,30.0,35.0,30.0,30.0,30.0,30.0,30.0,30.0,40.0,30.0,30.0,25.0,20.0,30.0,30.0,30.0,30.0,30.0,35.0,35.0,35.0,30.0,30.0,30.0,37.9638710021973,42.1771583557129,40.7208786010742,43.3688011169434,9.27620029449463,6.666259765625,82.9576797485352,50.0,3.69181990623474,12.2655601501465,7.09602022171021,41.0829086303711,104.0,34.0,59.0,35.0,40.0,42.0,62.0,43.0,43.0,44.0,56.0,72.0
SIPT264,Sri Ganesh Steel And Cements Kompally,Medchal - Malkajgiri,Kompally,Non-Exclusive,2460095.0,,36.75,TG,Active,300.0,29.0,30.0,32.0,31.0,25.0,34.0,26.0,7.0,14.0,30.0,55.0,11.0,19.0,40.0,72.0,47.0,38.0,33.0,27.0,27.0,13.0,14.0,7.0,22.0,28.68,22.03,10.95,17.47,17.869999999999997,9.5,13.33,31.239999999999995,35.51,17.5,21.070000000000004,33.39,28.0,30.0,25.0,25.0,25.0,25.0,25.0,43.0,43.0,43.0,43.0,43.0,40.0,35.0,35.0,35.0,35.0,35.0,35.0,35.0,35.0,35.0,35.0,30.0,30.0,30.0,25.0,25.0,35.0,35.0,35.0,35.0,35.0,35.0,30.0,33.0,56.871280670166,35.5114212036133,33.3745002746582,47.7754402160645,72.1306915283203,35.1321601867676,41.8238487243652,50.0,34.7607803344727,34.8827781677246,28.877420425415,23.8176002502441,17.0,90.0,169.0,135.0,67.0,73.0,54.0,30.0,30.0,49.0,40.0,35.0
SIPT265,,Sangareddy,NARSAPUR,Non-Exclusive,1528903.0,,0.0,,,,0.0,2.0,8.0,5.0,0.0,10.0,15.0,0.0,18.0,0.0,22.0,0.0,,,,,,,,,,,,,,,,,,,,,,,,,15.0,15.0,10.0,10.0,15.0,15.0,15.0,17.0,17.0,17.0,17.0,0.0,0.0,0.0,0.0,0.0,0.0,0.0,0.0,0.0,0.0,0.0,0.0,0.0,,,,,,,,,,,,,2.85197997093201,20.4619998931885,22.2479801177979,21.3742408752441,11.41090965271,12.2937297821045,25.1533603668213,20.0,33.8098182678223,15.6488304138184,14.9616804122925,0.0,0.0,0.0,0.0,0.0,0.0,0.0,0.0,0.0,0.0,0.0,0.0,0.0
SIPT266,S. R. BUILDING MATERIALS,Nizamabad,NIZAMABAD,Non-Exclusive,1571022.0,52895.0,85.05,TG,Active,1000.0,32.0,30.0,23.0,31.0,10.0,12.0,20.0,0.0,33.0,36.0,39.0,35.0,46.0,34.0,35.0,35.0,0.0,27.0,15.0,0.0,78.0,30.0,0.0,37.0,0.0,19.79,25.54,22.26,0.0,30.02,0.0,35.14,20.16,0.0,0.0,0.0,20.0,30.0,30.0,30.0,30.0,30.0,30.0,33.0,33.0,33.0,33.0,33.0,30.0,35.0,35.0,35.0,35.0,35.0,35.0,50.0,70.0,70.0,55.0,35.0,30.0,20.0,25.0,25.0,30.0,30.0,35.0,35.0,35.0,35.0,30.0,33.0,54.5986099243164,40.618278503418,34.5550689697266,20.899019241333,40.288990020752,22.596040725708,43.7821617126465,50.0,43.4554405212402,34.046501159668,24.1734104156494,142.806823730469,153.0,112.0,151.0,120.0,82.0,81.0,122.0,81.0,109.0,83.0,102.0,81.0
SIPT267,SRI RAJARAJESHWARA STEEL TRADERS,Siddipet,Husnabad,Non-Exclusive,1012065.0,42696.0,129.15,TG,Active,150.0,12.0,15.0,31.0,16.0,18.0,15.0,17.0,18.0,17.0,26.0,23.0,38.0,27.0,21.0,40.0,20.0,20.0,42.0,21.0,21.0,42.0,11.0,21.0,20.0,20.62,30.46,25.11,25.04,26.05,0.0,20.23,10.05,9.63,0.0,19.740000000000002,41.69,12.0,12.0,12.0,20.0,20.0,15.0,15.0,27.0,27.0,27.0,27.0,27.0,20.0,20.0,20.0,20.0,20.0,20.0,20.0,20.0,20.0,20.0,20.0,20.0,20.0,20.0,25.0,25.0,30.0,30.0,20.0,20.0,20.0,20.0,20.0,22.0,19.9967098236084,49.4214782714844,58.2717208862305,55.4895401000977,18.2598209381104,9.09204006195068,41.4130783081055,50.0,15.3844804763794,17.3742504119873,37.7431716918945,110.321662902832,112.0,63.0,85.0,79.0,119.0,121.0,122.0,127.0,146.0,121.0,162.0,123.0
SIPT269,VAMAN IRON HARDWARE AND CEMENT,Warangal,Narsampet  ,Non-Exclusive,737148.0,76637.0,3.1500000000000004,TG,Active,1000.0,21.0,20.0,21.0,31.0,10.0,26.0,0.0,0.0,29.0,30.0,36.0,10.0,29.0,30.0,0.0,25.0,0.0,23.0,13.0,12.0,0.0,15.0,0.0,21.0,15.48,0.0,0.0,13.52,15.53,0.0,0.0,13.94,0.0,0.0,14.27,27.73,20.0,20.0,20.0,25.0,40.0,25.0,25.0,28.0,28.0,28.0,28.0,28.0,25.0,30.0,25.0,25.0,25.0,25.0,25.0,25.0,25.0,15.0,15.0,15.0,20.0,20.0,25.0,10.0,17.0,17.0,20.0,20.0,20.0,20.0,10.0,12.0,38.7330513000488,12.9510698318481,25.9502296447754,16.5713195800781,42.728199005127,36.1043090820313,98.1982421875,100.0,47.0578117370605,67.6764221191406,35.2663993835449,80.2369995117188,63.0,101.0,83.0,118.0,44.0,6.0,1.0,1.0,3.0,2.0,8.0,3.0
SIPT270,,Nalgonda,Yadagirigutta,Non-Exclusive,1618416.0,,126.0,,,,11.0,10.0,0.0,10.0,11.0,10.0,0.0,13.0,13.0,8.0,18.0,10.0,0.0,0.0,0.0,0.0,0.0,0.0,0.0,0.0,0.0,0.0,0.0,0.0,,,,,,,,,,,,,10.0,10.0,10.0,10.0,10.0,10.0,10.0,12.0,12.0,12.0,12.0,12.0,12.0,17.0,0.0,0.0,0.0,0.0,0.0,0.0,0.0,0.0,0.0,0.0,,,,,,,,,,,,,22.6647396087646,65.2157592773438,62.0765991210938,66.3886184692383,11.0755100250244,12.7541399002075,3.03986001014709,100.0,3.02040004730225,11.2516803741455,2.82614994049072,32.8830795288086,25.0,23.0,20.0,20.0,120.0,120.0,120.0,120.0,120.0,120.0,120.0,120.0
SIPT271,Deeba Steel Trading Company,Sangareddy,Sangareddy,Non-Exclusive,1528903.0,106500.0,44.1,TG,Inactive,,19.0,0.0,8.0,16.0,12.0,15.0,22.0,0.0,21.0,0.0,0.0,10.0,0.0,21.0,10.0,0.0,7.0,16.0,0.0,40.0,0.0,0.0,30.0,0.0,0.0,0.0,0.0,0.0,0.0,0.0,0.0,0.0,0.0,0.0,,,15.0,20.0,15.0,15.0,15.0,15.0,15.0,20.0,20.0,20.0,20.0,20.0,20.0,25.0,20.0,20.0,20.0,20.0,20.0,20.0,20.0,30.0,30.0,10.0,0.0,0.0,0.0,0.0,0.0,0.0,0.0,0.0,0.0,0.0,0.0,0.0,35.6766891479492,13.8856000900269,6.02562999725342,9.32479953765869,63.411190032959,69.1464004516602,83.6931610107422,100.0,71.9019622802734,64.0817489624023,63.9816017150879,6.07836008071899,12.0,14.0,20.0,5.0,23.0,20.0,20.0,20.0,20.0,20.0,34.0,42.0
SIPT272,,Medak,Sangareddy,Non-Exclusive,766153.0,,0.0,,,,32.0,35.0,22.0,31.0,33.0,35.0,30.0,31.0,38.0,15.0,0.0,0.0,0.0,0.0,0.0,0.0,0.0,0.0,0.0,0.0,0.0,0.0,0.0,0.0,,,,,,,,,,,,,35.0,35.0,35.0,30.0,30.0,30.0,30.0,38.0,38.0,38.0,38.0,38.0,35.0,38.0,35.0,0.0,0.0,0.0,0.0,0.0,0.0,0.0,0.0,0.0,,,,,,,,,,,,,56.0860710144043,37.0716400146484,29.7411804199219,46.9943199157715,18.8196792602539,37.7474708557129,12.3854398727417,100.0,28.646879196167,28.3349990844727,6.03083992004395,100.0,100.0,0.0,0.0,0.0,0.0,0.0,0.0,0.0,0.0,0.0,0.0,0.0
SIPT273,OM STEELS MNCL,Mancherial,Mancherial,Non-Exclusive,807037.0,86911.0,21.0,TG,Active,800.0,14.0,14.0,15.0,6.0,10.0,7.0,15.0,18.0,19.0,11.0,20.0,20.0,25.0,24.0,20.0,20.0,21.0,23.0,20.0,20.0,20.0,20.0,21.0,20.0,25.14,20.14,25.68,23.800000000000004,24.95,24.91,20.250000000000004,20.54,22.58,19.64,10.260000000000002,9.79,12.0,12.0,15.0,15.0,15.0,15.0,15.0,18.0,18.0,18.0,18.0,18.0,25.0,30.0,20.0,20.0,20.0,20.0,20.0,20.0,30.0,30.0,30.0,20.0,25.0,25.0,25.0,20.0,25.0,25.0,20.0,20.0,22.0,20.0,20.0,22.0,34.2896308898926,28.2119598388672,23.8497200012207,17.0,22.8128890991211,18.2885208129883,5.79576015472412,100.0,9.75047016143799,20.3009395599365,23.3595294952393,607.331604003906,615.0,95.0,82.0,78.0,23.0,16.0,30.0,14.0,21.0,13.0,22.0,20.0
SIPT274,CHILUPURI STEELS,Warangal,Warangal,Non-Exclusive,737148.0,26877.0,90.3,TG,Active,1000.0,22.0,15.0,9.0,16.0,17.0,15.0,16.0,24.0,25.0,58.0,20.0,21.0,25.0,30.0,28.0,22.0,22.0,0.0,26.0,0.0,50.0,15.0,26.0,33.0,0.0,10.04,20.33,22.419999999999995,30.480000000000004,32.31,25.18,17.08,0.0,23.51,32.260000000000005,10.31,15.0,20.0,15.0,15.0,15.0,15.0,15.0,24.0,24.0,24.0,24.0,24.0,25.0,30.0,25.0,25.0,25.0,25.0,25.0,25.0,35.0,40.0,25.0,25.0,30.0,25.0,25.0,20.0,30.0,30.0,50.0,50.0,50.0,25.0,25.0,27.5,48.857349395752,4.47601985931396,54.1587791442871,52.5654182434082,10.9264402389526,19.566520690918,34.8887786865234,70.0,12.7675800323486,86.6044006347656,18.5825099945068,90.1421966552734,138.0,108.0,126.0,122.0,89.0,64.0,83.0,64.0,111.0,141.0,87.0,86.0
SIPT275,LAXMI AGENCIES,Warangal,Hanumakonda  ,Non-Exclusive,737148.0,,107.1,TG,Active,800.0,26.0,17.0,21.0,20.0,23.0,24.0,22.0,0.0,28.0,30.0,23.0,33.0,29.0,31.0,26.0,26.0,25.0,0.0,18.0,26.0,0.0,15.0,26.0,25.0,0.0,0.0,27.6,20.5,28.25,0.0,14.06,20.01,42.66,33.470000000000006,20.52,27.92,25.0,25.0,20.0,22.0,22.0,22.0,22.0,32.0,32.0,32.0,32.0,32.0,25.0,30.0,25.0,25.0,25.0,25.0,25.0,25.0,25.0,25.0,25.0,20.0,25.0,25.0,25.0,20.0,25.0,25.0,20.0,20.0,20.0,20.0,20.0,22.0,27.33251953125,14.0563201904297,29.2000904083252,46.7738609313965,16.7583408355713,24.7427806854248,2.48207998275757,30.0,9.19344043731689,41.4872398376465,6.35311985015869,128.366592407227,129.0,187.0,177.0,151.0,148.0,105.0,117.0,108.0,128.0,146.0,134.0,102.0
SIPT276,SRI MAHA LAKSHMI AGENCIES,Warangal,Warangal,Exclusive,737148.0,26877.0,187.95,TG,Active,1000.0,26.0,6.0,24.0,11.0,10.0,25.0,0.0,16.0,18.0,16.0,19.0,16.0,16.0,33.0,20.0,0.0,11.0,18.0,8.0,0.0,31.0,0.0,21.0,21.0,30.79,12.36,14.419999999999998,10.150000000000002,17.53,19.73,20.65,19.950000000000003,20.19,19.350000000000005,14.849999999999998,11.43,25.0,25.0,20.0,20.0,20.0,20.0,20.0,16.0,16.0,16.0,16.0,16.0,15.0,20.0,20.0,20.0,20.0,20.0,20.0,20.0,20.0,20.0,20.0,20.0,25.0,25.0,20.0,20.0,20.0,20.0,20.0,20.0,20.0,25.0,25.0,27.5,37.9514007568359,13.0212001800537,22.0809993743896,17.3198204040527,16.9125804901123,12.789999961853,7.41720008850098,100.0,4.20612001419067,4.31040000915527,19.2965793609619,66.8663787841797,86.0,85.0,101.0,100.0,164.0,169.0,164.0,154.0,181.0,160.0,189.0,179.0
SIPT277,Sri Srinivasa Traders,Mahabubnagar,Chinnachinthakunta,Non-Exclusive,905660.0,,80.85000000000001,TG,Active,15.0,0.0,5.0,8.0,10.0,8.0,10.0,0.0,11.0,18.0,11.0,7.0,0.0,5.0,12.0,6.0,0.0,19.0,0.0,0.0,10.0,0.0,11.0,0.0,5.0,0.0,0.0,9.97,0.0,0.0,5.08,0.0,5.569999999999999,0.0,0.0,5.8999999999999995,5.8500000000000005,10.0,10.0,10.0,10.0,10.0,10.0,10.0,10.0,10.0,10.0,10.0,10.0,10.0,10.0,10.0,15.0,15.0,15.0,15.0,10.0,10.0,10.0,20.0,10.0,10.0,10.0,10.0,10.0,10.0,10.0,10.0,10.0,10.0,10.0,10.0,11.0,26.9805793762207,4.5380802154541,6.1399998664856,8.08615970611572,24.8360900878906,16.1027908325195,5.05191993713379,20.0,12.1629695892334,5.30940008163452,5.70295000076294,9.96994972229004,26.0,11.0,1.0,10.0,61.0,75.0,89.0,65.0,60.0,60.0,70.0,77.0
SIPT278,,Nagarkurnool,Nagarkurnool,Non-Exclusive,861766.0,,0.0,,,,36.0,0.0,0.0,0.0,0.0,0.0,0.0,0.0,0.0,0.0,0.0,0.0,,,,,,,,,,,,,,,,,,,,,,,,,20.0,0.0,0.0,0.0,0.0,0.0,0.0,0.0,0.0,0.0,0.0,0.0,0.0,0.0,0.0,0.0,0.0,0.0,0.0,0.0,0.0,0.0,0.0,0.0,,,,,,,,,,,,,40.0947799682617,0.0,5.0,5.0,5.0,5.0,0.0,135.0,0.0,0.0,0.0,0.0,0.0,0.0,0.0,0.0,0.0,0.0,0.0,0.0,0.0,0.0,0.0,0.0
SIPT279,Sree Mahalaxmi Cement,Suryapet,Nuthanakal,Non-Exclusive,1099560.0,,5.25,TG,Inactive,,26.0,17.0,15.0,15.0,16.0,20.0,15.0,0.0,21.0,20.0,13.0,23.0,22.0,0.0,0.0,15.0,0.0,0.0,0.0,0.0,0.0,0.0,0.0,0.0,0.0,0.0,0.0,0.0,0.0,0.0,0.0,0.0,0.0,0.0,,,10.0,15.0,15.0,15.0,15.0,15.0,15.0,22.0,22.0,22.0,22.0,22.0,22.0,27.0,15.0,15.0,15.0,15.0,15.0,10.0,0.0,5.0,0.0,0.0,0.0,0.0,0.0,0.0,0.0,0.0,0.0,0.0,0.0,0.0,0.0,0.0,31.5912990570068,10.3310804367065,33.4150314331055,23.0777702331543,18.8571891784668,10.2965497970581,0.846189975738525,50.0,3.60815000534058,2.69666004180908,11.069899559021,80.0601119995117,9.0,2.0,0.0,1.0,5.0,5.0,20.0,10.0,7.0,5.0,5.0,5.0
SIPT280,,Hyderabad,Hayath Nagar,Non-Exclusive,3943323.0,,0.0,,,,0.0,0.0,0.0,0.0,0.0,0.0,0.0,0.0,0.0,0.0,0.0,0.0,,,,,,,,,,,,,,,,,,,,,,,,,0.0,0.0,0.0,0.0,0.0,0.0,0.0,0.0,0.0,0.0,0.0,0.0,0.0,0.0,0.0,0.0,0.0,0.0,0.0,0.0,0.0,0.0,0.0,0.0,,,,,,,,,,,,,0.0,0.0,5.0,5.0,5.0,5.0,0.0,300.0,0.0,0.0,0.0,0.0,0.0,0.0,0.0,0.0,0.0,0.0,0.0,0.0,0.0,0.0,0.0,0.0
SIPT281,,Bhadradri Kothagudem,PALONCHA,Non-Exclusive,1069261.0,,0.0,,,,0.0,0.0,0.0,0.0,0.0,0.0,0.0,0.0,0.0,0.0,0.0,0.0,,,,,,,,,,,,,,,,,,,,,,,,,0.0,10.0,10.0,10.0,10.0,0.0,0.0,0.0,0.0,0.0,0.0,0.0,0.0,0.0,0.0,0.0,0.0,0.0,0.0,0.0,0.0,0.0,0.0,0.0,,,,,,,,,,,,,2.93226003646851,0.151679992675781,5.4218602180481,10.5730895996094,10.0,10.0,0.0,350.0,0.0,0.0,0.0,0.0,0.0,0.0,0.0,0.0,0.0,0.0,0.0,0.0,0.0,0.0,0.0,0.0
SIPT282,Srk Enterprises,Khammam,Sathupally,Non-Exclusive,1401639.0,,63.0,TG,Inactive,,33.0,46.0,25.0,28.0,26.0,30.0,26.0,0.0,25.0,0.0,26.0,23.0,0.0,0.0,20.0,20.0,0.0,0.0,0.0,0.0,22.0,10.0,0.0,0.0,0.0,0.0,0.0,0.0,0.0,0.0,0.0,0.0,0.0,0.0,,,20.0,22.0,25.0,25.0,25.0,25.0,25.0,38.0,38.0,38.0,38.0,38.0,25.0,30.0,20.0,20.0,20.0,20.0,20.0,0.0,0.0,30.0,20.0,10.0,0.0,0.0,0.0,0.0,0.0,0.0,0.0,0.0,0.0,0.0,0.0,0.0,58.5503616333008,20.2809906005859,66.1227111816406,95.1678237915039,36.2854995727539,8.68188953399658,8.97402000427246,70.0,5.22036981582642,6.98277997970581,28.9806804656982,86.177978515625,0.0,60.0,60.0,86.0,101.0,72.0,72.0,66.0,64.0,60.0,63.0,60.0
SIPT283,M SRINIVASULU GUPTA,Mahabubnagar,Shadnagar,Non-Exclusive,905660.0,,113.4,TG,Active,210.0,12.0,4.0,28.0,8.0,10.0,15.0,0.0,0.0,10.0,12.0,5.0,7.0,18.0,0.0,37.0,0.0,10.0,21.0,0.0,20.0,60.0,20.0,34.0,22.0,9.650000000000002,10.02,11.000000000000002,10.84,28.110000000000003,20.43,20.51,10.1,14.76,0.0,23.5,11.599999999999998,10.0,10.0,10.0,15.0,15.0,15.0,15.0,17.0,17.0,17.0,17.0,17.0,20.0,25.0,25.0,25.0,25.0,25.0,25.0,20.0,20.0,25.0,25.0,30.0,20.0,20.0,15.0,10.0,20.0,20.0,10.0,10.0,15.0,15.0,15.0,25.0,30.7879199981689,19.7380599975586,11.0058002471924,16.7471199035645,22.7882499694824,24.8931503295898,54.7812118530273,200.0,18.3563499450684,32.7902984619141,18.4098606109619,91.6598434448242,95.0,52.0,83.0,54.0,73.0,70.0,75.0,96.0,81.0,96.0,66.0,108.0
SIPT284,MAHALAXMI IRON AND HARDWARE,Karimnagar,HUZURABAD,Non-Exclusive,1162156.0,74721.0,54.6,TG,Active,150.0,10.0,0.0,15.0,9.0,16.0,12.0,10.0,0.0,10.0,10.0,10.0,9.0,14.0,10.0,10.0,0.0,20.0,0.0,15.0,15.0,0.0,15.0,0.0,10.0,9.9,0.0,12.28,0.0,0.0,6.16,0.0,5.49,0.0,0.0,0.0,0.0,12.0,12.0,12.0,15.0,15.0,15.0,10.0,0.0,10.0,10.0,10.0,10.0,10.0,10.0,10.0,15.0,15.0,15.0,15.0,15.0,15.0,15.0,10.0,10.0,10.0,10.0,10.0,10.0,10.0,10.0,10.0,10.0,10.0,10.0,0.0,0.0,14.1099195480347,1.67358994483948,15.3453903198242,7.25816011428833,23.4895401000977,25.7604198455811,12.7720003128052,20.0,21.613000869751,23.8419990539551,12.2391996383667,28.9435997009277,22.0,41.0,28.0,31.0,63.0,52.0,66.0,50.0,62.0,51.0,66.0,52.0
SIPT285,RAJA RAJESHWARI TRADERS,Wanaparthy,Wanaparthy,Non-Exclusive,577758.0,108521.0,35.7,TG,Active,250.0,11.0,12.0,12.0,15.0,13.0,10.0,25.0,0.0,13.0,21.0,13.0,12.0,21.0,0.0,25.0,26.0,26.0,25.0,15.0,22.0,0.0,0.0,0.0,12.0,10.18,16.02,0.0,11.12,0.0,0.0,14.23,0.0,9.67,0.0,9.49,21.810000000000002,12.0,12.0,12.0,12.0,12.0,10.0,10.0,21.0,21.0,21.0,21.0,21.0,21.0,26.0,26.0,26.0,26.0,26.0,26.0,20.0,20.0,25.0,25.0,12.0,12.0,15.0,15.0,10.0,10.0,10.0,10.0,10.0,10.0,10.0,10.0,11.0,20.9330806732178,27.3540191650391,23.859920501709,104.745040893555,7.34886980056763,20.788049697876,10.766300201416,100.0,28.0458602905273,28.668420791626,25.4186706542969,24.6346893310547,36.0,49.0,15.0,14.0,35.0,34.0,51.0,27.0,45.0,24.0,29.0,34.0
SIPT286,KUMAR ENTERPRISES,Mulug,MALLAMPALLY,Non-Exclusive,294671.0,,12.6,TG,Active,250.0,13.0,9.0,10.0,24.0,12.0,21.0,22.0,24.0,25.0,10.0,11.0,13.0,13.0,16.0,21.0,20.0,21.0,0.0,14.0,20.0,0.0,11.0,0.0,21.0,15.400000000000002,20.39,15.06,10.18,0.0,0.0,20.27,23.21,14.829999999999998,20.5,19.67,9.899999999999999,12.0,12.0,10.0,10.0,22.0,20.0,20.0,20.0,20.0,20.0,20.0,20.0,15.0,20.0,20.0,20.0,20.0,20.0,20.0,20.0,20.0,20.0,20.0,15.0,15.0,20.0,20.0,20.0,20.0,20.0,20.0,20.0,20.0,20.0,20.0,22.0,14.124659538269,3.68356990814209,18.2567806243896,16.7661209106445,23.9310092926025,21.1587200164795,33.8995704650879,50.0,34.105770111084,74.0329666137695,23.8892402648926,83.4993209838867,83.0,119.0,101.0,104.0,29.0,13.0,31.0,19.0,15.0,55.0,11.0,12.0
SIPT287,NANI IRON HARDWARE AND CEMENT AGENCIES,Jagitial,Korutla,Non-Exclusive,988913.0,108297.0,86.10000000000001,TG,Active,250.0,10.0,0.0,13.0,10.0,14.0,15.0,23.0,12.0,18.0,8.0,24.0,21.0,10.0,11.0,10.0,10.0,10.0,10.0,12.0,0.0,13.0,10.0,0.0,10.0,9.92,10.41,0.0,10.04,0.0,10.25,10.09,9.95,11.09,0.0,0.0,9.73,10.0,12.0,12.0,15.0,12.0,12.0,12.0,19.0,19.0,19.0,19.0,19.0,20.0,25.0,20.0,20.0,20.0,20.0,12.0,12.0,20.0,20.0,10.0,10.0,20.0,10.0,10.0,10.0,10.0,10.0,10.0,10.0,10.0,10.0,10.0,11.0,25.7393703460693,23.8326206207275,27.3686504364014,31.2089595794678,18.6364593505859,17.8656997680664,11.1580801010132,80.0,18.8228206634521,13.8057699203491,17.6563606262207,93.6799392700195,85.0,80.0,81.0,78.0,85.0,91.0,93.0,86.0,103.0,83.0,114.0,82.0
SIPT288,Affan Traders,Sangareddy,Zaheerabad,Non-Exclusive,1528903.0,133006.0,100.8,TG,Active,500.0,0.0,2.0,19.0,11.0,3.0,8.0,10.0,0.0,11.0,7.0,7.0,0.0,2.0,20.0,15.0,5.0,35.0,7.0,12.0,20.0,12.0,7.0,18.0,21.0,18.18,24.09,0.0,20.54,7.66,9.96,0.0,0.0,10.18,0.0,7.759999999999998,11.09,10.0,15.0,12.0,12.0,15.0,15.0,15.0,11.0,11.0,11.0,11.0,11.0,10.0,15.0,15.0,20.0,20.0,20.0,20.0,20.0,20.0,20.0,20.0,15.0,20.0,20.0,20.0,20.0,10.0,10.0,10.0,10.0,10.0,10.0,10.0,11.0,12.1099996566772,11.2035999298096,23.8050403594971,16.9444599151611,20.5247993469238,25.1866893768311,24.1092205047607,100.0,20.7778396606445,20.7442398071289,25.6888408660889,21.2131195068359,5.0,15.0,15.0,10.0,104.0,73.0,72.0,106.0,70.0,81.0,82.0,96.0
SIPT289,AM TRADERS,Khammam,Kusumanchi,Non-Exclusive,1401639.0,60020.0,2.1,TG,Active,60.0,8.0,0.0,10.0,0.0,7.0,6.0,9.0,8.0,7.0,10.0,10.0,20.0,0.0,12.0,12.0,12.0,12.0,0.0,10.0,0.0,14.0,0.0,13.0,10.0,22.3,21.4,0.0,8.54,10.45,0.0,0.0,0.0,11.36,16.08,0.0,6.949999999999999,10.0,10.0,10.0,10.0,12.0,10.0,10.0,10.0,10.0,10.0,10.0,10.0,10.0,10.0,12.0,12.0,12.0,12.0,12.0,12.0,10.0,25.0,15.0,10.0,10.0,10.0,10.0,15.0,10.0,10.0,10.0,10.0,10.0,10.0,10.0,11.0,13.7200002670288,21.4211406707764,21.956470489502,22.4031791687012,11.172679901123,11.0996799468994,17.518159866333,50.0,11.6963500976563,19.4554691314697,11.7404098510742,65.9958114624023,73.0,64.0,75.0,75.0,6.0,8.0,2.0,7.0,2.0,2.0,5.0,2.0
SIPT290,Sri Vaishnavi Steels,Rangareddy,Peddamberpet,Non-Exclusive,2426243.0,105605.0,0.0,TG,Active,385.0,11.0,15.0,15.0,15.0,15.0,15.0,20.0,19.0,20.0,18.0,18.0,18.0,37.0,30.0,30.0,18.0,0.0,18.0,22.0,20.0,32.0,20.0,27.0,33.0,48.37,50.19,43.74,46.71000000000001,28.76,36.17,30.2,35.77,34.96,35.11,34.87,16.2,10.0,15.0,15.0,15.0,15.0,15.0,20.0,18.0,18.0,18.0,18.0,18.0,20.0,30.0,30.0,30.0,30.0,20.0,20.0,20.0,20.0,20.0,20.0,25.0,20.0,20.0,30.0,30.0,30.0,30.0,30.0,30.0,40.0,40.0,40.0,44.0,11.0799999237061,8.06355953216553,19.0486793518066,15.1800298690796,23.9719696044922,53.0395011901855,32.1258087158203,150.0,28.8039703369141,39.4643211364746,30.0529403686523,22.6037292480469,21.0,10.0,10.0,10.0,0.0,0.0,0.0,0.0,0.0,0.0,0.0,0.0
SIPT291,THIRUMALA TRADERS,Warangal,Bhupalapally,Non-Exclusive,737148.0,56189.0,63.0,TG,Active,180.0,11.0,10.0,12.0,10.0,11.0,0.0,10.0,12.0,12.0,11.0,11.0,42.0,17.0,47.0,21.0,24.0,27.0,34.0,27.0,28.0,25.0,15.0,25.0,28.0,17.259999999999998,33.2,19.77,21.98,20.07,0.0,25.32,22.89,20.340000000000003,0.0,14.8,34.04,10.0,10.0,10.0,10.0,10.0,10.0,10.0,10.0,10.0,10.0,10.0,10.0,15.0,20.0,20.0,25.0,25.0,25.0,25.0,25.0,25.0,25.0,25.0,20.0,20.0,25.0,20.0,20.0,25.0,25.0,20.0,20.0,24.0,20.0,20.0,22.0,10.5299997329712,40.0049591064453,39.9172401428223,36.9384689331055,12.8888702392578,10.8323402404785,25.7416095733643,50.0,8.23211002349854,12.3891401290894,8.19906044006348,86.1135864257813,82.0,62.0,75.0,64.0,64.0,60.0,60.0,60.0,60.0,60.0,60.0,60.0
SIPT292,Mittal Steels,Hyderabad,L B Nagar,Non-Exclusive,3943323.0,,89.25,TG,Active,2000.0,20.0,20.0,62.0,41.0,40.0,0.0,40.0,0.0,37.0,63.0,41.0,0.0,20.0,0.0,0.0,30.0,46.0,36.0,32.0,0.0,0.0,25.0,0.0,25.0,39.38,25.15,20.29,0.0,0.0,0.0,0.0,0.0,0.0,0.0,0.0,0.0,15.0,20.0,20.0,30.0,40.0,40.0,40.0,37.0,37.0,37.0,37.0,37.0,40.0,50.0,25.0,25.0,25.0,25.0,25.0,25.0,25.0,25.0,25.0,20.0,20.0,20.0,20.0,20.0,22.0,22.0,22.0,22.0,22.0,0.0,0.0,0.0,20.1100006103516,18.5608406066895,48.7334899902344,11.0048599243164,61.9391098022461,70.9982376098633,73.6755828857422,1000.0,90.923469543457,37.9556007385254,47.4870796203613,4.46627998352051,20.0,3.0,0.0,45.0,107.0,101.0,85.0,80.0,80.0,81.0,80.0,85.0
SIPT293,NEW BHARAT TRADERS,Narayanpet,Jagklair,Non-Exclusive,562148.0,,6.300000000000001,TG,Active,30.0,5.0,10.0,12.0,10.0,12.0,0.0,12.0,12.0,12.0,12.0,12.0,14.0,16.0,11.0,0.0,15.0,15.0,0.0,15.0,10.0,0.0,0.0,10.0,0.0,0.0,11.54,0.0,12.11,0.0,10.78,0.0,10.14,0.0,9.57,0.0,0.0,5.0,10.0,10.0,10.0,12.0,12.0,12.0,10.0,10.0,10.0,10.0,10.0,10.0,10.0,10.0,15.0,15.0,15.0,15.0,10.0,15.0,10.0,20.0,10.0,10.0,10.0,10.0,12.0,10.0,10.0,10.0,10.0,10.0,10.0,10.0,11.0,5.48000001907349,4.81829023361206,6.82592010498047,9.96825981140137,9.33425998687744,14.4746103286743,8.38811016082764,15.0,3.37569999694824,7.36407995223999,6.07952976226807,9.71049976348877,41.0,9.0,17.0,7.0,18.0,3.0,7.0,6.0,4.0,2.0,3.0,6.0
SIPT294,SRI LAXMI NARASIMHA CEMENT IRON & HARDWARE,Suryapet,ARVAPALLY,Non-Exclusive,1099560.0,,58.8,TG,Active,130.0,7.0,11.0,10.0,15.0,14.0,11.0,12.0,0.0,16.0,0.0,12.0,14.0,15.0,0.0,26.0,11.0,15.0,0.0,14.0,15.0,17.0,16.0,10.0,16.0,30.35,15.04,15.1,15.16,16.19,15.04,20.0,19.82,19.93,14.5,15.0,16.93,7.0,10.0,10.0,10.0,10.0,10.0,10.0,13.0,13.0,13.0,13.0,13.0,15.0,20.0,15.0,15.0,15.0,15.0,15.0,15.0,15.0,15.0,15.0,12.0,10.0,15.0,15.0,15.0,15.0,15.0,20.0,20.0,20.0,15.0,15.0,16.5,6.51999998092651,10.1075000762939,12.582670211792,12.9153699874878,7.22432994842529,7.32812023162842,48.994499206543,50.0,19.3011608123779,8.06124019622803,2.4695999622345,34.4798011779785,45.0,20.0,43.0,36.0,6.0,20.0,17.0,18.0,11.0,9.0,8.0,56.0
SIPT295,Sree Venkata Sai Steel Traders,Medchal - Malkajgiri,Pragathinagar,Non-Exclusive,2460095.0,,108.15,TG,Active,210.0,0.0,10.0,12.0,17.0,16.0,16.0,21.0,7.0,13.0,26.0,15.0,28.0,28.0,11.0,7.0,14.0,15.0,0.0,26.0,0.0,45.0,0.0,16.0,31.0,17.42,11.95,0.0,18.56,15.44,27.85,3.06,0.0,15.12,15.15,14.75,28.44,0.0,20.0,12.0,12.0,15.0,15.0,20.0,15.0,15.0,15.0,15.0,15.0,20.0,30.0,25.0,25.0,25.0,20.0,20.0,20.0,20.0,20.0,20.0,15.0,20.0,20.0,20.0,20.0,20.0,20.0,20.0,20.0,20.0,15.0,15.0,16.5,0.0,7.23837995529175,5.94320011138916,6.65269994735718,13.8430500030518,42.2430801391602,42.1533584594727,150.0,24.1796798706055,22.9642505645752,32.3160781860352,28.0599594116211,33.0,79.0,78.0,71.0,104.0,94.0,98.0,88.0,116.0,91.0,109.0,103.0
SIPT296,Jai Bhavani Trading Co,Sangareddy,Sadasivpet,Non-Exclusive,1528903.0,94337.0,84.0,TG,Inactive,,0.0,13.0,20.0,12.0,22.0,22.0,22.0,16.0,20.0,17.0,17.0,20.0,10.0,0.0,26.0,0.0,10.0,0.0,0.0,10.0,0.0,0.0,0.0,0.0,0.0,0.0,0.0,0.0,0.0,0.0,0.0,0.0,0.0,0.0,,,0.0,20.0,12.0,12.0,15.0,15.0,20.0,15.0,15.0,15.0,15.0,15.0,15.0,25.0,25.0,25.0,20.0,20.0,20.0,20.0,20.0,20.0,20.0,5.0,0.0,0.0,0.0,0.0,0.0,0.0,0.0,0.0,0.0,0.0,0.0,0.0,0.0,0.0,10.8362798690796,15.4081201553345,24.5457801818848,36.9808197021484,36.7424392700195,150.0,35.8917617797852,43.640998840332,41.7984008789063,4.94267988204956,7.0,14.0,15.0,5.0,88.0,87.0,90.0,86.0,84.0,80.0,80.0,80.0
SIPT297,"EASHWARI TRADERS CEMENT, SANITERY & GENERAL MERCHANT",Jagitial,RAIKAL,Non-Exclusive,988913.0,63907.0,6.300000000000001,TG,Active,80.0,0.0,12.0,7.0,9.0,8.0,8.0,7.0,0.0,7.0,0.0,10.0,9.0,11.0,10.0,10.0,10.0,10.0,10.0,10.0,10.0,21.0,0.0,10.0,10.0,0.0,10.31,0.0,9.93,0.0,0.0,0.0,0.0,9.46,0.0,9.85,0.0,0.0,12.0,12.0,15.0,12.0,10.0,10.0,10.0,10.0,10.0,10.0,10.0,10.0,10.0,10.0,10.0,10.0,10.0,10.0,10.0,10.0,10.0,10.0,10.0,15.0,10.0,10.0,10.0,10.0,10.0,10.0,10.0,10.0,10.0,10.0,11.0,0.0,4.53984022140503,8.93126010894775,6.49342012405396,13.3220300674438,10.9224901199341,11.9900798797607,10.0,14.6434297561646,20.6789798736572,21.6804008483887,45.6150588989258,32.0,39.0,47.0,42.0,14.0,1.0,11.0,10.0,21.0,10.0,2.0,6.0
SIPT298,,Medak,Ameenpur,Non-Exclusive,766153.0,,0.0,,,,0.0,20.0,21.0,18.0,25.0,21.0,23.0,22.0,22.0,26.0,0.0,0.0,0.0,0.0,0.0,0.0,0.0,0.0,0.0,0.0,0.0,0.0,0.0,0.0,,,,,,,,,,,,,0.0,20.0,12.0,17.0,17.0,20.0,20.0,21.0,21.0,21.0,21.0,21.0,20.0,10.0,10.0,0.0,0.0,0.0,0.0,0.0,0.0,0.0,0.0,0.0,,,,,,,,,,,,,0.0,4.65958023071289,26.6960391998291,13.9881801605225,12.0139598846436,39.1686782836914,18.4894008636475,40.0,21.9439792633057,26.1147994995117,14.3308000564575,6.64667987823486,0.0,0.0,0.0,0.0,0.0,0.0,0.0,0.0,0.0,0.0,0.0,0.0
SIPT299,KANAKADURGA IRON CEMENT MERCHANTS,Warangal,Warangal,Non-Exclusive,737148.0,26877.0,238.35,TG,Active,1000.0,0.0,9.0,47.0,45.0,57.0,46.0,56.0,43.0,44.0,43.0,50.0,83.0,55.0,93.0,55.0,76.0,60.0,74.0,61.0,50.0,81.0,30.0,61.0,86.0,30.59,60.64999999999999,60.49,50.1,74.58000000000001,70.56,30.3,50.05,29.56,59.55,60.62,59.339999999999996,0.0,12.0,10.0,25.0,30.0,40.0,40.0,43.0,43.0,43.0,43.0,43.0,50.0,50.0,50.0,50.0,50.0,50.0,50.0,50.0,80.0,80.0,80.0,55.0,0.0,50.0,60.0,50.0,70.0,70.0,80.0,80.0,80.0,60.0,60.0,60.0,0.0,5.73588991165161,44.7805290222168,36.3753890991211,22.0007495880127,56.8091888427734,92.8044891357422,300.0,21.772819519043,49.3859596252441,76.8068008422852,355.407806396484,306.0,387.0,360.0,354.0,68.0,79.0,58.0,136.0,95.0,104.0,61.0,227.0
SIPT300,,HANAMKONDA,KAZIPET,Non-Exclusive,405630.0,,0.0,,,,0.0,10.0,44.0,50.0,43.0,60.0,42.0,43.0,49.0,68.0,0.0,0.0,,,,,,,,,,,,,,,,,,,,,,,,,0.0,12.0,10.0,20.0,30.0,30.0,40.0,42.0,42.0,42.0,42.0,42.0,0.0,0.0,0.0,0.0,0.0,0.0,0.0,0.0,0.0,0.0,0.0,0.0,,,,,,,,,,,,,22.84000015,13.27293968,27.2256507873535,31.4359703063965,48.6191787719727,9.40999984741211,57.3549499511719,200.0,54.1083183288574,135.897918701172,48.9383201599121,100.047401428223,0.0,0.0,0.0,0.0,0.0,0.0,0.0,0.0,0.0,0.0,0.0,0.0
SIPT301,SRI VENKATESWARA STEEL SYNDICATE,Bhadradri Kothagudem,KOTHAGUDEM,Non-Exclusive,1069261.0,79819.0,149.1,TG,Active,180.0,0.0,10.0,18.0,7.0,13.0,0.0,17.0,11.0,11.0,10.0,19.0,10.0,0.0,15.0,10.0,11.0,0.0,13.0,0.0,14.0,10.0,0.0,11.0,0.0,15.09,0.0,0.0,9.9,12.349999999999998,14.64,0.0,23.87,0.0,9.71,11.660000000000002,0.0,0.0,12.0,12.0,12.0,12.0,12.0,12.0,10.0,10.0,10.0,10.0,10.0,10.0,10.0,10.0,10.0,10.0,10.0,10.0,10.0,10.0,22.0,10.0,10.0,10.0,15.0,10.0,10.0,10.0,10.0,10.0,10.0,10.0,10.0,10.0,12.0,0.0,0.0,6.24187994003296,8.32503986358643,6.00566005706787,8.05325984954834,43.5011711120605,300.0,35.9247589111328,44.0026702880859,36.3398399353027,126.761680603027,135.0,109.0,104.0,108.0,102.0,111.0,115.0,127.0,112.0,103.0,102.0,142.0
SIPT302,YAMANI TRADERS,Narayanpet,Marikal,Non-Exclusive,562148.0,37650.0,0.0,TG,Active,80.0,0.0,0.0,8.0,12.0,13.0,12.0,12.0,11.0,12.0,12.0,13.0,13.0,13.0,16.0,15.0,20.0,22.0,20.0,21.0,20.0,0.0,20.0,12.0,20.0,21.01,24.72,15.19,11.47,15.18,15.33,9.91,14.72,14.79,0.0,14.079999999999998,23.78,0.0,0.0,12.0,10.0,12.0,12.0,12.0,11.0,11.0,11.0,11.0,11.0,12.0,15.0,15.0,20.0,20.0,20.0,20.0,20.0,20.0,15.0,25.0,15.0,15.0,15.0,15.0,10.0,15.0,15.0,10.0,10.0,15.0,15.0,15.0,16.5,0.0,0.0,6.83740997314453,8.52801036834717,10.6639204025269,17.3516597747803,56.589599609375,150.0,43.6681785583496,43.108959197998,48.4073295593262,24.6412906646729,0.0,0.0,0.0,0.0,0.0,0.0,0.0,0.0,0.0,0.0,0.0,0.0
SIPT303,Mallikarjuna Enterprises & Traders,Wanaparthy,Chinambavi,Non-Exclusive,577758.0,,32.550000000000004,TG,Active,25.0,0.0,0.0,10.0,14.0,8.0,12.0,0.0,0.0,0.0,11.0,0.0,18.0,10.0,16.0,12.0,13.0,15.0,0.0,16.0,0.0,0.0,13.0,0.0,16.0,0.0,10.97,10.44,0.0,9.58,0.0,0.0,10.26,14.85,0.0,0.0,0.0,0.0,0.0,12.0,10.0,12.0,12.0,12.0,10.0,10.0,10.0,10.0,10.0,10.0,10.0,10.0,15.0,15.0,15.0,15.0,10.0,10.0,10.0,20.0,10.0,10.0,10.0,10.0,10.0,10.0,10.0,10.0,10.0,10.0,10.0,10.0,11.0,0.0,0.0,8.183349609375,6.34502983093262,9.55212020874023,10.996129989624,34.8650283813477,10.0,25.0383205413818,38.0143508911133,40.2557716369629,8.33652019500732,5.0,4.0,10.0,16.0,22.0,24.0,18.0,10.0,14.0,14.0,14.0,31.0
SIPT304,NATRAJ ENTERPRISES,Medak,TOOPRAN,Non-Exclusive,766153.0,38637.0,59.85,TG,Active,200.0,0.0,0.0,9.0,5.0,13.0,25.0,12.0,13.0,13.0,15.0,15.0,15.0,34.0,17.0,26.0,21.0,21.0,13.0,6.0,0.0,3.0,8.0,30.0,10.0,8.08,1.02,9.14,0.0,0.0,11.13,16.91,0.0,6.46,21.84,9.630000000000003,6.51,0.0,0.0,12.0,12.0,12.0,10.0,10.0,13.0,13.0,13.0,13.0,13.0,15.0,15.0,15.0,21.0,21.0,21.0,21.0,21.0,20.0,30.0,30.0,20.0,20.0,20.0,20.0,20.0,20.0,20.0,20.0,20.0,20.0,20.0,20.0,22.0,0.0,0.0,6.60536003112793,7.56122016906738,6.042799949646,36.7678413391113,34.1669998168945,100.0,25.390079498291,23.7245998382568,30.3737201690674,62.7158012390137,46.0,41.0,45.0,54.0,10.0,11.0,11.0,26.0,0.0,40.0,22.0,57.0
SIPT305,CHANDANA TRADERS,Nalgonda,Chandur,Non-Exclusive,1618416.0,40211.0,106.05,TG,Active,60.0,0.0,0.0,11.0,14.0,0.0,6.0,0.0,0.0,7.0,0.0,20.0,10.0,10.0,0.0,0.0,10.0,0.0,10.0,0.0,10.0,0.0,0.0,10.0,10.0,8.97,9.14,0.0,10.35,9.95,10.16,9.89,0.0,0.0,12.06,11.63,11.59,0.0,0.0,12.0,12.0,12.0,12.0,12.0,10.0,10.0,10.0,10.0,10.0,10.0,10.0,10.0,10.0,10.0,10.0,10.0,10.0,10.0,10.0,15.0,10.0,10.0,10.0,10.0,10.0,10.0,10.0,10.0,10.0,10.0,10.0,10.0,12.0,0.0,0.0,12.5666198730469,7.87942981719971,5.52921009063721,5.72354984283447,35.9807891845703,70.0,21.3724002838135,20.1611194610596,29.0210494995117,52.0151596069336,86.0,51.0,50.0,51.0,101.0,112.0,104.0,101.0,102.0,101.0,102.0,101.0
SIPT306,Nagarjuna Steel Mart,Medchal - Malkajgiri,Rampally,Non-Exclusive,2460095.0,71301.0,121.8,TG,Active,775.0,0.0,0.0,11.0,13.0,20.0,20.0,26.0,10.0,13.0,13.0,24.0,38.0,26.0,43.0,20.0,22.0,21.0,22.0,25.0,11.0,12.0,9.0,26.0,26.0,62.85,55.04,26.31,25.67,40.95,40.96,23.01,38.73,39.59,25.33,37.849999999999994,24.810000000000006,0.0,0.0,20.0,20.0,20.0,20.0,20.0,18.0,18.0,18.0,18.0,18.0,25.0,42.0,35.0,35.0,25.0,20.0,20.0,20.0,25.0,25.0,25.0,20.0,20.0,20.0,40.0,40.0,30.0,30.0,30.0,30.0,40.0,50.0,50.0,55.0,0.0,0.0,5.91582012176514,10.0516395568848,34.7814903259277,56.171989440918,64.1188201904297,100.0,48.0079116821289,54.6839904785156,43.5469017028809,41.1676902770996,19.0,84.0,74.0,66.0,116.0,112.0,116.0,109.0,110.0,102.0,111.0,116.0
SIPT307,Madina Steel Traders,Siddipet,Siddipet,Non-Exclusive,1012065.0,168105.0,71.4,TG,Active,600.0,0.0,0.0,11.0,20.0,12.0,11.0,12.0,12.0,10.0,10.0,14.0,12.0,23.0,33.0,40.0,40.0,48.0,48.0,50.0,30.0,45.0,0.0,30.0,30.0,30.14,39.77,25.78,0.0,13.25,19.58,10.45,38.86,29.96,29.94,29.509999999999998,29.369999999999997,0.0,0.0,12.0,12.0,12.0,10.0,10.0,10.0,10.0,10.0,10.0,10.0,15.0,15.0,15.0,15.0,15.0,15.0,25.0,25.0,50.0,40.0,30.0,30.0,30.0,30.0,25.0,0.0,0.0,10.0,20.0,20.0,22.0,10.0,15.0,16.5,0.0,0.0,5.0,8.43560028076172,6.43964004516602,9.24176025390625,38.8202781677246,200.0,25.6808795928955,32.1033401489258,41.0064392089844,102.197280883789,104.0,114.0,163.0,106.0,22.0,20.0,20.0,20.0,157.0,20.0,22.0,68.0
SIPT308,Sri Ganesh Steel Traders,Hyderabad,Kushaiguda,Non-Exclusive,3943323.0,,70.35000000000001,TG,Active,290.0,0.0,0.0,0.0,11.0,15.0,15.0,12.0,14.0,14.0,15.0,14.0,16.0,15.0,26.0,26.0,21.0,25.0,13.0,21.0,20.0,14.0,0.0,10.0,25.0,13.970000000000002,17.689999999999998,0.0,10.14,24.85,22.61,24.26,0.0,0.0,0.0,0.0,0.0,0.0,0.0,0.0,10.0,15.0,15.0,15.0,14.0,14.0,14.0,14.0,14.0,15.0,20.0,20.0,20.0,20.0,20.0,20.0,20.0,20.0,20.0,20.0,20.0,20.0,20.0,20.0,20.0,22.0,22.0,22.0,22.0,22.0,20.0,10.0,11.0,0.0,0.0,0.0,6.88608980178833,10.3799600601196,10.362509727478,41.14794921875,50.0,26.8887004852295,29.9103603363037,37.0360412597656,8.11028003692627,23.0,108.0,104.0,112.0,54.0,77.0,59.0,80.0,50.0,50.0,57.0,67.0
SIPT309,SRI VIGNESWARA TRADERS,Nalgonda,NARKETPALLY,Non-Exclusive,1618416.0,50864.0,94.5,TG,Active,200.0,0.0,0.0,0.0,24.0,32.0,12.0,12.0,31.0,26.0,35.0,22.0,45.0,17.0,32.0,46.0,25.0,25.0,27.0,26.0,11.0,44.0,20.0,23.0,26.0,29.55,24.82999999999999,0.0,20.610000000000007,25.320000000000007,15.2,25.290000000000003,20.1,19.42,18.98,21.969999999999995,24.329999999999995,0.0,0.0,0.0,12.0,12.0,12.0,12.0,20.0,20.0,20.0,20.0,20.0,25.0,30.0,25.0,25.0,25.0,25.0,25.0,25.0,35.0,40.0,30.0,25.0,25.0,25.0,25.0,20.0,30.0,30.0,20.0,20.0,25.0,25.0,25.0,25.0,185.355835,105.2490616,177.8844452,45.62421036,93.51448059,6.58735990524292,74.2383422851563,120.0,52.56370163,78.00811768,80.67072296,135.290115356445,31.0,31.0,63.0,43.0,95.0,86.0,61.0,89.0,72.0,70.0,93.0,90.0
SIPT310,,Nalgonda,Miryalaguda,Non-Exclusive,1618416.0,175838.0,115.5,,,,0.0,0.0,0.0,11.0,11.0,0.0,0.0,0.0,10.0,0.0,5.0,0.0,0.0,0.0,0.0,0.0,0.0,0.0,0.0,0.0,0.0,0.0,0.0,0.0,,,,,,,,,,,,,0.0,0.0,0.0,12.0,12.0,12.0,12.0,10.0,10.0,10.0,10.0,10.0,10.0,15.0,10.0,10.0,10.0,10.0,0.0,0.0,0.0,0.0,0.0,0.0,,,,,,,,,,,,,0.0,0.0,0.0,2.0,7.68696022033691,7.30745983123779,32.3624801635742,80.0,42.2554588317871,36.692138671875,32.8465003967285,25.3411693572998,26.0,26.0,25.0,25.0,110.0,110.0,110.0,110.0,110.0,110.0,110.0,110.0
SIPT311,GANGISETTY SATHYA NARAYANA CEMENT MRECHANT,Mulug,Mulugu,Non-Exclusive,294671.0,,86.10000000000001,TG,Active,250.0,0.0,0.0,0.0,10.0,10.0,0.0,0.0,14.0,13.0,25.0,15.0,23.0,20.0,25.0,9.0,10.0,0.0,0.0,13.0,15.0,17.0,8.0,25.0,23.0,25.18,26.69,20.379999999999995,8.08,20.379999999999995,17.38,24.4,20.44,20.15,9.38,30.05,11.219999999999999,0.0,0.0,0.0,12.0,12.0,10.0,10.0,10.0,10.0,10.0,10.0,10.0,15.0,20.0,20.0,20.0,20.0,20.0,15.0,15.0,15.0,15.0,15.0,15.0,20.0,15.0,20.0,20.0,17.0,17.0,20.0,20.0,20.0,20.0,20.0,20.0,0.0,0.0,0.0,2.0,10.1989603042603,10.2889795303345,7.76054000854492,125.0,14.1068801879883,33.1870002746582,23.9029808044434,87.2856826782227,80.0,129.0,83.0,82.0,84.0,82.0,83.0,83.0,98.0,95.0,84.0,82.0
SIPT312,,Adilabad,Jannaram,Non-Exclusive,708972.0,,84.0,,,,0.0,0.0,0.0,10.0,10.0,0.0,0.0,10.0,10.0,0.0,0.0,0.0,0.0,0.0,0.0,0.0,0.0,0.0,0.0,0.0,0.0,0.0,0.0,0.0,,,,,,,,,,,,,0.0,0.0,0.0,12.0,12.0,10.0,10.0,10.0,10.0,10.0,10.0,10.0,10.0,10.0,0.0,0.0,0.0,0.0,0.0,0.0,0.0,0.0,0.0,0.0,,,,,,,,,,,,,0.0,0.0,0.0,3.0,9.4370002746582,10.7659196853638,13.6016798019409,60.0,10.2843999862671,11.6586399078369,11.2884397506714,32.8124198913574,32.0,12.0,10.0,10.0,80.0,80.0,80.0,80.0,80.0,80.0,80.0,80.0
SIPT313,SRI RAMA TRADERS (N),Karimnagar,Nusthullapur,Non-Exclusive,1162156.0,49026.0,145.95000000000002,TG,Active,2000.0,0.0,0.0,0.0,5.0,5.0,5.0,10.0,10.0,10.0,10.0,10.0,21.0,22.0,20.0,20.0,20.0,20.0,12.0,21.0,21.0,30.0,11.0,32.0,20.0,40.49,19.950000000000006,25.63,25.47,25.25,25.129999999999995,20.29,20.15,25.48,23.98,24.39,0.0,0.0,0.0,0.0,12.0,12.0,10.0,10.0,10.0,10.0,10.0,10.0,10.0,10.0,15.0,20.0,20.0,20.0,20.0,20.0,20.0,20.0,20.0,20.0,20.0,25.0,25.0,25.0,25.0,25.0,25.0,20.0,20.0,25.0,25.0,25.0,27.5,0.0,0.0,0.0,7.0,3.56879997253418,7.9792799949646,17.2147407531738,150.0,22.9605007171631,25.8382797241211,33.0524406433105,82.6733627319336,114.0,135.0,191.0,125.0,123.0,137.0,142.0,147.0,94.0,135.0,164.0,139.0
SIPT314,DOSAPATI RAMADASU & SONS IRON ELECTRICAL & GENERAL MERCHANTS,Khammam,NELAKONDAPALLY,Non-Exclusive,1401639.0,61325.0,122.85,TG,Active,70.0,0.0,0.0,0.0,7.0,12.0,17.0,11.0,12.0,20.0,43.0,29.0,14.0,37.0,23.0,24.0,26.0,20.0,34.0,26.0,27.0,28.0,13.0,12.0,20.0,41.22,20.14,25.7,20.75,15.04,0.0,0.0,20.44,14.609999999999996,0.0,12.760000000000002,19.7,0.0,0.0,0.0,12.0,12.0,10.0,10.0,12.0,12.0,12.0,12.0,12.0,15.0,20.0,25.0,30.0,30.0,30.0,30.0,30.0,30.0,25.0,20.0,22.0,20.0,20.0,26.0,25.0,30.0,30.0,20.0,20.0,20.0,20.0,15.0,16.5,0.0,0.0,0.0,5.0,3.17758989334106,4.40186023712158,34.2494697570801,20.0,15.3772897720337,28.8803901672363,50.5529518127441,69.6693115234375,111.0,24.0,47.0,54.0,90.0,88.0,116.0,86.0,84.0,82.0,89.0,117.0
SIPT315,THIRUMALA STEEL CEMENTS AND GENERAL STORES,Khammam,V M BANJARA,Non-Exclusive,1401639.0,,89.25,TG,Active,60.0,0.0,0.0,0.0,0.0,13.0,0.0,0.0,0.0,10.0,9.0,0.0,11.0,10.0,16.0,0.0,0.0,20.0,0.0,0.0,0.0,0.0,12.0,0.0,11.0,6.6,0.0,0.0,10.690000000000005,0.0,8.92,0.0,0.0,0.0,8.329999999999998,0.0,10.78,0.0,0.0,0.0,0.0,12.0,10.0,10.0,10.0,10.0,10.0,10.0,10.0,10.0,15.0,15.0,15.0,15.0,15.0,15.0,10.0,20.0,10.0,20.0,10.0,10.0,10.0,10.0,10.0,10.0,10.0,10.0,10.0,10.0,5.0,10.0,11.0,0.0,0.0,0.0,0.0,2.13896989822388,2.0946900844574,26.700569152832,30.0,35.8212699890137,24.2260208129883,24.2993106842041,44.4398002624512,85.0,126.0,101.0,105.0,104.0,82.0,103.0,95.0,108.0,111.0,96.0,85.0
SIPT316,R.K STEELS PROFILES,Nagarkurnool,KALWAKURTHY,Non-Exclusive,861766.0,66388.0,31.5,TG,Active,250.0,0.0,0.0,0.0,0.0,22.0,0.0,21.0,0.0,15.0,43.0,0.0,0.0,0.0,7.0,0.0,0.0,0.0,15.0,0.0,0.0,34.0,5.0,0.0,10.0,0.0,10.02,10.239999999999998,9.859999999999998,0.0,12.89,0.0,9.66,0.0,0.0,0.0,0.0,0.0,0.0,0.0,0.0,12.0,20.0,20.0,14.0,14.0,14.0,14.0,14.0,15.0,20.0,15.0,15.0,15.0,15.0,15.0,15.0,15.0,25.0,25.0,10.0,10.0,10.0,10.0,10.0,10.0,10.0,10.0,10.0,10.0,10.0,10.0,11.0,0.0,0.0,0.0,0.0,7.82120990753174,10.6089200973511,15.7643098831177,150.0,13.6324396133423,12.905909538269,22.8728103637695,123.474479675293,124.0,41.0,41.0,47.0,28.0,26.0,26.0,27.0,31.0,30.0,31.0,30.0
SIPT317,Sri Srinivasa Traders (Ch),Rangareddy,Chevella,Non-Exclusive,2426243.0,58166.0,0.0,TG,Active,265.0,0.0,0.0,0.0,0.0,15.0,0.0,18.0,0.0,21.0,12.0,20.0,13.0,3.0,0.0,0.0,0.0,6.0,12.0,36.0,19.0,4.0,22.0,4.0,12.0,8.28,7.830000000000001,0.0,0.0,0.0,0.0,0.0,0.0,3.82,3.76,0.0,0.0,0.0,0.0,0.0,0.0,20.0,15.0,15.0,11.0,11.0,11.0,11.0,11.0,15.0,25.0,25.0,25.0,15.0,15.0,15.0,15.0,15.0,30.0,30.0,10.0,10.0,10.0,10.0,10.0,0.0,0.0,0.0,0.0,0.0,10.0,10.0,11.0,0.0,0.0,0.0,0.0,8.45125961303711,5.0,31.1793308258057,180.0,37.3902816772461,25.5410308837891,41.7607803344727,17.8013401031494,30.0,33.0,30.0,30.0,0.0,0.0,0.0,0.0,0.0,0.0,3.0,0.0
SIPT318,Sri Chaitanya Steels & Traders,Rangareddy,Balapur,Non-Exclusive,2426243.0,,3.1500000000000004,TG,Active,500.0,0.0,0.0,0.0,0.0,6.0,20.0,20.0,0.0,15.0,10.0,10.0,8.0,15.0,20.0,0.0,12.0,0.0,12.0,0.0,13.0,15.0,0.0,11.0,0.0,0.0,0.0,15.44,19.57,13.06,10.4,11.4,11.48,15.65,15.599999999999998,11.7,15.03,0.0,0.0,0.0,0.0,20.0,20.0,20.0,15.0,15.0,15.0,15.0,15.0,15.0,20.0,20.0,20.0,15.0,15.0,15.0,15.0,15.0,15.0,10.0,10.0,15.0,15.0,15.0,20.0,10.0,10.0,10.0,10.0,10.0,10.0,10.0,15.0,0.0,0.0,0.0,0.0,2.46455001831055,4.86852979660034,38.548038482666,100.0,35.1757507324219,31.2529697418213,32.4373512268066,12.141960144043,33.0,94.0,80.0,92.0,4.0,3.0,7.0,4.0,9.0,9.0,8.0,3.0
SIPT319,ANJANA AGENCIES,Jogulamba Gadwal,GADWAL,Non-Exclusive,574969.0,114390.0,22.05,TG,Active,350.0,0.0,0.0,0.0,0.0,20.0,21.0,22.0,5.0,23.0,22.0,21.0,32.0,33.0,32.0,30.0,24.0,33.0,30.0,14.0,22.0,30.0,20.0,12.0,10.0,49.49999999999999,18.97,13.989999999999998,24.790000000000003,26.19,29.070000000000004,0.0,20.13,10.179999999999998,24.03,12.94,36.67999999999999,0.0,0.0,0.0,0.0,12.0,20.0,20.0,21.0,21.0,21.0,21.0,21.0,25.0,30.0,30.0,30.0,30.0,30.0,30.0,30.0,30.0,35.0,35.0,30.0,20.0,30.0,25.0,20.0,30.0,30.0,20.0,20.0,25.0,25.0,25.0,25.0,0.0,0.0,0.0,0.0,3.00200009346008,13.8441600799561,29.7614707946777,60.0,24.0042495727539,28.6457405090332,30.1663208007813,58.6154708862305,64.0,29.0,49.0,36.0,59.0,11.0,37.0,19.0,24.0,38.0,35.0,21.0
SIPT320,THIRUMALA IRON HARDWARE AND GENERAL,Mahabubabad,THORRUR,Non-Exclusive,774549.0,68400.0,44.1,TG,Active,600.0,0.0,0.0,0.0,0.0,15.0,15.0,16.0,15.0,15.0,15.0,17.0,15.0,0.0,12.0,15.0,0.0,16.0,0.0,16.0,17.0,15.0,0.0,0.0,0.0,14.57,16.04,16.0,15.47,14.74,25.129999999999995,16.05,24.94,16.87,14.429999999999996,14.780000000000001,14.93,0.0,0.0,0.0,0.0,12.0,15.0,15.0,15.0,15.0,15.0,15.0,15.0,15.0,20.0,15.0,20.0,20.0,20.0,20.0,15.0,20.0,20.0,20.0,15.0,15.0,15.0,15.0,15.0,10.0,10.0,10.0,10.0,15.0,15.0,15.0,16.5,0.0,0.0,0.0,0.0,9.7198600769043,16.8783397674561,8.5306396484375,120.0,3.76979994773865,26.3495998382568,36.4668006896973,87.2035369873047,39.0,35.0,33.0,35.0,43.0,47.0,43.0,44.0,43.0,42.0,41.0,42.0
SIPT321,SRI VENKATESWARA TRADERS REKURTHI,Karimnagar,REKURTHI,Non-Exclusive,1162156.0,,49.35,TG,Active,2000.0,0.0,0.0,0.0,0.0,12.0,20.0,12.0,22.0,16.0,26.0,42.0,31.0,20.0,41.0,32.0,30.0,31.0,31.0,30.0,31.0,30.0,20.0,30.0,40.0,25.36,39.93,0.0,30.27,40.16999999999999,40.34,0.0,9.86,35.11,9.63,30.259999999999998,41.44,0.0,0.0,0.0,0.0,12.0,12.0,12.0,15.0,15.0,15.0,15.0,15.0,20.0,25.0,25.0,30.0,30.0,30.0,30.0,30.0,40.0,30.0,30.0,20.0,25.0,30.0,30.0,30.0,40.0,40.0,35.0,35.0,35.0,30.0,30.0,33.0,0.0,0.0,0.0,0.0,4.0,4.21326017379761,30.2939205169678,100.0,11.1375999450684,56.1617813110352,44.4204406738281,132.654983520508,0.0,0.0,0.0,0.0,0.0,0.0,32.0,31.0,31.0,44.0,38.0,47.0
SIPT322,Vasudeva Cement & Iron Stores,Suryapet,Garidepally,Non-Exclusive,1099560.0,,75.60000000000001,TG,Inactive,,0.0,0.0,0.0,0.0,5.0,0.0,10.0,9.0,12.0,5.0,0.0,10.0,0.0,0.0,0.0,0.0,0.0,5.0,0.0,0.0,0.0,0.0,0.0,0.0,0.0,0.0,0.0,0.0,0.0,0.0,0.0,0.0,0.0,0.0,,,0.0,0.0,0.0,0.0,12.0,10.0,10.0,10.0,10.0,10.0,10.0,10.0,10.0,15.0,15.0,15.0,15.0,15.0,15.0,10.0,10.0,25.0,0.0,0.0,0.0,0.0,0.0,0.0,0.0,0.0,0.0,0.0,0.0,0.0,0.0,0.0,0.0,0.0,0.0,0.0,8.0,9.94579982757568,9.10128021240234,25.0,36.3199996948242,21.970100402832,8.74100017547607,13.6840000152588,62.0,80.0,82.0,118.0,72.0,72.0,72.0,98.0,72.0,71.0,72.0,72.0
SIPT323,SAI FERTILIZERS,Warangal,MAMNOOR,Non-Exclusive,737148.0,172108.0,91.35,TG,Active,100.0,0.0,0.0,0.0,0.0,10.0,10.0,10.0,0.0,26.0,12.0,6.0,12.0,11.0,20.0,0.0,0.0,0.0,0.0,0.0,6.0,0.0,0.0,4.0,8.0,0.0,4.77,0.0,0.0,5.99,0.0,0.0,0.0,0.0,0.0,0.0,0.0,0.0,0.0,0.0,0.0,12.0,10.0,10.0,10.0,10.0,10.0,10.0,10.0,15.0,20.0,20.0,20.0,20.0,20.0,15.0,10.0,15.0,15.0,0.0,0.0,0.0,5.0,10.0,10.0,10.0,10.0,10.0,10.0,10.0,0.0,0.0,0.0,0.0,0.0,0.0,0.0,3.0,6.25229978561401,5.69299983978271,70.0,6.48080015182495,5.46793985366821,34.7650985717773,66.6390609741211,64.0,80.0,83.0,61.0,82.0,81.0,81.0,85.0,82.0,82.0,82.0,87.0
SIPT324,SURYA IRON CEMENT AND SANITARY,Mahabubabad,HASTHINAPURAM,Non-Exclusive,774549.0,,109.2,TG,Active,600.0,0.0,0.0,0.0,0.0,11.0,5.0,0.0,10.0,10.0,10.0,15.0,16.0,17.0,0.0,27.0,22.0,0.0,0.0,26.0,0.0,35.0,0.0,0.0,0.0,11.78,14.98,16.57,16.94,0.0,16.4,0.0,0.0,17.34,0.0,14.97,20.94,0.0,0.0,0.0,0.0,12.0,10.0,10.0,10.0,10.0,10.0,10.0,10.0,15.0,20.0,20.0,20.0,20.0,20.0,20.0,20.0,20.0,20.0,20.0,0.0,0.0,10.0,10.0,10.0,10.0,10.0,10.0,10.0,10.0,10.0,10.0,15.0,0.0,0.0,0.0,0.0,5.0,7.95596981048584,12.4621000289917,45.0,7.82931995391846,17.0743598937988,32.8037185668945,64.0686798095703,136.0,116.0,133.0,115.0,85.0,65.0,62.0,43.0,71.0,44.0,89.0,104.0
SIPT325,Sai Steel,Sangareddy,Patancheru,Non-Exclusive,1528903.0,113752.0,33.6,TG,Active,500.0,0.0,0.0,0.0,0.0,8.0,8.0,0.0,0.0,15.0,0.0,5.0,5.0,0.0,0.0,4.0,8.0,0.0,0.0,5.0,9.0,5.0,6.0,3.0,10.0,5.68,12.85,11.46,18.02,13.97,22.22,13.96,10.61,9.87,0.0,0.0,5.7700000000000005,0.0,0.0,0.0,0.0,20.0,15.0,15.0,10.0,10.0,10.0,10.0,10.0,10.0,12.0,10.0,20.0,20.0,20.0,20.0,20.0,20.0,10.0,10.0,5.0,10.0,10.0,10.0,10.0,10.0,10.0,10.0,10.0,10.0,10.0,10.0,11.0,0.0,0.0,0.0,0.0,2.0,5.95417022705078,16.8476600646973,100.0,20.5276393890381,29.6473903656006,15.1850004196167,4.03156995773315,4.0,62.0,66.0,68.0,37.0,25.0,34.0,32.0,25.0,30.0,32.0,32.0
SIPT326,SRI BALAJI STEELS,Mahabubnagar,Kosgi,Non-Exclusive,905660.0,,37.8,TG,Active,300.0,0.0,0.0,0.0,0.0,0.0,11.0,11.0,12.0,23.0,14.0,18.0,15.0,31.0,12.0,22.0,24.0,26.0,20.0,21.0,11.0,0.0,15.0,16.0,21.0,34.27,20.66,19.78,21.71,21.69,37.19,22.33,23.91,24.77,24.4,25.55,25.18,0.0,0.0,0.0,0.0,0.0,10.0,10.0,11.0,11.0,11.0,11.0,11.0,20.0,25.0,20.0,20.0,20.0,20.0,20.0,20.0,20.0,20.0,25.0,20.0,20.0,20.0,20.0,20.0,22.0,22.0,20.0,20.0,25.0,25.0,25.0,27.0,0.0,0.0,0.0,0.0,0.0,8.66541957855225,4.54259014129639,700.0,7.5258002281189,21.31662940979,9.27336025238037,43.6611595153809,57.0,32.0,48.0,60.0,45.0,51.0,35.0,45.0,38.0,37.0,41.0,36.0
SIPT327,Vijayalaxmi Enterprises,Medchal - Malkajgiri,Ramanthapur,Non-Exclusive,2460095.0,,103.95,TG,Inactive,2100.0,0.0,0.0,0.0,0.0,0.0,14.0,0.0,0.0,19.0,0.0,0.0,0.0,0.0,0.0,4.0,0.0,0.0,0.0,0.0,0.0,0.0,0.0,0.0,0.0,0.0,0.0,0.0,0.0,0.0,0.0,0.0,0.0,0.0,0.0,,,0.0,0.0,0.0,0.0,0.0,15.0,15.0,10.0,10.0,10.0,10.0,10.0,10.0,12.0,12.0,13.0,13.0,10.0,10.0,10.0,10.0,10.0,10.0,0.0,0.0,0.0,0.0,0.0,0.0,0.0,0.0,0.0,0.0,0.0,0.0,0.0,0.0,0.0,0.0,0.0,0.0,1.45912003517151,21.682559967041,300.0,41.2842483520508,21.8537197113037,22.5247898101807,0.852479994297028,0.0,0.0,0.0,0.0,0.0,0.0,0.0,0.0,0.0,90.0,90.0,99.0
SIPT328,,Nalgonda,KONDAMALLEPALLY,Non-Exclusive,1618416.0,,21.0,,,,0.0,0.0,0.0,0.0,0.0,10.0,0.0,0.0,11.0,0.0,0.0,0.0,0.0,0.0,0.0,0.0,0.0,0.0,0.0,0.0,0.0,0.0,0.0,0.0,,,,,,,,,,,,,0.0,0.0,0.0,0.0,0.0,10.0,10.0,10.0,10.0,10.0,10.0,10.0,10.0,15.0,0.0,0.0,0.0,0.0,0.0,0.0,0.0,0.0,0.0,0.0,,,,,,,,,,,,,0.0,0.0,0.0,0.0,0.0,7.64347982406616,7.14311981201172,50.0,18.7338600158691,6.70829010009766,9.37907981872559,31.2731990814209,30.0,33.0,30.0,30.0,20.0,20.0,20.0,20.0,20.0,20.0,20.0,20.0
SIPT329,MAHALAXMI AGENCIES,Karimnagar,HUZURABAD,Non-Exclusive,1162156.0,74721.0,86.10000000000001,TG,Active,150.0,0.0,0.0,0.0,0.0,0.0,10.0,10.0,11.0,10.0,10.0,10.0,13.0,13.0,10.0,10.0,11.0,11.0,11.0,0.0,10.0,0.0,15.0,0.0,24.0,15.25,9.91,9.84,10.92,10.66,9.989999999999998,10.12,9.8,11.75,12.06,9.999999999999998,10.719999999999999,0.0,0.0,0.0,0.0,0.0,10.0,10.0,10.0,10.0,10.0,10.0,10.0,10.0,10.0,10.0,10.0,10.0,10.0,10.0,10.0,20.0,20.0,10.0,10.0,15.0,10.0,10.0,10.0,10.0,10.0,10.0,10.0,12.0,10.0,10.0,11.0,0.0,0.0,0.0,0.0,0.0,4.56879997253418,7.00197982788086,30.0,4.22686004638672,42.476390838623,6.67738008499146,25.0263805389404,22.0,39.0,25.0,35.0,95.0,89.0,84.0,81.0,81.0,96.0,86.0,82.0
SIPT330,,Nalgonda,Alair,Non-Exclusive,1618416.0,,184.8,,,,0.0,0.0,0.0,0.0,0.0,11.0,10.0,0.0,11.0,0.0,0.0,0.0,0.0,0.0,0.0,0.0,0.0,0.0,0.0,0.0,0.0,0.0,0.0,0.0,,,,,,,,,,,,,0.0,0.0,0.0,0.0,0.0,10.0,10.0,11.0,11.0,11.0,11.0,11.0,11.0,16.0,0.0,0.0,0.0,0.0,0.0,0.0,0.0,0.0,0.0,0.0,,,,,,,,,,,,,0.0,0.0,0.0,0.0,0.0,6.4060001373291,8.3274097442627,70.0,14.6397199630737,2.52837991714478,3.73160004615784,32.485221862793,0.0,0.0,186.0,173.0,184.0,172.0,176.0,185.0,206.0,176.0,179.0,176.0
SIPT331,,Rangareddy,Langer house,Non-Exclusive,2426243.0,,84.0,,,,0.0,0.0,0.0,0.0,0.0,0.0,7.0,0.0,0.0,0.0,0.0,0.0,0.0,0.0,0.0,0.0,0.0,0.0,0.0,0.0,0.0,0.0,0.0,0.0,,,,,,,,,,,,,0.0,0.0,0.0,0.0,0.0,0.0,15.0,10.0,10.0,10.0,10.0,10.0,10.0,10.0,10.0,10.0,0.0,0.0,0.0,0.0,0.0,0.0,0.0,0.0,,,,,,,,,,,,,0.0,0.0,0.0,0.0,0.0,2.0,4.54525995254517,400.0,4.31984996795654,3.41176009178162,3.37120008468628,4.60584020614624,3.0,80.0,80.0,80.0,80.0,80.0,80.0,80.0,80.0,80.0,80.0,80.0
SIPT332,MAANHEII IRON CEMENT,Jangaon,Jangaon,Non-Exclusive,534991.0,92446.0,76.65,TG,Active,311.0,0.0,0.0,0.0,0.0,0.0,0.0,10.0,10.0,12.0,15.0,13.0,20.0,20.0,23.0,20.0,20.0,20.0,13.0,22.0,0.0,16.0,8.0,12.0,20.0,19.31,19.270000000000003,0.0,19.98,6.27,10.57,20.23,0.0,21.5,7.489999999999995,8.57,6.310000000000002,0.0,0.0,0.0,0.0,0.0,0.0,10.0,10.0,10.0,10.0,10.0,10.0,15.0,20.0,20.0,20.0,20.0,20.0,20.0,20.0,20.0,20.0,20.0,20.0,25.0,20.0,20.0,20.0,20.0,20.0,20.0,20.0,20.0,20.0,15.0,16.5,0.0,0.0,0.0,0.0,0.0,0.0,9.0,300.0,14.7988796234131,18.9049205780029,36.0088806152344,201.772918701172,235.0,259.0,271.0,290.0,86.0,63.0,85.0,62.0,106.0,65.0,105.0,73.0
SIPT333,SRI MAHESHWARA AGENCIES,Warangal,Hanamakonda,Non-Exclusive,737148.0,,58.8,TG,Active,800.0,0.0,0.0,0.0,0.0,0.0,0.0,12.0,10.0,11.0,11.0,13.0,13.0,16.0,15.0,16.0,16.0,16.0,18.0,16.0,0.0,22.0,11.0,0.0,32.0,0.0,0.0,0.0,0.0,9.739999999999998,0.0,0.0,21.23,0.0,19.0,0.0,0.0,0.0,0.0,0.0,0.0,0.0,0.0,12.0,12.0,12.0,12.0,12.0,12.0,15.0,20.0,15.0,15.0,15.0,15.0,15.0,20.0,20.0,20.0,20.0,20.0,25.0,20.0,25.0,20.0,20.0,20.0,20.0,20.0,20.0,20.0,20.0,22.0,0.0,0.0,0.0,0.0,0.0,0.0,3.0,60.0,9.33917999267578,9.34531021118164,32.990161895752,42.7024002075195,60.0,61.0,74.0,75.0,30.0,27.0,16.0,23.0,26.0,28.0,40.0,56.0
SIPT334,,Hyderabad,Quthbullapur,Non-Exclusive,3943323.0,,208.95,,,,0.0,0.0,0.0,0.0,0.0,0.0,10.0,0.0,16.0,0.0,0.0,0.0,0.0,0.0,0.0,0.0,0.0,0.0,0.0,0.0,0.0,0.0,0.0,0.0,,,,,,,,,,,,,0.0,0.0,0.0,0.0,0.0,0.0,15.0,10.0,10.0,10.0,10.0,10.0,10.0,10.0,10.0,0.0,0.0,0.0,0.0,0.0,0.0,0.0,0.0,0.0,,,,,,,,,,,,,0.0,0.0,0.0,0.0,0.0,0.0,5.0,100.0,9.07376003265381,13.8329601287842,6.59359979629517,1.15499997138977,445.0,135.0,130.0,177.0,117.0,139.0,164.0,105.0,155.0,131.0,126.0,199.0
SIPT335,,Karimnagar,Veenavanka,Non-Exclusive,1162156.0,49041.0,73.5,,,,0.0,0.0,0.0,0.0,0.0,0.0,11.0,11.0,13.0,10.0,0.0,0.0,0.0,0.0,0.0,0.0,0.0,0.0,0.0,0.0,0.0,0.0,0.0,0.0,,,,,,,,,,,,,0.0,0.0,0.0,0.0,0.0,0.0,12.0,11.0,11.0,11.0,11.0,11.0,10.0,10.0,0.0,0.0,0.0,0.0,0.0,0.0,0.0,0.0,0.0,0.0,,,,,,,,,,,,,0.0,0.0,0.0,0.0,0.0,0.0,7.0,20.0,8.62611961364746,25.3113307952881,9.04096031188965,21.5697193145752,166.0,82.0,87.0,103.0,72.0,70.0,82.0,76.0,95.0,82.0,94.0,70.0
SIPT336,,Bhadradri Kothagudem,Kothagudem,Non-Exclusive,1069261.0,79819.0,21.0,,,,0.0,0.0,0.0,0.0,0.0,0.0,7.0,0.0,10.0,0.0,0.0,0.0,0.0,0.0,0.0,0.0,0.0,0.0,0.0,0.0,0.0,0.0,0.0,0.0,,,,,,,,,,,,,0.0,0.0,0.0,0.0,0.0,0.0,12.0,10.0,10.0,10.0,10.0,10.0,10.0,10.0,0.0,0.0,0.0,0.0,0.0,0.0,0.0,0.0,0.0,0.0,,,,,,,,,,,,,0.0,0.0,0.0,0.0,0.0,0.0,2.0,60.0,12.2982902526855,3.02857995033264,2.92567992210388,60.8491706848145,61.0,30.0,30.0,30.0,20.0,20.0,20.0,20.0,20.0,20.0,20.0,20.0
SIPT337,,Hanamkonda,Gudur,Non-Exclusive,405630.0,,262.5,,,231.0,0.0,0.0,0.0,0.0,0.0,0.0,10.0,0.0,11.0,0.0,9.0,11.0,0.0,0.0,0.0,0.0,0.0,0.0,0.0,0.0,0.0,0.0,0.0,0.0,,,,,,,,,,,,,0.0,0.0,0.0,0.0,0.0,0.0,12.0,10.0,10.0,10.0,10.0,10.0,10.0,15.0,15.0,15.0,15.0,15.0,10.0,5.0,10.0,10.0,0.0,0.0,,,,,,,,,,,,,0.0,0.0,0.0,0.0,0.0,0.0,2.0,40.0,2.93569993972778,13.2070398330688,2.41447997093201,52.7007217407227,50.0,66.0,50.0,50.0,251.0,251.0,253.0,250.0,250.0,250.0,250.0,250.0
SIPT338,Sri Srinivasa Iron Syndicate,Bhadradri Kothagudem,Khammam,Non-Exclusive,1069261.0,,22.05,TG,Active,2000.0,0.0,0.0,0.0,0.0,0.0,0.0,6.0,10.0,18.0,27.0,12.0,48.0,63.0,34.0,25.0,25.0,41.0,25.0,30.0,30.0,21.0,12.0,12.0,25.0,44.010000000000005,40.44,15.420000000000002,22.520000000000003,30.57,24.94,20.26,23.96,30.859999999999992,19.59000000000001,34.46,38.97,0.0,0.0,0.0,0.0,0.0,0.0,12.0,10.0,10.0,10.0,10.0,10.0,15.0,20.0,25.0,30.0,30.0,30.0,30.0,30.0,35.0,30.0,20.0,25.0,20.0,20.0,30.0,20.0,35.0,35.0,20.0,20.0,30.0,30.0,30.0,33.0,0.0,0.0,0.0,0.0,0.0,0.0,8.0,20.0,11.7457504272461,19.1415195465088,29.7898197174072,97.1629791259766,2.0,88.0,108.0,106.0,29.0,20.0,21.0,20.0,20.0,26.0,23.0,21.0
SIPT339,Srinivasa Iron & Cement Store,Nagarkurnool,Bijanapalli,Non-Exclusive,861766.0,72647.0,181.65,TG,Active,30.0,0.0,0.0,0.0,0.0,0.0,0.0,10.0,10.0,10.0,18.0,11.0,18.0,12.0,11.0,15.0,15.0,15.0,16.0,16.0,15.0,15.0,6.0,10.0,11.0,20.11,10.45,9.79,12.04,15.29,5.83,10.11,12.1,14.88,0.0,4.87,0.0,0.0,0.0,0.0,0.0,0.0,0.0,12.0,10.0,10.0,10.0,10.0,10.0,12.0,15.0,15.0,15.0,15.0,15.0,15.0,15.0,15.0,15.0,25.0,15.0,10.0,10.0,10.0,10.0,15.0,15.0,10.0,10.0,12.0,10.0,10.0,11.0,0.0,0.0,0.0,0.0,0.0,0.0,8.0,170.0,20.3180198669434,20.8043403625488,20.2951602935791,96.3272018432617,161.0,86.0,146.0,122.0,179.0,153.0,164.0,182.0,167.0,165.0,184.0,173.0
SIPT340,Sri Sai Tirumala Steel Traders,Medchal - Malkajgiri,Balaji Nagar,Non-Exclusive,2460095.0,,74.55,TG,Active,210.0,0.0,0.0,0.0,0.0,0.0,0.0,0.0,12.0,0.0,10.0,8.0,19.0,19.0,25.0,0.0,22.0,14.0,0.0,11.0,10.0,15.0,0.0,0.0,26.0,22.08,43.08,24.3,24.97,13.91,15.659999999999998,0.0,12.3,0.0,13.4,9.52,10.03,0.0,0.0,0.0,0.0,0.0,0.0,0.0,10.0,10.0,10.0,10.0,10.0,15.0,24.0,20.0,20.0,20.0,20.0,20.0,20.0,20.0,20.0,20.0,10.0,15.0,15.0,20.0,20.0,15.0,15.0,15.0,15.0,20.0,20.0,15.0,16.5,0.0,0.0,0.0,0.0,0.0,0.0,0.0,100.0,3.35531997680664,6.44048976898193,6.61856985092163,6.76041984558105,0.0,0.0,0.0,25.0,55.0,38.0,39.0,56.0,77.0,65.0,48.0,71.0
SIPT341,Sana Traders,Mahabubnagar,Addakal,Non-Exclusive,905660.0,31224.0,87.15,TG,Active,25.0,0.0,0.0,0.0,0.0,0.0,0.0,0.0,12.0,10.0,11.0,10.0,0.0,11.0,12.0,14.0,12.0,11.0,0.0,10.0,0.0,27.0,12.0,12.0,12.0,0.0,14.239999999999998,12.77,0.0,12.099999999999998,0.0,0.0,11.92,9.81,0.0,9.37,14.579999999999998,0.0,0.0,0.0,0.0,0.0,0.0,0.0,10.0,10.0,10.0,10.0,10.0,10.0,10.0,10.0,10.0,10.0,10.0,10.0,10.0,10.0,10.0,20.0,10.0,10.0,10.0,10.0,10.0,15.0,15.0,10.0,10.0,10.0,10.0,10.0,11.0,0.0,0.0,0.0,0.0,0.0,0.0,0.0,15.0,10.657320022583,16.0687808990479,15.1975698471069,16.1118297576904,14.0,23.0,21.0,13.0,96.0,84.0,98.0,82.0,98.0,84.0,87.0,83.0
SIPT342,GANESH STEEL AND CEMENT CHEVELLA,Rangareddy,Chevella,Non-Exclusive,2426243.0,58166.0,131.25,TG,Active,265.0,0.0,0.0,0.0,0.0,0.0,0.0,0.0,10.0,12.0,5.0,15.0,0.0,26.0,47.0,33.0,21.0,27.0,25.0,29.0,15.0,59.0,18.0,26.0,36.0,58.92,48.59,31.17000000000001,26.42,28.02,40.01,67.13,36.06,50.69,57.2,14.459999999999999,14.39,0.0,0.0,0.0,0.0,0.0,0.0,0.0,10.0,10.0,10.0,10.0,10.0,15.0,25.0,25.0,25.0,25.0,25.0,25.0,25.0,25.0,25.0,25.0,30.0,40.0,50.0,50.0,50.0,40.0,40.0,40.0,40.0,40.0,50.0,50.0,55.0,0.0,0.0,0.0,0.0,0.0,0.0,0.0,100.0,10.3241195678711,12.749400138855,12.6283197402954,9.75701999664307,15.0,6.0,23.0,9.0,133.0,112.0,90.0,123.0,90.0,111.0,116.0,125.0
SIPT343,Indrasena Traders,Warangal,Narasampet,Non-Exclusive,737148.0,,36.75,TG,Active,1000.0,0.0,0.0,0.0,0.0,0.0,0.0,0.0,11.0,13.0,11.0,8.0,13.0,14.0,0.0,0.0,15.0,10.0,33.0,18.0,15.0,21.0,21.0,21.0,20.0,20.79,0.0,25.770000000000003,0.0,20.16,0.0,19.91,0.0,19.68,0.0,21.52,19.97,0.0,0.0,0.0,0.0,0.0,0.0,0.0,10.0,10.0,10.0,10.0,10.0,10.0,15.0,15.0,15.0,15.0,15.0,15.0,15.0,15.0,15.0,20.0,20.0,25.0,25.0,20.0,15.0,20.0,20.0,20.0,20.0,20.0,20.0,20.0,22.0,0.0,0.0,0.0,0.0,0.0,0.0,0.0,60.0,5.50964021682739,19.1450004577637,3.57559990882874,112.516998291016,111.0,107.0,81.0,96.0,1.0,12.0,2.0,42.0,2.0,18.0,7.0,35.0
SIPT344,,Mahabubnagar,Waddepalle,Non-Exclusive,905660.0,,160.65,,,,0.0,0.0,0.0,0.0,0.0,0.0,0.0,10.0,12.0,0.0,7.0,0.0,0.0,0.0,0.0,0.0,0.0,0.0,0.0,0.0,0.0,0.0,0.0,0.0,,,,,,,,,,,,,0.0,0.0,0.0,0.0,0.0,0.0,0.0,10.0,10.0,10.0,10.0,10.0,10.0,10.0,0.0,0.0,0.0,0.0,0.0,0.0,0.0,0.0,0.0,0.0,,,,,,,,,,,,,0.0,0.0,0.0,0.0,0.0,0.0,0.0,15.0,11.0558099746704,9.16617012023926,9.32413959503174,3.11123991012573,348.0,182.0,219.0,158.0,173.0,191.0,189.0,168.0,153.0,157.0,154.0,153.0
SIPT345,Sri Laxmi Narasimha Steel,Kamareddy,Nizamabad,Non-Exclusive,972625.0,,8.4,TG,Active,1000.0,0.0,0.0,0.0,0.0,0.0,0.0,0.0,12.0,21.0,0.0,5.0,0.0,10.0,0.0,0.0,7.0,6.0,0.0,6.0,0.0,10.0,0.0,19.0,16.0,0.0,9.42,10.01,4.95,10.06,0.0,0.0,11.57,0.0,0.0,0.0,0.0,0.0,0.0,0.0,0.0,0.0,0.0,0.0,10.0,10.0,10.0,10.0,10.0,10.0,10.0,10.0,10.0,10.0,10.0,10.0,10.0,10.0,10.0,10.0,10.0,10.0,10.0,10.0,10.0,10.0,10.0,10.0,10.0,10.0,10.0,10.0,11.0,0.0,0.0,0.0,0.0,0.0,0.0,0.0,200.0,29.2584705352783,2.17239999771118,3.65781998634338,29.9531593322754,21.0,22.0,22.0,21.0,5.0,4.0,2.0,0.0,2.0,4.0,13.0,8.0
SIPT346,SRI JAYARAM STEEL SYNDICATE,Khammam,Khammam,Non-Exclusive,1401639.0,356857.0,23.1,TG,Active,2000.0,0.0,0.0,0.0,0.0,0.0,0.0,0.0,8.0,12.0,10.0,10.0,11.0,10.0,0.0,10.0,15.0,20.0,12.0,15.0,7.0,15.0,12.0,17.0,0.0,18.6,19.32,0.0,19.84,0.0,0.0,19.8,0.0,12.7,11.96,11.47,9.76,0.0,0.0,0.0,0.0,0.0,0.0,0.0,10.0,10.0,10.0,10.0,10.0,15.0,15.0,15.0,15.0,15.0,15.0,15.0,15.0,15.0,25.0,20.0,15.0,15.0,15.0,15.0,15.0,15.0,15.0,20.0,20.0,20.0,15.0,15.0,16.5,0.0,0.0,0.0,0.0,0.0,0.0,0.0,50.0,6.23000001907349,13.6551198959351,7.2002100944519,68.6638793945313,108.0,55.0,62.0,69.0,34.0,25.0,40.0,25.0,21.0,29.0,25.0,22.0
SIPT347,Jai Bhavani Steel & Cement Traders,Medchal - Malkajgiri,Ghatkesar,Non-Exclusive,2460095.0,74712.0,58.8,TG,Active,1500.0,0.0,0.0,0.0,0.0,0.0,0.0,0.0,0.0,12.0,10.0,5.0,0.0,11.0,8.0,10.0,10.0,0.0,10.0,0.0,0.0,10.0,0.0,8.0,0.0,0.0,17.32,7.66,12.58,10.41,0.0,0.0,8.540000000000001,9.420000000000002,26.87,0.0,8.93,0.0,0.0,0.0,0.0,0.0,0.0,0.0,0.0,10.0,10.0,10.0,10.0,10.0,15.0,15.0,20.0,20.0,15.0,15.0,15.0,15.0,15.0,15.0,5.0,10.0,10.0,15.0,15.0,10.0,10.0,10.0,10.0,10.0,10.0,15.0,16.5,0.0,0.0,0.0,0.0,0.0,0.0,0.0,0.0,11.8987598419189,11.3444795608521,11.7964096069336,1.69326996803284,4.0,80.0,82.0,83.0,58.0,50.0,51.0,52.0,50.0,50.0,61.0,56.0
SIPT348,Bhanu Agencies,Rajanna Sircilla,Vemulawada,Non-Exclusive,552037.0,50158.0,86.10000000000001,TG,Active,400.0,0.0,0.0,0.0,0.0,0.0,0.0,0.0,0.0,10.0,20.0,10.0,10.0,10.0,20.0,10.0,21.0,0.0,0.0,11.0,10.0,0.0,10.0,10.0,11.0,20.7,9.76,9.93,10.5,25.19,0.0,20.07,0.0,19.81,0.0,6.430000000000003,0.0,0.0,0.0,0.0,0.0,0.0,0.0,0.0,0.0,10.0,10.0,10.0,10.0,10.0,10.0,20.0,25.0,25.0,25.0,10.0,10.0,20.0,20.0,20.0,10.0,15.0,20.0,15.0,10.0,10.0,10.0,10.0,10.0,12.0,10.0,10.0,11.0,0.0,0.0,0.0,0.0,0.0,0.0,0.0,0.0,7.46059989929199,9.25113964080811,27.7586002349854,203.797760009766,205.0,117.0,109.0,125.0,85.0,82.0,93.0,81.0,80.0,96.0,96.0,82.0
SIPT349,Sri Rama Steel Traders,Medchal - Malkajgiri,Nagaram,Non-Exclusive,2460095.0,,105.0,TG,Active,1470.0,0.0,0.0,0.0,0.0,0.0,0.0,0.0,0.0,9.0,0.0,33.0,11.0,29.0,20.0,0.0,0.0,0.0,0.0,0.0,0.0,0.0,0.0,0.0,0.0,0.0,0.0,0.0,0.0,0.0,0.0,0.0,0.0,0.0,0.0,0.0,0.0,0.0,0.0,0.0,0.0,0.0,0.0,0.0,0.0,10.0,10.0,10.0,10.0,10.0,20.0,15.0,20.0,20.0,20.0,20.0,20.0,20.0,20.0,20.0,5.0,10.0,10.0,0.0,0.0,0.0,0.0,0.0,0.0,0.0,0.0,0.0,0.0,0.0,0.0,0.0,0.0,0.0,0.0,0.0,0.0,12.0,16.3828792572021,28.7651996612549,5.84159994125366,38.0,133.0,128.0,124.0,106.0,102.0,102.0,106.0,100.0,100.0,100.0,100.0
SIPT350,Baber & Co,Hyderabad,Musheerabad,Non-Exclusive,3943323.0,347861.0,126.0,TG,Active,600.0,0.0,0.0,0.0,0.0,0.0,0.0,0.0,0.0,11.0,11.0,0.0,10.0,0.0,0.0,0.0,0.0,0.0,0.0,0.0,0.0,0.0,0.0,0.0,0.0,0.0,0.0,48.28999999999999,0.0,0.0,0.0,0.0,0.0,0.0,0.0,0.0,0.0,0.0,0.0,0.0,0.0,0.0,0.0,0.0,0.0,10.0,10.0,10.0,10.0,10.0,12.0,12.0,20.0,20.0,15.0,15.0,15.0,15.0,15.0,15.0,0.0,0.0,0.0,0.0,0.0,0.0,0.0,0.0,0.0,0.0,0.0,0.0,0.0,0.0,0.0,0.0,0.0,0.0,0.0,0.0,0.0,30.0,30.5758590698242,31.4347190856934,4.95146989822388,1.0,83.0,80.0,81.0,120.0,120.0,120.0,120.0,120.0,120.0,121.0,120.0
SIPT351,SRI GAYATHRI CEMENT IRON AND GENERAL MERCHANT,Suryapet,MUNAGALA,Non-Exclusive,1099560.0,43824.0,86.10000000000001,TG,Active,120.0,0.0,0.0,0.0,0.0,0.0,0.0,0.0,0.0,10.0,0.0,9.0,0.0,0.0,12.0,0.0,0.0,10.0,12.0,0.0,0.0,9.0,0.0,12.0,0.0,0.0,0.0,12.09,0.0,0.0,0.0,0.0,0.0,0.0,0.0,0.0,0.0,0.0,0.0,0.0,0.0,0.0,0.0,0.0,0.0,10.0,10.0,10.0,10.0,10.0,10.0,10.0,10.0,10.0,10.0,10.0,10.0,10.0,10.0,10.0,0.0,10.0,10.0,10.0,10.0,10.0,10.0,0.0,0.0,0.0,0.0,0.0,0.0,0.0,0.0,0.0,0.0,0.0,0.0,0.0,0.0,20.0,21.1053791046143,21.1996307373047,31.5354690551758,32.0,23.0,27.0,22.0,82.0,83.0,93.0,82.0,84.0,82.0,83.0,82.0
SIPT352,Madhavi Agencies,Warangal,Parkal,Non-Exclusive,737148.0,,90.3,TG,Active,63.0,0.0,0.0,0.0,0.0,0.0,0.0,0.0,0.0,11.0,11.0,11.0,11.0,8.0,15.0,16.0,16.0,0.0,15.0,25.0,21.0,61.0,0.0,25.0,21.0,24.65,25.42,25.37,17.58,0.0,15.159999999999998,0.0,22.12,24.980000000000004,10.1,19.25,0.0,0.0,0.0,0.0,0.0,0.0,0.0,0.0,0.0,10.0,10.0,10.0,10.0,10.0,15.0,15.0,15.0,15.0,15.0,15.0,15.0,25.0,25.0,25.0,20.0,25.0,25.0,25.0,20.0,22.0,22.0,20.0,20.0,20.0,20.0,20.0,22.0,0.0,0.0,0.0,0.0,0.0,0.0,0.0,0.0,10.0,11.8959999084473,14.1465997695923,60.2369995117188,90.0,96.0,109.0,97.0,87.0,86.0,84.0,84.0,96.0,93.0,112.0,86.0
SIPT353,Laxmi Steels,Bhadradri Kothagudem,Bandarugudem,Non-Exclusive,1069261.0,,42.0,TG,Active,100.0,0.0,0.0,0.0,0.0,0.0,0.0,0.0,0.0,6.0,0.0,8.0,16.0,0.0,13.0,10.0,0.0,20.0,0.0,15.0,14.0,15.0,0.0,10.0,0.0,11.48,10.39,0.0,0.0,0.0,0.0,0.0,0.0,0.0,0.0,0.0,0.0,0.0,0.0,0.0,0.0,0.0,0.0,0.0,0.0,10.0,10.0,10.0,10.0,10.0,10.0,10.0,10.0,10.0,10.0,10.0,10.0,20.0,25.0,20.0,15.0,10.0,10.0,15.0,15.0,15.0,15.0,0.0,0.0,0.0,0.0,0.0,0.0,0.0,0.0,0.0,0.0,0.0,0.0,0.0,0.0,10.0,11.0277395248413,11.0022802352905,81.8208694458008,86.0,99.0,106.0,93.0,41.0,32.0,39.0,59.0,25.0,23.0,34.0,40.0
SIPT354,Sri Sapthagiri Agencies,Mahabubnagar,Koukuntla,Non-Exclusive,905660.0,18915.0,88.2,TG,Active,73.5,0.0,0.0,0.0,0.0,0.0,0.0,0.0,0.0,0.0,15.0,10.0,11.0,13.0,10.0,10.0,10.0,10.0,10.0,11.0,0.0,10.0,10.0,0.0,22.0,0.0,10.18,10.74,0.0,12.11,15.64,0.0,10.579999999999998,0.0,9.62,12.82,20.93,0.0,0.0,0.0,0.0,0.0,0.0,0.0,0.0,0.0,10.0,10.0,10.0,10.0,10.0,10.0,10.0,10.0,10.0,10.0,10.0,10.0,10.0,20.0,10.0,10.0,10.0,10.0,10.0,10.0,10.0,10.0,10.0,10.0,10.0,10.0,11.0,0.0,0.0,0.0,0.0,0.0,0.0,0.0,0.0,0.0,15.1163196563721,22.7385005950928,31.3652400970459,106.0,65.0,94.0,62.0,116.0,69.0,62.0,65.0,68.0,63.0,77.0,84.0
SIPT355,BADAM NARSAIAH & SONS,Nalgonda,Bhongiri,Non-Exclusive,1618416.0,,175.35,TG,Active,500.0,0.0,0.0,0.0,0.0,0.0,0.0,0.0,0.0,0.0,10.0,0.0,0.0,0.0,10.0,10.0,0.0,12.0,0.0,0.0,13.0,0.0,10.0,0.0,0.0,12.04,0.0,0.0,13.829999999999998,0.0,0.0,10.38,0.0,10.97,0.0,4.83,0.0,0.0,0.0,0.0,0.0,0.0,0.0,0.0,0.0,0.0,10.0,10.0,10.0,10.0,10.0,10.0,10.0,10.0,10.0,10.0,10.0,10.0,10.0,15.0,0.0,0.0,10.0,10.0,0.0,0.0,0.0,0.0,0.0,0.0,10.0,10.0,11.0,0.0,0.0,0.0,0.0,0.0,0.0,0.0,0.0,0.0,25.0,27.1556091308594,80.254638671875,82.0,83.0,80.0,80.0,150.0,150.0,151.0,157.0,152.0,154.0,153.0,167.0
SIPT356,,Medchal - Malkajgiri,Thumkunta,Non-Exclusive,2460095.0,,94.5,,,,0.0,0.0,0.0,0.0,0.0,0.0,0.0,0.0,0.0,10.0,0.0,11.0,0.0,0.0,0.0,0.0,0.0,0.0,0.0,0.0,0.0,0.0,0.0,0.0,,,,,,,,,,,,,0.0,0.0,0.0,0.0,0.0,0.0,0.0,0.0,0.0,10.0,10.0,10.0,10.0,12.0,12.0,20.0,20.0,0.0,0.0,0.0,0.0,0.0,0.0,0.0,,,,,,,,,,,,,0.0,0.0,0.0,0.0,0.0,0.0,0.0,0.0,0.0,15.4857597351074,15.4857597351074,13.3986196517944,1.0,50.0,47.0,40.0,90.0,90.0,90.0,90.0,90.0,90.0,90.0,90.0
SIPT357,Sri Srinivasa Traders (S),Rajanna Sircilla,Sircilla,Non-Exclusive,552037.0,92001.0,15.75,TG,Active,400.0,0.0,0.0,0.0,0.0,0.0,0.0,0.0,0.0,0.0,11.0,12.0,12.0,20.0,18.0,10.0,15.0,0.0,15.0,20.0,15.0,20.0,0.0,21.0,0.0,0.0,0.0,0.0,0.0,0.0,0.0,0.0,0.0,0.0,0.0,0.0,0.0,0.0,0.0,0.0,0.0,0.0,0.0,0.0,0.0,0.0,10.0,10.0,10.0,10.0,10.0,10.0,15.0,15.0,15.0,15.0,15.0,25.0,25.0,20.0,15.0,15.0,15.0,10.0,0.0,0.0,0.0,0.0,0.0,0.0,0.0,0.0,0.0,0.0,0.0,0.0,0.0,0.0,0.0,0.0,0.0,0.0,21.7209205627441,21.7209205627441,94.0154571533203,0.0,0.0,0.0,0.0,0.0,0.0,0.0,10.0,10.0,10.0,19.0,15.0
SIPT358,Geetha Traders Jagtial,Jagitial,Jagitial,Non-Exclusive,988913.0,113543.0,69.3,TG,Active,500.0,0.0,0.0,0.0,0.0,0.0,0.0,0.0,0.0,0.0,20.0,10.0,10.0,20.0,50.0,20.0,21.0,47.0,0.0,20.0,20.0,25.0,15.0,54.0,26.0,26.749999999999996,25.59,0.0,25.03,38.46000000000001,0.0,0.0,0.0,10.169999999999996,0.0,27.730000000000004,21.75,0.0,0.0,0.0,0.0,0.0,0.0,0.0,0.0,0.0,10.0,10.0,10.0,10.0,10.0,20.0,25.0,25.0,25.0,20.0,20.0,50.0,50.0,50.0,25.0,25.0,25.0,25.0,25.0,40.0,40.0,20.0,20.0,20.0,20.0,20.0,22.0,0.0,0.0,0.0,0.0,0.0,0.0,0.0,0.0,0.0,24.3681793212891,49.6021614074707,328.856536865234,308.0,176.0,178.0,177.0,80.0,73.0,97.0,85.0,87.0,84.0,100.0,66.0
SIPT359,Sai Ram Traders,Nalgonda,Nalgonda,Non-Exclusive,1618416.0,207076.0,127.05,TG,Active,800.0,0.0,0.0,0.0,0.0,0.0,0.0,0.0,0.0,0.0,20.0,31.0,27.0,34.0,59.0,44.0,41.0,30.0,49.0,45.0,44.0,51.0,30.0,30.0,16.0,30.62,45.07000000000001,41.26,29.73,45.120000000000005,46.78,36.82,35.980000000000004,39.510000000000005,38.48,46.3,58.81999999999999,0.0,0.0,0.0,0.0,0.0,0.0,0.0,0.0,0.0,10.0,10.0,10.0,10.0,15.0,25.0,30.0,30.0,30.0,30.0,40.0,75.0,55.0,30.0,30.0,30.0,30.0,30.0,30.0,45.0,45.0,35.0,35.0,40.0,30.0,30.0,30.0,0.0,0.0,0.0,0.0,0.0,0.0,0.0,0.0,0.0,25.4114799499512,11.0522699356079,136.711318969727,197.0,139.0,120.0,155.0,105.0,113.0,136.0,125.0,131.0,102.0,111.0,121.0
SIPT360,Mallikarjuna Steels,Rangareddy,Turkayamjal,Non-Exclusive,2426243.0,,75.60000000000001,TG,Active,1000.0,0.0,0.0,0.0,0.0,0.0,0.0,0.0,0.0,0.0,10.0,11.0,36.0,24.0,26.0,27.0,25.0,28.0,25.0,30.0,26.0,46.0,30.0,28.0,57.0,35.19,0.0,45.32,30.750000000000004,0.0,0.0,0.0,0.0,0.0,0.0,0.0,0.0,0.0,0.0,0.0,0.0,0.0,0.0,0.0,0.0,0.0,10.0,10.0,10.0,15.0,25.0,25.0,25.0,25.0,25.0,25.0,25.0,30.0,30.0,30.0,30.0,30.0,30.0,30.0,30.0,40.0,40.0,40.0,40.0,40.0,10.0,10.0,11.0,0.0,0.0,0.0,0.0,0.0,0.0,0.0,0.0,0.0,13.0,19.9986305236816,34.2161598205566,63.0,88.0,110.0,118.0,54.0,71.0,42.0,77.0,42.0,46.0,64.0,72.0
SIPT361,Sai Kiran Traders,Rangareddy,Keesara,Non-Exclusive,2426243.0,,53.55,TG,Active,255.0,0.0,0.0,0.0,0.0,0.0,0.0,0.0,0.0,0.0,0.0,11.0,0.0,0.0,0.0,7.0,0.0,0.0,0.0,0.0,0.0,0.0,0.0,0.0,0.0,0.0,0.0,0.0,0.0,0.0,0.0,0.0,0.0,0.0,0.0,0.0,0.0,0.0,0.0,0.0,0.0,0.0,0.0,0.0,0.0,0.0,0.0,10.0,10.0,10.0,12.0,12.0,12.0,12.0,10.0,10.0,10.0,10.0,10.0,10.0,0.0,0.0,0.0,0.0,0.0,0.0,0.0,0.0,0.0,0.0,0.0,0.0,0.0,0.0,0.0,0.0,0.0,0.0,0.0,0.0,0.0,0.0,0.0,26.7049808502197,1.26227998733521,1.0,61.0,65.0,60.0,51.0,51.0,51.0,51.0,50.0,50.0,50.0,51.0
SIPT362,,Khammam,Badrachalam,Non-Exclusive,1401639.0,,157.5,,,,0.0,0.0,0.0,0.0,0.0,0.0,0.0,0.0,0.0,0.0,6.0,0.0,0.0,0.0,0.0,0.0,0.0,0.0,0.0,0.0,0.0,0.0,0.0,0.0,,,,,,,,,,,,,0.0,0.0,0.0,0.0,0.0,0.0,0.0,0.0,0.0,0.0,10.0,10.0,10.0,10.0,10.0,10.0,10.0,10.0,10.0,10.0,10.0,0.0,0.0,0.0,,,,,,,,,,,,,0.0,0.0,0.0,0.0,0.0,0.0,0.0,0.0,0.0,0.0,10.8352003097534,61.1375999450684,0.0,0.0,0.0,0.0,0.0,0.0,0.0,0.0,150.0,156.0,153.0,150.0
SIPT363,Pranay Chowdary & Co,Nizamabad,Bodhan,Non-Exclusive,1571022.0,122756.0,52.5,TG,Active,150.0,0.0,0.0,0.0,0.0,0.0,0.0,0.0,0.0,0.0,0.0,10.0,0.0,12.0,0.0,0.0,0.0,0.0,0.0,10.0,0.0,0.0,0.0,0.0,0.0,0.0,0.0,0.0,0.0,0.0,0.0,0.0,0.0,0.0,0.0,0.0,0.0,0.0,0.0,0.0,0.0,0.0,0.0,0.0,0.0,0.0,0.0,10.0,10.0,10.0,10.0,10.0,10.0,10.0,10.0,10.0,10.0,0.0,0.0,0.0,0.0,0.0,10.0,0.0,0.0,0.0,0.0,0.0,0.0,0.0,0.0,0.0,0.0,0.0,0.0,0.0,0.0,0.0,0.0,0.0,0.0,0.0,0.0,10.0,33.0023994445801,30.0,30.0,30.0,30.0,50.0,50.0,50.0,50.0,55.0,50.0,50.0,50.0
SIPT364,Sri Jagadamba Steel Traders,Hyderabad,Old Bowenpally,Non-Exclusive,3943323.0,,5.25,TG,Active,500.0,0.0,0.0,0.0,0.0,0.0,0.0,0.0,0.0,0.0,0.0,0.0,9.0,10.0,10.0,0.0,0.0,10.0,10.0,10.0,10.0,0.0,14.0,20.0,0.0,16.549999999999997,11.33,11.85,7.989999999999998,0.0,10.55,0.0,15.06,0.0,0.0,0.0,0.0,0.0,0.0,0.0,0.0,0.0,0.0,0.0,0.0,0.0,0.0,0.0,10.0,10.0,12.0,12.0,20.0,20.0,20.0,20.0,20.0,20.0,20.0,20.0,10.0,0.0,10.0,10.0,10.0,10.0,10.0,10.0,10.0,10.0,10.0,0.0,0.0,0.0,0.0,0.0,0.0,0.0,0.0,0.0,0.0,0.0,0.0,0.0,100.0,100.0,45.0,46.0,42.0,1.0,19.0,7.0,0.0,6.0,8.0,2.0,5.0
SIPT365,Sri Gurukrupa Agencies,Vikarabad,Vikarabad,Non-Exclusive,946109.0,89496.0,31.5,TG,Inactive,300.0,0.0,0.0,0.0,0.0,0.0,0.0,0.0,0.0,0.0,0.0,0.0,12.0,9.0,0.0,10.0,0.0,0.0,0.0,0.0,14.0,0.0,23.0,0.0,0.0,0.0,0.0,0.0,0.0,0.0,0.0,0.0,0.0,0.0,0.0,,,0.0,0.0,0.0,0.0,0.0,0.0,0.0,0.0,0.0,0.0,0.0,12.0,10.0,12.0,12.0,20.0,20.0,15.0,15.0,15.0,15.0,15.0,15.0,5.0,0.0,0.0,0.0,0.0,0.0,0.0,0.0,0.0,0.0,0.0,0.0,0.0,0.0,0.0,0.0,0.0,0.0,0.0,0.0,0.0,0.0,0.0,0.0,100.0,100.0,0.0,0.0,12.0,30.0,30.0,30.0,30.0,30.0,30.0,35.0,30.0
SIPT366,New Anusha Iron & Steel Traders,Karimnagar,Karimnagar,Non-Exclusive,1162156.0,363106.0,70.35000000000001,TG,Active,210.0,0.0,0.0,0.0,0.0,0.0,0.0,0.0,0.0,0.0,0.0,0.0,10.0,10.0,12.0,10.0,20.0,21.0,23.0,23.0,11.0,22.0,10.0,25.0,15.0,32.8,31.91,20.719999999999995,0.0,20.43,20.28,10.25,20.55,9.929999999999998,0.0,9.81,30.909999999999997,0.0,0.0,0.0,0.0,0.0,0.0,0.0,0.0,0.0,0.0,0.0,10.0,10.0,10.0,10.0,10.0,10.0,10.0,10.0,10.0,20.0,25.0,25.0,10.0,15.0,15.0,20.0,20.0,20.0,20.0,20.0,20.0,20.0,20.0,20.0,22.0,0.0,0.0,0.0,0.0,0.0,0.0,0.0,0.0,0.0,0.0,0.0,103.056396484375,101.0,85.0,91.0,99.0,56.0,66.0,63.0,68.0,110.0,78.0,64.0,67.0
SIPT367,Sri Balaji Hardware And Electricals,Mahabubnagar,Telkapally,Non-Exclusive,905660.0,,86.10000000000001,TG,Active,40.0,0.0,0.0,0.0,0.0,0.0,0.0,0.0,0.0,0.0,0.0,0.0,10.0,5.0,0.0,0.0,0.0,10.0,0.0,10.0,11.0,0.0,0.0,10.0,11.0,0.0,10.01,0.0,0.0,0.0,0.0,0.0,0.0,10.010000000000002,0.0,9.5,0.0,0.0,0.0,0.0,0.0,0.0,0.0,0.0,0.0,0.0,0.0,0.0,10.0,10.0,10.0,10.0,10.0,10.0,10.0,10.0,10.0,10.0,20.0,20.0,10.0,10.0,10.0,10.0,10.0,10.0,10.0,10.0,10.0,10.0,10.0,10.0,12.0,0.0,0.0,0.0,0.0,0.0,0.0,0.0,0.0,0.0,0.0,0.0,100.0,100.0,10.0,10.0,12.0,81.0,82.0,91.0,86.0,85.0,83.0,84.0,82.0
SIPT368,Keerthi Steel Traders,Rangareddy,Saroornagar,Non-Exclusive,2426243.0,,12.6,TG,Inactive,210.0,0.0,0.0,0.0,0.0,0.0,0.0,0.0,0.0,0.0,0.0,0.0,11.0,10.0,0.0,10.0,16.0,0.0,0.0,11.0,0.0,0.0,0.0,0.0,0.0,0.0,0.0,0.0,0.0,0.0,0.0,0.0,0.0,0.0,0.0,,,0.0,0.0,0.0,0.0,0.0,0.0,0.0,0.0,0.0,0.0,0.0,10.0,10.0,15.0,15.0,20.0,20.0,20.0,20.0,20.0,20.0,10.0,10.0,5.0,0.0,0.0,0.0,0.0,0.0,0.0,0.0,0.0,0.0,0.0,0.0,0.0,0.0,0.0,0.0,0.0,0.0,0.0,0.0,0.0,0.0,0.0,0.0,100.0,100.0,82.0,90.0,84.0,22.0,11.0,13.0,12.0,10.0,11.0,12.0,12.0
SIPT369,SRI LAXMI STEEL TRADERS,Medchal - Malkajgiri,Medipally,Non-Exclusive,2460095.0,99768.0,96.6,TG,Active,650.0,0.0,0.0,0.0,0.0,0.0,0.0,0.0,0.0,0.0,0.0,0.0,0.0,0.0,10.0,22.0,22.0,28.0,20.0,26.0,35.0,46.0,15.0,0.0,30.0,0.0,29.46,0.0,30.22,29.52,15.13,41.92,0.0,0.0,0.0,0.0,14.86,0.0,0.0,0.0,0.0,0.0,0.0,0.0,0.0,0.0,0.0,0.0,0.0,0.0,10.0,10.0,20.0,20.0,25.0,25.0,25.0,25.0,35.0,35.0,25.0,30.0,30.0,30.0,30.0,25.0,25.0,25.0,25.0,25.0,10.0,10.0,11.0,0.0,0.0,0.0,0.0,0.0,0.0,0.0,0.0,0.0,0.0,0.0,0.0,0.0,82.0,90.0,90.0,92.0,88.0,82.0,86.0,91.0,89.0,90.0,92.0
SIPT370,Sai Ram Steels,Medchal - Malkajgiri,Rampally,Exclusive,2460095.0,71301.0,351.75,TG,Active,775.0,0.0,0.0,0.0,0.0,0.0,0.0,0.0,0.0,0.0,0.0,0.0,0.0,0.0,10.0,20.0,28.0,58.0,112.0,90.0,64.0,96.0,58.0,64.0,79.0,101.20000000000002,124.3,38.89,35.00000000000001,67.42,73.50999999999999,18.840000000000003,49.76,70.02000000000002,71.01999999999998,69.08,84.66000000000003,0.0,0.0,0.0,0.0,0.0,0.0,0.0,0.0,0.0,0.0,0.0,0.0,0.0,10.0,10.0,20.0,20.0,30.0,30.0,30.0,50.0,150.0,150.0,75.0,120.0,120.0,150.0,90.0,70.0,70.0,70.0,70.0,70.0,70.0,70.0,85.0,0.0,0.0,0.0,0.0,0.0,0.0,0.0,0.0,0.0,0.0,0.0,0.0,0.0,23.0,29.0,48.0,79.0,129.0,62.0,54.0,60.0,57.0,34.0,335.0
SIPT371,Sai Ram Steel Traders,Hyderabad,Kushaiguda,Non-Exclusive,3943323.0,,78.75,TG,Active,1200.0,0.0,0.0,0.0,0.0,0.0,0.0,0.0,0.0,0.0,0.0,0.0,0.0,0.0,14.0,23.0,31.0,21.0,18.0,15.0,0.0,40.0,0.0,23.0,0.0,12.64,20.34,11.85,15.41,0.0,11.849999999999998,0.0,0.0,0.0,0.0,9.95,0.0,0.0,0.0,0.0,0.0,0.0,0.0,0.0,0.0,0.0,0.0,0.0,0.0,0.0,10.0,10.0,20.0,20.0,20.0,20.0,20.0,20.0,20.0,20.0,25.0,20.0,20.0,20.0,20.0,22.0,22.0,22.0,22.0,22.0,10.0,10.0,12.0,0.0,0.0,0.0,0.0,0.0,0.0,0.0,0.0,0.0,0.0,0.0,0.0,0.0,59.0,56.0,58.0,72.0,72.0,65.0,67.0,66.0,64.0,72.0,75.0
SIPT372,SSV ENGINEERING SOLUTIONS,Rangareddy,Abdullapurmet,Non-Exclusive,2426243.0,,61.95,TG,Active,250.0,0.0,0.0,0.0,0.0,0.0,0.0,0.0,0.0,0.0,0.0,0.0,0.0,0.0,21.0,21.0,25.0,20.0,0.0,10.0,20.0,4.0,0.0,3.0,0.0,0.0,0.0,5.19,0.0,11.6,9.89,0.0,9.76,11.25,0.0,0.0,0.0,0.0,0.0,0.0,0.0,0.0,0.0,0.0,0.0,0.0,0.0,0.0,0.0,0.0,10.0,20.0,20.0,20.0,20.0,20.0,20.0,20.0,20.0,20.0,15.0,15.0,15.0,0.0,0.0,10.0,10.0,10.0,10.0,15.0,15.0,10.0,11.0,0.0,0.0,0.0,0.0,0.0,0.0,0.0,0.0,0.0,0.0,0.0,0.0,15.0,13.0,16.0,34.0,70.0,42.0,49.0,42.0,47.0,41.0,51.0,59.0
SIPT373,RUDRA STEEL AGENCY,Rangareddy,Peddamberpet,Exclusive,2426243.0,105605.0,94.5,TG,Active,560.0,0.0,0.0,0.0,0.0,0.0,0.0,0.0,0.0,0.0,0.0,0.0,0.0,0.0,11.0,10.0,21.0,44.0,25.0,65.0,75.0,126.0,13.0,81.0,40.0,45.47,60.89,40.33,59.5,15.900000000000002,49.12,29.81,75.54,69.33999999999999,59.98,52.28,92.30000000000001,0.0,0.0,0.0,0.0,0.0,0.0,0.0,0.0,0.0,0.0,0.0,0.0,0.0,10.0,10.0,20.0,20.0,25.0,25.0,25.0,40.0,130.0,130.0,55.0,60.0,60.0,80.0,80.0,50.0,50.0,50.0,50.0,50.0,50.0,50.0,65.0,0.0,0.0,0.0,0.0,0.0,0.0,0.0,0.0,0.0,0.0,0.0,0.0,0.0,85.0,83.0,112.0,119.0,91.0,121.0,134.0,107.0,116.0,128.0,90.0
SIPT374,C.Bhaskar Cement Traders (M Nagar),Mahabubnagar,Mahabubnagar,Non-Exclusive,905660.0,258955.0,623.7,TG,Active,210.0,0.0,0.0,0.0,0.0,0.0,0.0,0.0,0.0,0.0,0.0,0.0,0.0,,183.0,131.0,131.0,59.0,77.0,64.0,101.0,150.0,20.0,25.0,76.0,98.81,102.42999999999998,100.14,88.62000000000003,102.75,104.71,108.13,112.02,110.47,123.54,125.03000000000009,130.56,0.0,0.0,0.0,0.0,0.0,0.0,0.0,0.0,0.0,0.0,0.0,0.0,0.0,0.0,125.0,130.0,130.0,130.0,130.0,130.0,170.0,125.0,110.0,100.0,75.0,100.0,100.0,90.0,120.0,120.0,80.0,110.0,110.0,120.0,120.0,120.0,0.0,0.0,0.0,0.0,0.0,0.0,0.0,0.0,0.0,0.0,0.0,0.0,0.0,0.0,619.0,614.0,627.0,584.0,612.0,541.0,544.0,623.0,609.0,594.0
SIPT375,C.Bhaskar Cement Traders (Bhuthpur),Mahabubnagar,Bhuthpur,Exclusive,905660.0,48041.0,364.35,TG,Active,1600.0,0.0,0.0,0.0,0.0,0.0,0.0,0.0,0.0,0.0,0.0,0.0,0.0,,138.0,190.0,116.0,151.0,112.0,116.0,113.0,138.0,59.0,93.0,74.0,105.82,100.59,100.87,95.02,107.78000000000002,105.76999999999998,83.50999999999999,118.27999999999994,105.10999999999996,70.27000000000001,117.94999999999999,151.52000000000004,0.0,0.0,0.0,0.0,0.0,0.0,0.0,0.0,0.0,0.0,0.0,0.0,0.0,0.0,105.0,115.0,115.0,115.0,115.0,115.0,150.0,120.0,110.0,100.0,75.0,100.0,100.0,90.0,120.0,120.0,80.0,80.0,100.0,100.0,100.0,100.0,0.0,0.0,0.0,0.0,0.0,0.0,0.0,0.0,0.0,0.0,0.0,0.0,0.0,0.0,438.0,415.0,416.0,303.0,306.0,302.0,312.0,396.0,380.0,347.0
SIPT376,Vinayaka Traders (J),Warangal,Jangaon,Non-Exclusive,737148.0,,105.0,TG,Active,311.0,0.0,0.0,0.0,0.0,0.0,0.0,0.0,0.0,0.0,0.0,0.0,0.0,,0.0,20.0,0.0,11.0,0.0,22.0,11.0,28.0,25.0,27.0,20.0,20.46,15.54,23.07,24.380000000000003,14.25,24.61,36.93,32.53,34.65,25.91,19.06,20.25,0.0,0.0,0.0,0.0,0.0,0.0,0.0,0.0,0.0,0.0,0.0,0.0,0.0,0.0,15.0,10.0,10.0,10.0,10.0,10.0,20.0,20.0,20.0,20.0,25.0,25.0,25.0,20.0,20.0,20.0,20.0,20.0,22.0,25.0,25.0,27.5,0.0,0.0,0.0,0.0,0.0,0.0,0.0,0.0,0.0,0.0,0.0,0.0,4.0,0.0,15.0,25.0,100.0,117.0,112.0,100.0,100.0,100.0,100.0,100.0
SIPT377,Pragathi Steel Mart,Rangareddy,Shameerpet,Non-Exclusive,2426243.0,,787.5,TG,Inactive,,0.0,0.0,0.0,0.0,0.0,0.0,0.0,0.0,0.0,0.0,0.0,0.0,,0.0,10.0,0.0,0.0,0.0,0.0,0.0,0.0,0.0,0.0,0.0,0.0,0.0,0.0,0.0,0.0,0.0,0.0,0.0,0.0,0.0,,,0.0,0.0,0.0,0.0,0.0,0.0,0.0,0.0,0.0,0.0,0.0,0.0,0.0,0.0,10.0,10.0,10.0,10.0,10.0,10.0,10.0,10.0,10.0,0.0,0.0,0.0,0.0,0.0,0.0,0.0,0.0,0.0,0.0,0.0,0.0,0.0,0.0,0.0,0.0,0.0,0.0,0.0,0.0,0.0,0.0,0.0,0.0,0.0,0.0,0.0,750.0,751.0,752.0,750.0,750.0,750.0,750.0,750.0,754.0,750.0
SIPT378,Sri Lakshmi Agencies,Khammam,Ashwaraopeta,Non-Exclusive,1401639.0,,320.25,TG,Active,120.0,0.0,0.0,0.0,0.0,0.0,0.0,0.0,0.0,0.0,0.0,0.0,0.0,,,9.0,0.0,21.0,0.0,0.0,8.0,0.0,11.0,0.0,11.0,0.0,0.0,0.0,0.0,0.0,0.0,9.73,11.54,0.0,9.62,10.54,0.0,0.0,0.0,0.0,0.0,0.0,0.0,0.0,0.0,0.0,0.0,0.0,0.0,0.0,0.0,10.0,10.0,10.0,10.0,10.0,10.0,20.0,20.0,20.0,0.0,10.0,10.0,10.0,10.0,10.0,10.0,10.0,10.0,10.0,10.0,10.0,11.0,0.0,0.0,0.0,0.0,0.0,0.0,0.0,0.0,0.0,0.0,0.0,0.0,0.0,0.0,300.0,301.0,333.0,302.0,300.0,300.0,303.0,303.0,310.0,305.0
SIPT379,Sri Sai Traders,Karimnagar,Manthani,Non-Exclusive,1162156.0,54669.0,210.0,TG,Active,2000.0,0.0,0.0,0.0,0.0,0.0,0.0,0.0,0.0,0.0,0.0,0.0,0.0,,,,10.0,21.0,11.0,10.0,11.0,32.0,10.0,12.0,30.0,33.32,21.58,22.98,15.69,15.189999999999998,15.340000000000002,20.55,20.130000000000003,15.400000000000002,19.97,25.69,31.4,0.0,0.0,0.0,0.0,0.0,0.0,0.0,0.0,0.0,0.0,0.0,0.0,0.0,0.0,0.0,10.0,10.0,10.0,10.0,10.0,25.0,25.0,25.0,15.0,20.0,20.0,30.0,15.0,15.0,15.0,20.0,20.0,22.0,20.0,20.0,25.0,0.0,0.0,0.0,0.0,0.0,0.0,0.0,0.0,0.0,0.0,0.0,0.0,308.0,157.0,182.0,184.0,223.0,212.0,213.0,214.0,234.0,204.0,200.0,200.0
SIPT380,Harinath Traders (New),Rangareddy,Ibrahimpatnam,Non-Exclusive,2426243.0,75305.0,85.05,TG,Active,215.0,0.0,0.0,0.0,0.0,0.0,0.0,0.0,0.0,0.0,0.0,0.0,0.0,,,,11.0,0.0,0.0,0.0,0.0,0.0,16.0,13.0,0.0,0.0,8.379999999999999,0.0,0.0,0.0,0.0,0.0,0.0,0.0,8.370000000000001,0.0,0.0,0.0,0.0,0.0,0.0,0.0,0.0,0.0,0.0,0.0,0.0,0.0,0.0,0.0,0.0,0.0,10.0,10.0,10.0,10.0,10.0,10.0,10.0,10.0,5.0,10.0,10.0,10.0,10.0,10.0,10.0,10.0,10.0,10.0,10.0,10.0,11.0,0.0,0.0,0.0,0.0,0.0,0.0,0.0,0.0,0.0,0.0,0.0,0.0,0.0,0.0,0.0,80.0,80.0,80.0,80.0,80.0,80.0,82.0,81.0,81.0
SIPT381,Venkateshwara Steel Traders,Hyderabad,Kondapur,Non-Exclusive,3943323.0,,159.6,TG,Active,525.0,0.0,0.0,0.0,0.0,0.0,0.0,0.0,0.0,0.0,0.0,0.0,0.0,,,,12.0,12.0,11.0,47.0,0.0,30.0,0.0,14.0,13.0,12.58,26.97,15.23,25.06,14.37,16.64,12.93,0.0,14.95,14.829999999999998,13.43,10.35,0.0,0.0,0.0,0.0,0.0,0.0,0.0,0.0,0.0,0.0,0.0,0.0,0.0,0.0,0.0,10.0,10.0,10.0,10.0,10.0,10.0,20.0,20.0,15.0,15.0,15.0,20.0,20.0,15.0,15.0,15.0,15.0,15.0,15.0,15.0,16.5,0.0,0.0,0.0,0.0,0.0,0.0,0.0,0.0,0.0,0.0,0.0,0.0,115.0,81.0,106.0,105.0,175.0,154.0,208.0,180.0,187.0,151.0,156.0,152.0
SIPT382,Bharat Traders,Nalgonda,Haliya,Non-Exclusive,1618416.0,42070.0,29.4,TG,Active,80.0,0.0,0.0,0.0,0.0,0.0,0.0,0.0,0.0,0.0,0.0,0.0,0.0,,,,,20.0,0.0,13.0,5.0,0.0,21.0,0.0,12.0,0.0,15.02,0.0,15.44,0.0,0.0,7.04,12.51,11.95,10.69,0.0,22.330000000000002,0.0,0.0,0.0,0.0,0.0,0.0,0.0,0.0,0.0,0.0,0.0,0.0,0.0,0.0,0.0,0.0,10.0,10.0,10.0,10.0,10.0,15.0,15.0,10.0,10.0,15.0,10.0,5.0,10.0,10.0,10.0,10.0,10.0,10.0,10.0,11.0,0.0,0.0,0.0,0.0,0.0,0.0,0.0,0.0,0.0,0.0,0.0,0.0,0.0,0.0,0.0,0.0,15.0,15.0,28.0,17.0,20.0,40.0,16.0,28.0
SIPT383,Disha Trading Company,Medchal - Malkajgiri,Medipally,Non-Exclusive,2460095.0,99768.0,109.2,TG,Active,650.0,0.0,0.0,0.0,0.0,0.0,0.0,0.0,0.0,0.0,0.0,0.0,0.0,,,,,31.0,0.0,33.0,0.0,10.0,13.0,0.0,0.0,15.12,26.49,0.0,0.0,26.36,9.859999999999992,0.0,26.77,54.38999999999999,24.35,0.0,40.97,0.0,0.0,0.0,0.0,0.0,0.0,0.0,0.0,0.0,0.0,0.0,0.0,0.0,0.0,0.0,0.0,10.0,30.0,30.0,30.0,30.0,50.0,50.0,15.0,15.0,15.0,20.0,20.0,10.0,10.0,10.0,10.0,15.0,20.0,20.0,22.0,0.0,0.0,0.0,0.0,0.0,0.0,0.0,0.0,0.0,0.0,0.0,0.0,0.0,0.0,0.0,0.0,100.0,100.0,108.0,100.0,114.0,119.0,107.0,104.0
SIPT384,,Yadadri Bhuvanagiri,Choutuppal,Non-Exclusive,770833.0,73336.0,315.0,,,,0.0,0.0,0.0,0.0,0.0,0.0,0.0,0.0,0.0,0.0,0.0,0.0,,,,,0.0,0.0,0.0,0.0,0.0,0.0,0.0,0.0,,,,,,,,,,,,,0.0,0.0,0.0,0.0,0.0,0.0,0.0,0.0,0.0,0.0,0.0,0.0,0.0,0.0,0.0,0.0,12.0,12.0,12.0,10.0,10.0,0.0,0.0,0.0,,,,,,,,,,,,,0.0,0.0,0.0,0.0,0.0,0.0,0.0,0.0,0.0,0.0,0.0,0.0,0.0,0.0,0.0,0.0,300.0,300.0,300.0,300.0,300.0,300.0,300.0,300.0
SIPT385,Jai Hanuman Traders,Mahabubnagar,Rajapur,Non-Exclusive,905660.0,26362.0,91.35,TG,Active,73.5,0.0,0.0,0.0,0.0,0.0,0.0,0.0,0.0,0.0,0.0,0.0,0.0,,,,,10.0,6.0,13.0,10.0,12.0,32.0,11.0,0.0,0.0,0.0,10.01,11.66,0.0,9.66,9.87,0.0,10.510000000000002,12.91,0.0,0.0,0.0,0.0,0.0,0.0,0.0,0.0,0.0,0.0,0.0,0.0,0.0,0.0,0.0,0.0,0.0,0.0,12.0,12.0,12.0,10.0,15.0,15.0,25.0,15.0,10.0,10.0,10.0,10.0,10.0,10.0,10.0,10.0,10.0,10.0,10.0,11.0,0.0,0.0,0.0,0.0,0.0,0.0,0.0,0.0,0.0,0.0,0.0,0.0,0.0,0.0,0.0,0.0,80.0,83.0,80.0,82.0,80.0,83.0,87.0,87.0
SIPT386,Sri Raghavendra Agencies,Vikarabad,Kodangal,Non-Exclusive,946109.0,53673.0,31.5,TG,Active,150.0,0.0,0.0,0.0,0.0,0.0,0.0,0.0,0.0,0.0,0.0,0.0,0.0,,,,,,10.0,6.0,0.0,11.0,0.0,0.0,0.0,0.0,16.02,0.0,0.0,10.41,0.0,0.0,0.0,3.22,0.0,13.09,5.0,0.0,0.0,0.0,0.0,0.0,0.0,0.0,0.0,0.0,0.0,0.0,0.0,0.0,0.0,0.0,0.0,0.0,12.0,12.0,10.0,10.0,15.0,20.0,0.0,5.0,5.0,10.0,10.0,10.0,10.0,10.0,10.0,10.0,10.0,10.0,12.0,0.0,0.0,0.0,0.0,0.0,0.0,0.0,0.0,0.0,0.0,0.0,0.0,0.0,0.0,0.0,0.0,0.0,30.0,31.0,31.0,30.0,33.0,34.0,30.0
SIPT387,Sri Sadhana Steels,Hyderabad,Neredmet,Non-Exclusive,3943323.0,,86.10000000000001,TG,Active,600.0,0.0,0.0,0.0,0.0,0.0,0.0,0.0,0.0,0.0,0.0,0.0,0.0,,,,,,6.0,14.0,10.0,8.0,5.0,14.0,0.0,8.229999999999999,8.760000000000002,0.0,6.55,0.0,6.3,7.899999999999999,6.8100000000000005,9.789999999999996,0.0,7.869999999999999,0.0,0.0,0.0,0.0,0.0,0.0,0.0,0.0,0.0,0.0,0.0,0.0,0.0,0.0,0.0,0.0,0.0,0.0,6.0,6.0,6.0,10.0,10.0,10.0,10.0,10.0,10.0,10.0,10.0,10.0,10.0,10.0,10.0,10.0,10.0,10.0,11.0,0.0,0.0,0.0,0.0,0.0,0.0,0.0,0.0,0.0,0.0,0.0,0.0,92.0,51.0,55.0,52.0,81.0,88.0,83.0,93.0,96.0,81.0,83.0,82.0
SIPT388,Om Steels,Kamareddy,Kamareddy,Non-Exclusive,972625.0,126445.0,28.35,TG,Active,400.0,0.0,0.0,0.0,0.0,0.0,0.0,0.0,0.0,0.0,0.0,0.0,0.0,,,,,,5.0,0.0,10.0,26.0,0.0,10.0,12.0,12.1,10.55,7.92,0.0,0.0,10.36,0.0,11.27,0.0,0.0,9.850000000000001,0.0,0.0,0.0,0.0,0.0,0.0,0.0,0.0,0.0,0.0,0.0,0.0,0.0,0.0,0.0,0.0,0.0,0.0,10.0,10.0,10.0,10.0,10.0,10.0,10.0,10.0,10.0,10.0,10.0,10.0,10.0,10.0,10.0,10.0,10.0,10.0,11.0,0.0,0.0,0.0,0.0,0.0,0.0,0.0,0.0,0.0,0.0,0.0,0.0,0.0,0.0,0.0,0.0,0.0,25.0,25.0,27.0,25.0,25.0,27.0,27.0
SIPT389,Sri Guru Raghavendra Traders,Wanaparthy,Wanaparthy,Non-Exclusive,577758.0,108521.0,157.5,TG,Active,250.0,0.0,0.0,0.0,0.0,0.0,0.0,0.0,0.0,0.0,0.0,0.0,0.0,,,,,,25.0,30.0,61.0,37.0,38.0,30.0,24.0,50.68000000000001,30.770000000000003,81.46,44.25999999999999,29.480000000000004,31.28,43.43,43.370000000000005,65.28,64.3,63.95999999999999,0.0,0.0,0.0,0.0,0.0,0.0,0.0,0.0,0.0,0.0,0.0,0.0,0.0,0.0,0.0,0.0,0.0,0.0,12.0,12.0,10.0,25.0,30.0,30.0,35.0,30.0,30.0,0.0,40.0,30.0,30.0,35.0,35.0,44.0,45.0,45.0,49.5,0.0,0.0,0.0,0.0,0.0,0.0,0.0,0.0,0.0,0.0,0.0,0.0,0.0,0.0,0.0,0.0,0.0,102.0,137.0,179.0,134.0,148.0,154.0,150.0
SIPT390,Sri Rajarajeshwara Agencies,Jagitial,Medipalli,Non-Exclusive,988913.0,29847.0,31.5,TG,Active,80.0,0.0,0.0,0.0,0.0,0.0,0.0,0.0,0.0,0.0,0.0,0.0,0.0,,,,,,,11.0,10.0,10.0,11.0,10.0,10.0,0.0,9.82,10.35,9.67,0.0,10.3,10.21,19.6,10.29,9.96,9.370000000000001,10.77,0.0,0.0,0.0,0.0,0.0,0.0,0.0,0.0,0.0,0.0,0.0,0.0,0.0,0.0,0.0,0.0,0.0,0.0,10.0,10.0,10.0,10.0,10.0,10.0,10.0,10.0,10.0,10.0,10.0,10.0,10.0,10.0,10.0,10.0,10.0,11.0,0.0,0.0,0.0,0.0,0.0,0.0,0.0,0.0,0.0,0.0,0.0,0.0,0.0,0.0,0.0,0.0,0.0,0.0,27.0,27.0,35.0,36.0,32.0,30.0
SIPT391,Sri Vigneshwara Traders (M),Nalgonda,Miryalaguda,Non-Exclusive,1618416.0,175838.0,111.3,TG,Active,450.0,0.0,0.0,0.0,0.0,0.0,0.0,0.0,0.0,0.0,0.0,0.0,0.0,,,,,,,11.0,1.0,0.0,23.0,0.0,0.0,0.0,12.66,10.71,9.97,0.0,0.0,10.44,9.61,9.76,6.07,0.0,0.0,0.0,0.0,0.0,0.0,0.0,0.0,0.0,0.0,0.0,0.0,0.0,0.0,0.0,0.0,0.0,0.0,0.0,0.0,10.0,10.0,10.0,20.0,20.0,10.0,10.0,0.0,0.0,10.0,10.0,10.0,10.0,10.0,10.0,10.0,10.0,11.0,0.0,0.0,0.0,0.0,0.0,0.0,0.0,0.0,0.0,0.0,0.0,0.0,142.0,121.0,110.0,142.0,50.0,35.0,44.0,30.0,25.0,26.0,55.0,106.0
SIPT392,RK Infra,Nalgonda,Suryapet,Non-Exclusive,1618416.0,,12.6,TG,Active,550.0,0.0,0.0,0.0,0.0,0.0,0.0,0.0,0.0,0.0,0.0,0.0,0.0,,,,,,,10.0,0.0,0.0,10.0,11.0,10.0,0.0,0.0,9.75,0.0,0.0,0.0,0.0,0.0,0.0,0.0,0.0,0.0,0.0,0.0,0.0,0.0,0.0,0.0,0.0,0.0,0.0,0.0,0.0,0.0,0.0,0.0,0.0,0.0,0.0,0.0,10.0,10.0,10.0,10.0,10.0,10.0,10.0,10.0,10.0,10.0,0.0,0.0,0.0,0.0,0.0,0.0,0.0,0.0,0.0,0.0,0.0,0.0,0.0,0.0,0.0,0.0,0.0,0.0,0.0,0.0,0.0,0.0,0.0,0.0,0.0,0.0,10.0,10.0,11.0,16.0,12.0,12.0
SIPT393,Ayyappa Traders T,Medak,Toopran,Non-Exclusive,766153.0,38637.0,66.15,TG,Active,200.0,0.0,0.0,0.0,0.0,0.0,0.0,0.0,0.0,0.0,0.0,0.0,0.0,,,,,,,12.0,12.0,17.0,0.0,24.0,23.0,15.25,15.32,0.0,5.3100000000000005,9.920000000000002,10.15,15.35,9.839999999999998,0.0,0.0,9.31,11.079999999999998,0.0,0.0,0.0,0.0,0.0,0.0,0.0,0.0,0.0,0.0,0.0,0.0,0.0,0.0,0.0,0.0,0.0,0.0,10.0,10.0,10.0,10.0,10.0,20.0,20.0,20.0,20.0,20.0,10.0,10.0,10.0,10.0,12.0,0.0,0.0,12.0,0.0,0.0,0.0,0.0,0.0,0.0,0.0,0.0,0.0,0.0,0.0,0.0,0.0,0.0,0.0,0.0,0.0,0.0,30.0,37.0,39.0,33.0,42.0,63.0
SIPT394,Gayathri Enterprises Dharmapuri,Jagitial,Dharmapuri,Non-Exclusive,988913.0,57300.0,18.9,TG,Active,100.0,0.0,0.0,0.0,0.0,0.0,0.0,0.0,0.0,0.0,0.0,0.0,0.0,,,,,,,,16.0,6.0,11.0,0.0,10.0,11.19,9.35,12.57,0.0,9.9,0.0,10.11,10.01,24.09,9.28,0.0,19.39,0.0,0.0,0.0,0.0,0.0,0.0,0.0,0.0,0.0,0.0,0.0,0.0,0.0,0.0,0.0,0.0,0.0,0.0,0.0,6.0,10.0,10.0,10.0,10.0,10.0,10.0,10.0,10.0,10.0,10.0,10.0,10.0,10.0,10.0,10.0,11.0,0.0,0.0,0.0,0.0,0.0,0.0,0.0,0.0,0.0,0.0,0.0,0.0,0.0,0.0,0.0,0.0,0.0,0.0,0.0,12.0,20.0,13.0,15.0,18.0
SIPT395,Shivaram Traders,Sangareddy,Doultabad,Non-Exclusive,1528903.0,40732.0,29.4,TG,Active,180.0,0.0,0.0,0.0,0.0,0.0,0.0,0.0,0.0,0.0,0.0,0.0,0.0,,,,,,,,9.0,14.0,0.0,24.0,10.0,3.35,0.0,5.98,8.1,4.24,4.03,2.81,8.56,0.0,0.0,6.290000000000001,0.0,0.0,0.0,0.0,0.0,0.0,0.0,0.0,0.0,0.0,0.0,0.0,0.0,0.0,0.0,0.0,0.0,0.0,0.0,0.0,10.0,10.0,10.0,10.0,10.0,10.0,10.0,10.0,10.0,10.0,10.0,10.0,10.0,10.0,10.0,10.0,11.0,0.0,0.0,0.0,0.0,0.0,0.0,0.0,0.0,0.0,0.0,0.0,0.0,0.0,0.0,0.0,0.0,0.0,0.0,0.0,20.0,20.0,20.0,33.0,28.0
SIPT396,Sri Dattatreya Enterprises,Rangareddy,Hytabad,Non-Exclusive,2426243.0,51334.0,136.5,TG,Active,300.0,0.0,0.0,0.0,0.0,0.0,0.0,0.0,0.0,0.0,0.0,0.0,0.0,,,,,,,,10.0,2.0,0.0,0.0,0.0,5.32,0.0,0.0,0.0,0.0,0.0,0.0,0.0,0.0,0.0,0.0,0.0,0.0,0.0,0.0,0.0,0.0,0.0,0.0,0.0,0.0,0.0,0.0,0.0,0.0,0.0,0.0,0.0,0.0,0.0,0.0,10.0,10.0,10.0,10.0,5.0,5.0,5.0,5.0,5.0,10.0,10.0,10.0,10.0,10.0,0.0,0.0,0.0,0.0,0.0,0.0,0.0,0.0,0.0,0.0,0.0,0.0,0.0,0.0,0.0,0.0,0.0,0.0,0.0,0.0,0.0,0.0,130.0,130.0,130.0,132.0,130.0
SIPT397,Sri Sundha Hardware & General Stores,Bhadradri Kothagudem,Tekupalli,Non-Exclusive,1069261.0,,65.10000000000001,TG,Active,60.0,0.0,0.0,0.0,0.0,0.0,0.0,0.0,0.0,0.0,0.0,0.0,0.0,,,,,,,,6.0,0.0,5.0,0.0,10.0,0.0,10.02,0.0,6.420000000000001,0.0,0.0,0.0,5.1,0.0,9.09,9.69,11.080000000000002,0.0,0.0,0.0,0.0,0.0,0.0,0.0,0.0,0.0,0.0,0.0,0.0,0.0,0.0,0.0,0.0,0.0,0.0,0.0,10.0,10.0,10.0,10.0,5.0,10.0,10.0,10.0,10.0,10.0,10.0,10.0,10.0,10.0,10.0,10.0,11.0,0.0,0.0,0.0,0.0,0.0,0.0,0.0,0.0,0.0,0.0,0.0,0.0,54.0,110.0,111.0,125.0,69.0,64.0,65.0,64.0,64.0,64.0,61.0,62.0
SIPT398,Gampa Enterprises,Karimnagar,Peddapalli,Non-Exclusive,1162156.0,101776.0,151.20000000000002,TG,Active,500.0,0.0,0.0,0.0,0.0,0.0,0.0,0.0,0.0,0.0,0.0,0.0,0.0,,,,,,,,21.0,63.0,25.0,35.0,36.0,29.87,29.87,51.05,30.16,29.93,43.19,35.42,37.55,39.98999999999999,39.1,39.480000000000004,44.240000000000016,0.0,0.0,0.0,0.0,0.0,0.0,0.0,0.0,0.0,0.0,0.0,0.0,0.0,0.0,0.0,0.0,0.0,0.0,0.0,10.0,20.0,30.0,25.0,25.0,30.0,30.0,30.0,30.0,30.0,30.0,35.0,35.0,40.0,40.0,40.0,44.0,0.0,0.0,0.0,0.0,0.0,0.0,0.0,0.0,0.0,0.0,0.0,0.0,0.0,0.0,0.0,0.0,0.0,0.0,0.0,111.0,154.0,115.0,108.0,144.0
SIPT399,Maha Laxmi Traders,Karimnagar,Peddapalli,Non-Exclusive,1162156.0,101776.0,67.2,TG,Active,500.0,0.0,0.0,0.0,0.0,0.0,0.0,0.0,0.0,0.0,0.0,0.0,0.0,,,,,,,,12.0,12.0,16.0,16.0,30.0,20.570000000000004,18.59,19.89,20.75,20.47,19.97,0.0,20.18,20.08,0.0,20.240000000000002,22.84,0.0,0.0,0.0,0.0,0.0,0.0,0.0,0.0,0.0,0.0,0.0,0.0,0.0,0.0,0.0,0.0,0.0,0.0,0.0,10.0,15.0,15.0,10.0,20.0,25.0,25.0,20.0,20.0,20.0,20.0,20.0,20.0,25.0,20.0,20.0,22.0,0.0,0.0,0.0,0.0,0.0,0.0,0.0,0.0,0.0,0.0,0.0,0.0,0.0,0.0,0.0,0.0,0.0,0.0,0.0,48.0,60.0,59.0,59.0,64.0
SIPT400,Sai Sri Enterprises,Karimnagar,Karimnagar,Non-Exclusive,1162156.0,363106.0,130.20000000000002,TG,Active,210.0,0.0,0.0,0.0,0.0,0.0,0.0,0.0,0.0,0.0,0.0,0.0,0.0,,,,,,,,10.0,11.0,10.0,15.0,26.0,20.3,10.34,10.0,10.35,10.33,10.08,10.61,9.78,12.15,10.76,11.73,12.93,0.0,0.0,0.0,0.0,0.0,0.0,0.0,0.0,0.0,0.0,0.0,0.0,0.0,0.0,0.0,0.0,0.0,0.0,0.0,10.0,15.0,15.0,10.0,10.0,10.0,10.0,10.0,10.0,10.0,10.0,10.0,10.0,12.0,10.0,12.0,13.2,0.0,0.0,0.0,0.0,0.0,0.0,0.0,0.0,0.0,0.0,0.0,0.0,0.0,0.0,0.0,0.0,0.0,0.0,0.0,100.0,109.0,109.0,115.0,124.0
SIPT401,,Nalgonda,Huzurnagar,Non-Exclusive,1618416.0,,63.0,,,,0.0,0.0,0.0,0.0,0.0,0.0,0.0,0.0,0.0,0.0,0.0,0.0,,,,,,,,,,,,,,,,,,,,,,,,,0.0,0.0,0.0,0.0,0.0,0.0,0.0,0.0,0.0,0.0,0.0,0.0,0.0,0.0,0.0,0.0,0.0,0.0,0.0,5.0,6.0,0.0,5.0,0.0,,,,,,,,,,,,,0.0,0.0,0.0,0.0,0.0,0.0,0.0,0.0,0.0,0.0,0.0,0.0,15.0,10.0,10.0,10.0,60.0,60.0,62.0,61.0,60.0,60.0,60.0,60.0
SIPT402,,Hyderabad,Karwan,Non-Exclusive,3943323.0,,,,,,0.0,0.0,0.0,0.0,0.0,0.0,0.0,0.0,0.0,0.0,0.0,0.0,,,,,,,,,,,,,,,,,,,,,,,,,0.0,0.0,0.0,0.0,0.0,0.0,0.0,0.0,0.0,0.0,0.0,0.0,0.0,0.0,0.0,0.0,0.0,0.0,0.0,5.0,6.0,0.0,0.0,0.0,,,,,,,,,,,,,,,,,,,,,,,,,,,,,,,,,,,,
SIPT403,Sri Rama Steel And Cement (M),Nalgonda,Munugode,Non-Exclusive,1618416.0,42960.0,16.8,TG,Active,70.0,0.0,0.0,0.0,0.0,0.0,0.0,0.0,0.0,0.0,0.0,0.0,0.0,,,,,,,,,6.0,5.0,11.0,6.0,7.969999999999999,7.590000000000001,4.91,5.78,0.0,0.0,0.0,7.27,0.0,7.210000000000001,4.8999999999999995,9.76,0.0,0.0,0.0,0.0,0.0,0.0,0.0,0.0,0.0,0.0,0.0,0.0,0.0,0.0,0.0,0.0,0.0,0.0,0.0,0.0,6.0,15.0,10.0,5.0,5.0,5.0,5.0,5.0,0.0,0.0,0.0,0.0,0.0,5.0,5.0,5.5,0.0,0.0,0.0,0.0,0.0,0.0,0.0,0.0,0.0,0.0,0.0,0.0,0.0,0.0,0.0,0.0,0.0,0.0,0.0,0.0,11.0,13.0,11.0,16.0
SIPT404,Sri Venkateswara Steel Mart,Hyderabad,Manikonda,Non-Exclusive,3943323.0,,319.2,TG,Active,1000.0,0.0,0.0,0.0,0.0,0.0,0.0,0.0,0.0,0.0,0.0,0.0,0.0,,,,,,,,,18.0,0.0,0.0,0.0,0.0,5.98,7.42,6.64,10.02,10.0,10.6,0.0,9.67,10.99,12.349999999999998,24.33,0.0,0.0,0.0,0.0,0.0,0.0,0.0,0.0,0.0,0.0,0.0,0.0,0.0,0.0,0.0,0.0,0.0,0.0,0.0,0.0,10.0,10.0,10.0,5.0,5.0,5.0,5.0,5.0,10.0,10.0,10.0,10.0,10.0,10.0,10.0,15.0,0.0,0.0,0.0,0.0,0.0,0.0,0.0,0.0,0.0,0.0,0.0,0.0,140.0,95.0,106.0,104.0,302.0,303.0,318.0,309.0,305.0,305.0,306.0,304.0
SIPT405,Mahalaxmi Traders,Karimnagar,Jagitial,Non-Exclusive,1162156.0,,82.95,TG,Active,500.0,0.0,0.0,0.0,0.0,0.0,0.0,0.0,0.0,0.0,0.0,0.0,0.0,,,,,,,,,10.0,10.0,10.0,21.0,0.0,9.59,9.98,0.0,0.0,20.26,20.05,14.51,14.91,9.91,14.61,21.679999999999993,0.0,0.0,0.0,0.0,0.0,0.0,0.0,0.0,0.0,0.0,0.0,0.0,0.0,0.0,0.0,0.0,0.0,0.0,0.0,0.0,10.0,10.0,20.0,20.0,25.0,25.0,20.0,20.0,0.0,10.0,20.0,20.0,20.0,20.0,20.0,22.0,0.0,0.0,0.0,0.0,0.0,0.0,0.0,0.0,0.0,0.0,0.0,0.0,0.0,0.0,0.0,0.0,0.0,0.0,0.0,0.0,70.0,63.0,88.0,79.0
SIPT406,Sai Balaji Steel House,Rangareddy,Hayath Nagar,Non-Exclusive,2426243.0,121590.0,169.05,TG,Active,210.0,0.0,0.0,0.0,0.0,0.0,0.0,0.0,0.0,0.0,0.0,0.0,0.0,,,,,,,,,32.0,10.0,15.0,43.0,47.86,50.36000000000001,46.89000000000001,30.059999999999995,32.8,27.10000000000001,42.84,33.03,53.96999999999999,41.48,39.85,49.519999999999996,0.0,0.0,0.0,0.0,0.0,0.0,0.0,0.0,0.0,0.0,0.0,0.0,0.0,0.0,0.0,0.0,0.0,0.0,0.0,0.0,10.0,10.0,10.0,35.0,40.0,40.0,50.0,50.0,30.0,30.0,30.0,30.0,40.0,40.0,40.0,50.0,0.0,0.0,0.0,0.0,0.0,0.0,0.0,0.0,0.0,0.0,0.0,0.0,0.0,0.0,0.0,0.0,0.0,0.0,0.0,0.0,150.0,154.0,160.0,161.0
SIPT407,Janata Traders,Sangareddy,Sadasivpet,Non-Exclusive,1528903.0,94337.0,178.5,TG,Inactive,,0.0,0.0,0.0,0.0,0.0,0.0,0.0,0.0,0.0,0.0,0.0,0.0,,,,,,,,,20.0,0.0,0.0,0.0,0.0,0.0,0.0,0.0,0.0,0.0,0.0,0.0,0.0,0.0,,,0.0,0.0,0.0,0.0,0.0,0.0,0.0,0.0,0.0,0.0,0.0,0.0,0.0,0.0,0.0,0.0,0.0,0.0,0.0,0.0,12.0,25.0,25.0,5.0,10.0,10.0,10.0,10.0,0.0,0.0,0.0,0.0,0.0,0.0,0.0,0.0,0.0,0.0,0.0,0.0,0.0,0.0,0.0,0.0,0.0,0.0,0.0,0.0,0.0,0.0,0.0,0.0,0.0,0.0,0.0,0.0,170.0,170.0,170.0,170.0
SIPT408,Krishna Traders,Nizamabad,Bhainsa,Non-Exclusive,1571022.0,,115.5,TG,Active,250.0,0.0,0.0,0.0,0.0,0.0,0.0,0.0,0.0,0.0,0.0,0.0,0.0,,,,,,,,,10.0,0.0,0.0,0.0,0.0,0.0,0.0,0.0,0.0,0.0,0.0,0.0,0.0,0.0,0.0,0.0,0.0,0.0,0.0,0.0,0.0,0.0,0.0,0.0,0.0,0.0,0.0,0.0,0.0,0.0,0.0,0.0,0.0,0.0,0.0,0.0,10.0,10.0,10.0,0.0,10.0,10.0,0.0,0.0,0.0,0.0,0.0,0.0,0.0,0.0,0.0,0.0,0.0,0.0,0.0,0.0,0.0,0.0,0.0,0.0,0.0,0.0,0.0,0.0,0.0,0.0,0.0,0.0,0.0,0.0,0.0,0.0,110.0,110.0,110.0,110.0
SIPT409,Shanmukha Steels,Hanamkonda,Gopalapuram,Non-Exclusive,405630.0,40577.0,38.85,TG,Active,100.0,0.0,0.0,0.0,0.0,0.0,0.0,0.0,0.0,0.0,0.0,0.0,0.0,,,,,,,,,16.0,11.0,18.0,0.0,21.01,9.98,0.0,0.0,15.31,10.000000000000004,9.989999999999998,0.0,0.0,0.0,9.559999999999999,14.759999999999998,0.0,0.0,0.0,0.0,0.0,0.0,0.0,0.0,0.0,0.0,0.0,0.0,0.0,0.0,0.0,0.0,0.0,0.0,0.0,0.0,10.0,10.0,10.0,10.0,15.0,15.0,15.0,15.0,10.0,10.0,10.0,10.0,10.0,10.0,10.0,12.0,0.0,0.0,0.0,0.0,0.0,0.0,0.0,0.0,0.0,0.0,0.0,0.0,0.0,0.0,0.0,0.0,0.0,0.0,0.0,0.0,20.0,26.0,35.0,37.0
SIPT410,C.Bhaskar Cement Traders (M Nagar-2),Mahabubnagar,Mahabubnagar,Exclusive,905660.0,258955.0,679.35,TG,Active,210.0,0.0,0.0,0.0,0.0,0.0,0.0,0.0,0.0,0.0,0.0,0.0,0.0,,,,,,,,,10.0,0.0,10.0,10.0,15.04,10.08,0.0,12.23,10.010000000000002,11.89,10.6,9.53,10.16,9.88,9.85,10.39,0.0,0.0,0.0,0.0,0.0,0.0,0.0,0.0,0.0,0.0,0.0,0.0,0.0,0.0,0.0,0.0,0.0,0.0,0.0,0.0,10.0,10.0,10.0,10.0,10.0,10.0,10.0,10.0,10.0,10.0,10.0,10.0,10.0,10.0,10.0,11.0,0.0,0.0,0.0,0.0,0.0,0.0,0.0,0.0,0.0,0.0,0.0,0.0,0.0,0.0,0.0,0.0,0.0,0.0,0.0,0.0,640.0,650.0,647.0,647.0
SIPT411,Krishna Iron And Cement,Jangaon,Ghanpur,Non-Exclusive,534991.0,54176.0,136.5,TG,Active,250.0,0.0,0.0,0.0,0.0,0.0,0.0,0.0,0.0,0.0,0.0,0.0,0.0,,,,,,,,,,10.0,0.0,0.0,0.0,6.08,4.84,0.0,0.0,0.0,10.24,9.72,9.54,9.9,10.57,12.489999999999998,0.0,0.0,0.0,0.0,0.0,0.0,0.0,0.0,0.0,0.0,0.0,0.0,0.0,0.0,0.0,0.0,0.0,0.0,0.0,0.0,0.0,10.0,10.0,10.0,10.0,10.0,10.0,10.0,10.0,10.0,10.0,10.0,10.0,10.0,10.0,12.0,0.0,0.0,0.0,0.0,0.0,0.0,0.0,0.0,0.0,0.0,0.0,0.0,0.0,0.0,0.0,0.0,0.0,0.0,0.0,0.0,0.0,133.0,136.0,130.0
SIPT412,Nagendra Traders,Yadadri Bhuvanagiri,Ramanapet,Non-Exclusive,770833.0,51534.0,21.0,TG,Active,50.0,0.0,0.0,0.0,0.0,0.0,0.0,0.0,0.0,0.0,0.0,0.0,0.0,,,,,,,,,,11.0,5.0,5.0,0.0,6.01,4.9,5.619999999999999,0.0,0.0,0.0,4.85,9.909999999999998,6.59,0.0,0.0,0.0,0.0,0.0,0.0,0.0,0.0,0.0,0.0,0.0,0.0,0.0,0.0,0.0,0.0,0.0,0.0,0.0,0.0,0.0,0.0,0.0,10.0,10.0,10.0,5.0,5.0,5.0,5.0,10.0,10.0,10.0,10.0,10.0,10.0,10.0,11.0,0.0,0.0,0.0,0.0,0.0,0.0,0.0,0.0,0.0,0.0,0.0,0.0,0.0,0.0,0.0,0.0,0.0,0.0,0.0,0.0,0.0,15.0,19.0,20.0
SIPT413,Sri Ganesh Traders,Mahabubnagar,Gopalpet,Non-Exclusive,905660.0,,,TG,Active,30.0,0.0,0.0,0.0,0.0,0.0,0.0,0.0,0.0,0.0,0.0,0.0,0.0,,,,,,,,,,9.0,0.0,5.0,0.0,5.91,5.85,0.0,0.0,5.18,0.0,0.0,0.0,0.0,0.0,0.0,0.0,0.0,0.0,0.0,0.0,0.0,0.0,0.0,0.0,0.0,0.0,0.0,0.0,0.0,0.0,0.0,0.0,0.0,0.0,0.0,0.0,10.0,10.0,0.0,5.0,10.0,10.0,5.0,10.0,10.0,10.0,10.0,10.0,5.0,5.0,5.5,,,,,,,,,,,,,,,,,,,,,,,,
SIPT414,Sai Sarath Paints And General Stores,Khammam,Kakaravai,Non-Exclusive,1401639.0,61502.0,26.25,TG,Active,262.5,0.0,0.0,0.0,0.0,0.0,0.0,0.0,0.0,0.0,0.0,0.0,0.0,,,,,,,,,,6.0,7.0,0.0,8.49,11.15,0.0,7.379999999999999,9.56,9.89,0.0,12.51,0.0,0.0,9.899999999999999,0.0,0.0,0.0,0.0,0.0,0.0,0.0,0.0,0.0,0.0,0.0,0.0,0.0,0.0,0.0,0.0,0.0,0.0,0.0,0.0,0.0,0.0,10.0,10.0,0.0,10.0,10.0,10.0,10.0,10.0,10.0,10.0,10.0,10.0,10.0,10.0,11.0,0.0,0.0,0.0,0.0,0.0,0.0,0.0,0.0,0.0,0.0,0.0,0.0,0.0,0.0,0.0,0.0,0.0,0.0,0.0,0.0,0.0,25.0,26.0,25.0
SIPT415,Sai Venkteswara Iron & Rolling Shutters,Jogulamba Gadwal,Yerravalli,Non-Exclusive,574969.0,,10.5,TG,Active,50.0,0.0,0.0,0.0,0.0,0.0,0.0,0.0,0.0,0.0,0.0,0.0,0.0,,,,,,,,,,9.0,0.0,0.0,18.1,24.07,0.0,12.16,10.04,10.53,9.94,5.03,11.36,9.760000000000002,20.240000000000002,16.16,0.0,0.0,0.0,0.0,0.0,0.0,0.0,0.0,0.0,0.0,0.0,0.0,0.0,0.0,0.0,0.0,0.0,0.0,0.0,0.0,0.0,10.0,10.0,0.0,5.0,10.0,10.0,5.0,10.0,10.0,10.0,10.0,10.0,10.0,10.0,11.0,0.0,0.0,0.0,0.0,0.0,0.0,0.0,0.0,0.0,0.0,0.0,0.0,0.0,0.0,0.0,0.0,0.0,0.0,0.0,0.0,0.0,10.0,11.0,10.0
SIPT416,Vidhya Traders,Jagitial,Velgatoor,Non-Exclusive,988913.0,26465.0,105.0,TG,Active,140.0,0.0,0.0,0.0,0.0,0.0,0.0,0.0,0.0,0.0,0.0,0.0,0.0,,,,,,,,,,4.0,0.0,0.0,0.0,0.0,0.0,0.0,0.0,0.0,0.0,9.760000000000002,0.0,0.0,10.899999999999999,0.0,0.0,0.0,0.0,0.0,0.0,0.0,0.0,0.0,0.0,0.0,0.0,0.0,0.0,0.0,0.0,0.0,0.0,0.0,0.0,0.0,0.0,10.0,5.0,20.0,10.0,10.0,5.0,0.0,0.0,0.0,0.0,0.0,0.0,0.0,0.0,0.0,0.0,0.0,0.0,0.0,0.0,0.0,0.0,0.0,0.0,0.0,0.0,0.0,70.0,45.0,51.0,42.0,102.0,101.0,100.0,100.0,100.0,100.0,100.0,100.0
SIPT417,Arun Trading Co.,Hyderabad,Bowenpally,Non-Exclusive,3943323.0,,203.7,TG,Active,150.0,0.0,0.0,0.0,0.0,0.0,0.0,0.0,0.0,0.0,0.0,0.0,0.0,,,,,,,,,,2.0,13.0,0.0,32.42,29.469999999999995,26.22,31.890000000000004,34.2,18.97,23.94,22.390000000000008,17.430000000000003,25.369999999999997,31.03,34.61,0.0,0.0,0.0,0.0,0.0,0.0,0.0,0.0,0.0,0.0,0.0,0.0,0.0,0.0,0.0,0.0,0.0,0.0,0.0,0.0,0.0,10.0,10.0,5.0,5.0,10.0,20.0,20.0,15.0,15.0,15.0,15.0,25.0,25.0,25.0,35.0,0.0,0.0,0.0,0.0,0.0,0.0,0.0,0.0,0.0,0.0,0.0,0.0,0.0,0.0,0.0,0.0,0.0,0.0,0.0,0.0,0.0,190.0,194.0,194.0
SIPT418,Vinayaka Steel House,Rangareddy,Hayath Nagar,Non-Exclusive,2426243.0,121590.0,26.25,TG,Active,210.0,0.0,0.0,0.0,0.0,0.0,0.0,0.0,0.0,0.0,0.0,0.0,0.0,,,,,,,,,,5.0,11.0,0.0,0.0,0.0,8.86,17.06,0.0,0.0,0.0,0.0,0.0,0.0,0.0,0.0,0.0,0.0,0.0,0.0,0.0,0.0,0.0,0.0,0.0,0.0,0.0,0.0,0.0,0.0,0.0,0.0,0.0,0.0,0.0,0.0,0.0,10.0,10.0,10.0,10.0,10.0,0.0,20.0,10.0,10.0,10.0,10.0,10.0,10.0,10.0,11.0,0.0,0.0,0.0,0.0,0.0,0.0,0.0,0.0,0.0,0.0,0.0,0.0,20.0,23.0,20.0,20.0,25.0,25.0,25.0,25.0,25.0,25.0,25.0,25.0
SIPT419,Sree Gayatri Traders,Sangareddy,Zaheerabad,Non-Exclusive,1528903.0,133006.0,304.5,TG,Inactive,1200.0,0.0,0.0,0.0,0.0,0.0,0.0,0.0,0.0,0.0,0.0,0.0,0.0,,,,,,,,,,5.0,0.0,0.0,0.0,0.0,0.0,0.0,0.0,0.0,0.0,0.0,0.0,0.0,,,0.0,0.0,0.0,0.0,0.0,0.0,0.0,0.0,0.0,0.0,0.0,0.0,0.0,0.0,0.0,0.0,0.0,0.0,0.0,0.0,0.0,10.0,10.0,0.0,10.0,10.0,10.0,10.0,0.0,0.0,0.0,0.0,0.0,0.0,0.0,0.0,0.0,0.0,0.0,0.0,0.0,0.0,0.0,0.0,0.0,0.0,0.0,0.0,0.0,0.0,0.0,0.0,0.0,0.0,0.0,0.0,0.0,290.0,292.0,290.0
SIPT420,Sri Mahalakshmi Enterprises,Warangal,Sangem,Non-Exclusive,737148.0,46076.0,64.05,TG,Active,52.5,0.0,0.0,0.0,0.0,0.0,0.0,0.0,0.0,0.0,0.0,0.0,0.0,,,,,,,,,,2.0,0.0,6.0,0.0,0.0,5.99,6.0600000000000005,5.48,5.7700000000000005,0.0,10.18,10.579999999999998,4.15,7.91,9.870000000000001,0.0,0.0,0.0,0.0,0.0,0.0,0.0,0.0,0.0,0.0,0.0,0.0,0.0,0.0,0.0,0.0,0.0,0.0,0.0,0.0,0.0,10.0,5.0,5.0,5.0,10.0,10.0,10.0,10.0,10.0,10.0,10.0,10.0,10.0,10.0,11.0,0.0,0.0,0.0,0.0,0.0,0.0,0.0,0.0,0.0,0.0,0.0,0.0,0.0,0.0,0.0,0.0,0.0,0.0,0.0,0.0,0.0,60.0,62.0,61.0
SIPT421,Balaji Iron And Hardware Ingineering Works,Jogulamba Gadwal,Ieeja,Non-Exclusive,574969.0,85303.0,26.25,TG,Active,200.0,0.0,0.0,0.0,0.0,0.0,0.0,0.0,0.0,0.0,0.0,0.0,0.0,,,,,,,,,,,0.0,4.0,0.0,0.0,0.0,0.0,14.87,15.62,22.52,10.329999999999998,15.369999999999996,9.73,15.670000000000002,12.570000000000007,0.0,0.0,0.0,0.0,0.0,0.0,0.0,0.0,0.0,0.0,0.0,0.0,0.0,0.0,0.0,0.0,0.0,0.0,0.0,0.0,0.0,0.0,10.0,0.0,0.0,10.0,10.0,10.0,10.0,10.0,10.0,10.0,10.0,10.0,10.0,12.0,0.0,0.0,0.0,0.0,0.0,0.0,0.0,0.0,0.0,0.0,0.0,0.0,0.0,0.0,0.0,0.0,0.0,0.0,0.0,0.0,0.0,0.0,25.0,25.0
SIPT422,MGS Steel Traders,Medchal - Malkajgiri,Athvelley,Non-Exclusive,2460095.0,,105.0,TG,Active,500.0,0.0,0.0,0.0,0.0,0.0,0.0,0.0,0.0,0.0,0.0,0.0,0.0,,,,,,,,,,,5.0,0.0,0.0,4.18,0.0,16.87,2.72,6.130000000000001,0.0,0.0,5.23,0.0,0.0,,0.0,0.0,0.0,0.0,0.0,0.0,0.0,0.0,0.0,0.0,0.0,0.0,0.0,0.0,0.0,0.0,0.0,0.0,0.0,0.0,0.0,0.0,10.0,5.0,5.0,5.0,5.0,5.0,0.0,10.0,10.0,10.0,10.0,10.0,10.0,11.0,0.0,0.0,0.0,0.0,0.0,0.0,0.0,0.0,0.0,0.0,0.0,0.0,0.0,0.0,0.0,0.0,0.0,0.0,0.0,0.0,0.0,0.0,100.0,100.0
SIPT423,Sri Mallikarjuna Iron Hardwares And Cement,Jangaon,Kodakandla,Non-Exclusive,534991.0,32112.0,33.6,TG,Active,100.0,0.0,0.0,0.0,0.0,0.0,0.0,0.0,0.0,0.0,0.0,0.0,0.0,,,,,,,,,,,,10.0,23.57,14.21,18.62,0.0,0.0,0.0,14.23,0.0,0.0,15.91,0.0,0.0,0.0,0.0,0.0,0.0,0.0,0.0,0.0,0.0,0.0,0.0,0.0,0.0,0.0,0.0,0.0,0.0,0.0,0.0,0.0,0.0,0.0,0.0,0.0,5.0,5.0,15.0,15.0,15.0,10.0,10.0,10.0,10.0,10.0,0.0,0.0,0.0,0.0,0.0,0.0,0.0,0.0,0.0,0.0,0.0,0.0,0.0,0.0,0.0,0.0,0.0,0.0,0.0,0.0,0.0,0.0,0.0,0.0,0.0,0.0,32.0
SIPT424,Thiramdasu Traders,Yadadri Bhuvanagiri,Choutuppal,Non-Exclusive,770833.0,73336.0,103.95,TG,Active,400.0,0.0,0.0,0.0,0.0,0.0,0.0,0.0,0.0,0.0,0.0,0.0,0.0,,,,,,,,,,,,10.0,9.83,0.0,9.96,9.32,0.0,0.0,9.58,0.0,0.0,0.0,9.969999999999999,0.0,0.0,0.0,0.0,0.0,0.0,0.0,0.0,0.0,0.0,0.0,0.0,0.0,0.0,0.0,0.0,0.0,0.0,0.0,0.0,0.0,0.0,0.0,0.0,10.0,10.0,10.0,10.0,15.0,10.0,10.0,10.0,10.0,10.0,10.0,10.0,12.0,0.0,0.0,0.0,0.0,0.0,0.0,0.0,0.0,0.0,0.0,0.0,0.0,81.0,95.0,101.0,82.0,102.0,84.0,91.0,96.0,83.0,98.0,113.0,99.0
SIPT425,"Mahendra Steel And Cement, Koratla",Jagitial,Korutla,Non-Exclusive,988913.0,108297.0,23.1,TG,Active,250.0,0.0,0.0,0.0,0.0,0.0,0.0,0.0,0.0,0.0,0.0,0.0,0.0,,,,,,,,,,,,10.0,9.59,0.0,22.14,10.56,10.11,10.03,9.92,10.07,16.57,16.22,10.11,20.700000000000003,0.0,0.0,0.0,0.0,0.0,0.0,0.0,0.0,0.0,0.0,0.0,0.0,0.0,0.0,0.0,0.0,0.0,0.0,0.0,0.0,0.0,0.0,0.0,10.0,10.0,10.0,10.0,10.0,10.0,10.0,10.0,10.0,10.0,10.0,10.0,11.0,0.0,0.0,0.0,0.0,0.0,0.0,0.0,0.0,0.0,0.0,0.0,0.0,0.0,0.0,0.0,0.0,0.0,0.0,0.0,0.0,0.0,0.0,0.0,22.0
SIPT426,JBR Trader,Rangareddy,Moinabad,Non-Exclusive,2426243.0,,31.5,TG,Active,80.0,0.0,0.0,0.0,0.0,0.0,0.0,0.0,0.0,0.0,0.0,0.0,0.0,,,,,,,,,,,,12.0,0.0,0.0,0.0,0.0,0.0,0.0,0.0,0.0,0.0,0.0,0.0,0.0,0.0,0.0,0.0,0.0,0.0,0.0,0.0,0.0,0.0,0.0,0.0,0.0,0.0,0.0,0.0,0.0,0.0,0.0,0.0,0.0,0.0,0.0,0.0,10.0,10.0,10.0,10.0,10.0,10.0,10.0,10.0,10.0,10.0,10.0,10.0,11.0,0.0,0.0,0.0,0.0,0.0,0.0,0.0,0.0,0.0,0.0,0.0,0.0,0.0,0.0,0.0,0.0,0.0,0.0,0.0,0.0,0.0,0.0,0.0,30.0
SIPT427,Mahalaxmi Steel Enterprises,Rangareddy,Shamshabad,Non-Exclusive,2426243.0,,131.25,TG,Active,380.0,0.0,0.0,0.0,0.0,0.0,0.0,0.0,0.0,0.0,0.0,0.0,0.0,,,,,,,,,,,,6.0,0.0,0.0,10.29,10.03,0.0,11.17,9.94,0.0,10.25,9.86,9.180000000000001,0.0,0.0,0.0,0.0,0.0,0.0,0.0,0.0,0.0,0.0,0.0,0.0,0.0,0.0,0.0,0.0,0.0,0.0,0.0,0.0,0.0,0.0,0.0,0.0,5.0,10.0,10.0,10.0,10.0,10.0,10.0,10.0,10.0,10.0,10.0,10.0,11.0,0.0,0.0,0.0,0.0,0.0,0.0,0.0,0.0,0.0,0.0,0.0,0.0,0.0,0.0,0.0,0.0,0.0,0.0,0.0,0.0,0.0,0.0,0.0,125.0
SIPT428,Vara Laxmi Agencies,Mahabubnagar,Jadcherla,,,,,TG,Active,315.0,,,,,,,,,,,,,,,,,,,,,,,,,10.41,33.59,33.06999999999999,26.61,18.84,20.52,0.0,22.58,21.0,19.92,0.0,22.98,,,,,,,,,,,,,,,,,,,,,,,,,5.0,30.0,30.0,25.0,20.0,20.0,20.0,20.0,20.0,20.0,20.0,22.0,,,,,,,,,,,,,,,,,,,,,,,,
SIPT429,Siva Sai Ganesh Enterprises,Khammam,Marlapadu,,,,,TG,Active,,,,,,,,,,,,,,,,,,,,,,,,,,9.94,9.87,10.42,7.220000000000001,10.33,0.0,9.79,9.84,6.880000000000001,0.0,10.09,0.0,,,,,,,,,,,,,,,,,,,,,,,,,10.0,10.0,10.0,10.0,10.0,10.0,10.0,10.0,10.0,10.0,10.0,11.0,,,,,,,,,,,,,,,,,,,,,,,,
SIPT430,Sree Satyam Steels,Nizamabad,Nizamabad,,,,,TG,Active,,,,,,,,,,,,,,,,,,,,,,,,,,20.21,0.0,9.93,0.0,0.0,0.0,0.0,0.0,0.0,0.0,0.0,0.0,,,,,,,,,,,,,,,,,,,,,,,,,10.0,10.0,10.0,10.0,10.0,10.0,0.0,0.0,0.0,0.0,0.0,0.0,,,,,,,,,,,,,,,,,,,,,,,,
SIPT431,shivani electricals hardware paints,Mahabubnagar,Koukuntla,,,,,TG,Inactive,73.5,,,,,,,,,,,,,,,,,,,,,,,,,0.0,0.0,0.0,0.0,0.0,0.0,0.0,0.0,0.0,0.0,,,,,,,,,,,,,,,,,,,,,,,,,,,5.0,5.0,0.0,10.0,0.0,0.0,0.0,0.0,0.0,0.0,0.0,0.0,,,,,,,,,,,,,,,,,,,,,,,,
SIPT435,Sri Balaji Steel Traders,Hyderabad,Jubilee Hills,,,,,TG,Active,,,,,,,,,,,,,,,,,,,,,,,,,,,6.91,0.0,0.0,6.91,6.1,13.21,11.04,23.82,9.97,9.959999999999999,19.000000000000007,,,,,,,,,,,,,,,,,,,,,,,,,0.0,5.0,5.0,5.0,10.0,10.0,10.0,10.0,10.0,10.0,10.0,12.0,,,,,,,,,,,,,,,,,,,,,,,,
SIPT436,Vishnu Chandra Steels,Medchal Malkajgiri ,Quthbullapur,,,,,TG,Active,,,,,,,,,,,,,,,,,,,,,,,,,,,9.08,0.0,0.0,10.560000000000002,22.72,10.89,11.54,10.47,15.22,10.27,11.49,,,,,,,,,,,,,,,,,,,,,,,,,0.0,10.0,10.0,10.0,10.0,10.0,10.0,10.0,10.0,10.0,10.0,12.0,,,,,,,,,,,,,,,,,,,,,,,,
SIPT437,Gadagoju Bikshapathi Steel Cement Syndicate,Nalgonda,Miryalaguda,,,,,TG,Active,,,,,,,,,,,,,,,,,,,,,,,,,,,9.95,10.23,13.170000000000002,10.090000000000002,10.01,9.98,27.18,11.930000000000003,17.77,12.95,21.36,,,,,,,,,,,,,,,,,,,,,,,,,0.0,10.0,10.0,10.0,10.0,10.0,10.0,10.0,12.0,10.0,10.0,12.0,,,,,,,,,,,,,,,,,,,,,,,,
SIPT438,Lakshmi Bhavani Traders,Mahabubnagar,Jadcherla,,,,,TG,Active,315.0,,,,,,,,,,,,,,,,,,,,,,,,,,10.22,11.07,9.89,20.71,14.87,10.54,10.2,10.03,9.589999999999998,11.4,10.39,,,,,,,,,,,,,,,,,,,,,,,,,0.0,10.0,10.0,15.0,15.0,15.0,10.0,10.0,10.0,10.0,10.0,12.0,,,,,,,,,,,,,,,,,,,,,,,,
SIPT439,Narayana Traders,Nagarkurnool,Pedda Kothapally,,,,,TG,Active,,,,,,,,,,,,,,,,,,,,,,,,,,,5.0200000000000005,20.64,0.0,0.0,19.99,9.83,12.14,0.0,21.2,9.87,0.0,,,,,,,,,,,,,,,,,,,,,,,,,0.0,10.0,10.0,10.0,10.0,10.0,10.0,10.0,10.0,10.0,10.0,12.0,,,,,,,,,,,,,,,,,,,,,,,,
SIPT440,Hanuman Trading Co.,Karimnagar,Peddapalli,,,,,TG,Active,,,,,,,,,,,,,,,,,,,,,,,,,,,9.79,10.95,23.3,11.79,26.49,10.32,16.94,15.23,9.94,0.0,10.530000000000001,,,,,,,,,,,,,,,,,,,,,,,,,0.0,5.0,10.0,10.0,10.0,10.0,10.0,10.0,15.0,10.0,10.0,11.0,,,,,,,,,,,,,,,,,,,,,,,,
SIPT441,Kanaka Mahalaxmi Enterprises,Warangal,Enumamula,,,,,TG,Active,,,,,,,,,,,,,,,,,,,,,,,,,,,25.53,15.12,14.61,10.420000000000002,40.18,24.39,13.48,25.35,24.72,19.65,34.02,,,,,,,,,,,,,,,,,,,,,,,,,0.0,10.0,15.0,15.0,10.0,10.0,10.0,10.0,15.0,15.0,15.0,16.5,,,,,,,,,,,,,,,,,,,,,,,,
SIPT442,M.K.S. Traders,Nizamabad,Armoor,,,,,TG,Active,,,,,,,,,,,,,,,,,,,,,,,,,,,4.720000000000001,0.0,0.0,0.0,0.0,0.0,7.649999999999999,0.0,4.580000000000001,4.87,0.0,,,,,,,,,,,,,,,,,,,,,,,,,0.0,5.0,5.0,5.0,10.0,10.0,0.0,0.0,0.0,0.0,0.0,0.0,,,,,,,,,,,,,,,,,,,,,,,,
SIPT443,Reshma Cement Iron Hardware & General,Warangal,Gudur,,,,,TG,Active,231.0,,,,,,,,,,,,,,,,,,,,,,,,,,,5.279999999999999,0.0,0.0,0.0,0.0,0.0,0.0,0.0,0.0,0.0,,,,,,,,,,,,,,,,,,,,,,,,,0.0,0.0,0.0,5.0,10.0,10.0,10.0,10.0,10.0,0.0,0.0,0.0,,,,,,,,,,,,,,,,,,,,,,,,
SIPT444,Surya Constructions,Nizamabad,Kammarpally,,,,,TG,Active,,,,,,,,,,,,,,,,,,,,,,,,,,,,8.31,0.0,0.0,0.0,0.0,0.0,0.0,0.0,9.57,0.0,,,,,,,,,,,,,,,,,,,,,,,,,0.0,0.0,5.0,5.0,10.0,10.0,0.0,0.0,0.0,0.0,0.0,0.0,,,,,,,,,,,,,,,,,,,,,,,,
SIPT445,Sumedha Steels And Cement,Khammam,Khammam,,,,,TG,Active,,,,,,,,,,,,,,,,,,,,,,,,,,,,30.29,29.84,0.0,29.62,30.07,35.45,0.0,0.0,0.0,24.77,,,,,,,,,,,,,,,,,,,,,,,,,0.0,0.0,0.0,30.0,30.0,30.0,35.0,35.0,35.0,35.0,35.0,38.5,,,,,,,,,,,,,,,,,,,,,,,,
SIPT446,Sri Vighneshwara Steel Tradres,Nalgonda,Ammanabole,,,,,TG,Active,,,,,,,,,,,,,,,,,,,,,,,,,,,,10.4,5.17,10.91,0.0,0.0,0.0,9.93,0.0,4.29,0.0,,,,,,,,,,,,,,,,,,,,,,,,,0.0,0.0,10.0,5.0,10.0,10.0,10.0,10.0,10.0,5.0,0.0,0.0,,,,,,,,,,,,,,,,,,,,,,,,
SIPT447,Mancheriyal Steels,Mancherial,Mancherial,,,,,TG,Active,,,,,,,,,,,,,,,,,,,,,,,,,,,,25.82,0.0,25.33,25.8,20.04,20.33,0.0,0.0,0.0,0.0,,,,,,,,,,,,,,,,,,,,,,,,,0.0,0.0,10.0,25.0,20.0,20.0,35.0,35.0,35.0,0.0,0.0,0.0,,,,,,,,,,,,,,,,,,,,,,,,
SIPT448,S S Traders,Rangareddy,Hayath Nagar,,,,,TG,Active,210.0,,,,,,,,,,,,,,,,,,,,,,,,,,,7.67,0.0,4.68,0.0,7.68,14.09,12.5,14.83,11.180000000000001,24.36,,,,,,,,,,,,,,,,,,,,,,,,,0.0,0.0,5.0,10.0,10.0,10.0,10.0,10.0,10.0,10.0,10.0,14.0,,,,,,,,,,,,,,,,,,,,,,,,
SIPT449,Sri Krishna Agencies,Jogulamba Gadwal,Gadwal,,,,,TG,Inactive,,,,,,,,,,,,,,,,,,,,,,,,,,,,10.06,0.0,0.0,0.0,0.0,0.0,0.0,0.0,,,,,,,,,,,,,,,,,,,,,,,,,,,0.0,0.0,10.0,0.0,0.0,0.0,0.0,0.0,0.0,0.0,0.0,0.0,,,,,,,,,,,,,,,,,,,,,,,,
SIPT450,D.R Enterprises,Nizamabad,Varni,,,,,TG,Active,,,,,,,,,,,,,,,,,,,,,,,,,,,,5.45,0.0,0.0,0.0,0.0,0.0,0.0,0.0,0.0,0.0,,,,,,,,,,,,,,,,,,,,,,,,,0.0,0.0,5.0,5.0,10.0,10.0,0.0,0.0,0.0,0.0,0.0,0.0,,,,,,,,,,,,,,,,,,,,,,,,
SIPT451,Prabhu Iron & Hardware Electricals,Warangal,Devaruppula,,,,,TG,Active,,,,,,,,,,,,,,,,,,,,,,,,,,,,,4.58,0.0,0.0,0.0,7.170000000000001,6.84,0.0,9.99,0.0,,,,,,,,,,,,,,,,,,,,,,,,,0.0,0.0,5.0,5.0,5.0,5.0,5.0,10.0,10.0,10.0,10.0,11.0,,,,,,,,,,,,,,,,,,,,,,,,
SIPT454,Vinayaka Steel Enterprises,Kamareddy,Pitlam,,,,,TG,Active,,,,,,,,,,,,,,,,,,,,,,,,,,,,,6.01,3.48,12.3,0.0,0.0,0.0,0.0,0.0,0.0,,,,,,,,,,,,,,,,,,,,,,,,,0.0,0.0,0.0,5.0,10.0,10.0,10.0,10.0,10.0,0.0,0.0,0.0,,,,,,,,,,,,,,,,,,,,,,,,
SIPT455,Konaganti Steels Private Limited,Mahabubnagar,Jadcherla,,,,,TG,Inactive,315.0,,,,,,,,,,,,,,,,,,,,,,,,,,,,20.44,0.0,0.0,0.0,0.0,0.0,0.0,,,,,,,,,,,,,,,,,,,,,,,,,,,0.0,0.0,0.0,12.0,12.0,12.0,12.0,0.0,0.0,0.0,0.0,0.0,,,,,,,,,,,,,,,,,,,,,,,,
SIPT456,Om Sai Agencies,Warangal,Warangal,,,,,TG,Active,,,,,,,,,,,,,,,,,,,,,,,,,,,,,13.87,0.0,11.16,10.62,0.0,10.05,14.81,0.0,12.66,,,,,,,,,,,,,,,,,,,,,,,,,0.0,0.0,0.0,10.0,10.0,10.0,10.0,10.0,10.0,10.0,10.0,11.0,,,,,,,,,,,,,,,,,,,,,,,,
SIPT459,Sri Balaji Steel Traders Gachibowli,Hyderabad,Gachibowli,,,,,TG,Active,,,,,,,,,,,,,,,,,,,,,,,,,,,,,7.65,0.0,0.0,0.0,0.0,9.77,9.31,9.940000000000001,11.940000000000001,,,,,,,,,,,,,,,,,,,,,,,,,0.0,0.0,0.0,5.0,10.0,10.0,10.0,10.0,10.0,10.0,10.0,12.0,,,,,,,,,,,,,,,,,,,,,,,,
SIPT460,Srinivasa Ispat Llp,Medchal Malkajgiri ,Bachupally-Ghmc,,,,,TG,Active,,,,,,,,,,,,,,,,,,,,,,,,,,,,,10.980000000000002,14.47,10.25,22.1,9.88,12.73,9.92,9.92,0.0,,,,,,,,,,,,,,,,,,,,,,,,,0.0,0.0,0.0,10.0,10.0,10.0,10.0,10.0,10.0,10.0,10.0,12.0,,,,,,,,,,,,,,,,,,,,,,,,
SIPT461,Vivek Cement & Sanitary,Suryapet,Hussainabad,,,,,TG,Active,,,,,,,,,,,,,,,,,,,,,,,,,,,,,,5.54,5.57,0.0,4.24,6.039999999999999,11.65,11.03,9.55,,,,,,,,,,,,,,,,,,,,,,,,,0.0,0.0,0.0,0.0,10.0,10.0,10.0,10.0,10.0,10.0,10.0,11.0,,,,,,,,,,,,,,,,,,,,,,,,
SIPT462,Maneesh Enterprises,Rangareddy,Kondapur,,,,,TG,Active,,,,,,,,,,,,,,,,,,,,,,,,,,,,,,18.0,39.16,31.379999999999995,31.26,29.69,29.38,0.0,15.8,,,,,,,,,,,,,,,,,,,,,,,,,0.0,0.0,0.0,0.0,15.0,15.0,15.0,15.0,15.0,20.0,20.0,22.0,,,,,,,,,,,,,,,,,,,,,,,,
SIPT463,Radhika Steels,Mahabubnagar,Shadnagar,,,,,TG,Active,210.0,,,,,,,,,,,,,,,,,,,,,,,,,,,,,10.18,0.0,10.170000000000002,9.97,0.0,0.0,0.0,0.0,,,,,,,,,,,,,,,,,,,,,,,,,0.0,0.0,0.0,0.0,10.0,10.0,10.0,10.0,10.0,10.0,10.0,11.0,,,,,,,,,,,,,,,,,,,,,,,,
SIPT464,Saraswathi Agencies,Khammam,Manuguru,,,,,TG,Active,,,,,,,,,,,,,,,,,,,,,,,,,,,,,,9.46,9.64,0.0,10.009999999999998,9.82,0.0,9.27,10.9,,,,,,,,,,,,,,,,,,,,,,,,,0.0,0.0,0.0,0.0,10.0,10.0,10.0,10.0,10.0,10.0,10.0,11.0,,,,,,,,,,,,,,,,,,,,,,,,
SIPT468,Kadari Venkanna Cement And Iron Traders,Suryapet,Thallagadda,,,,,TG,Active,178.5,,,,,,,,,,,,,,,,,,,,,,,,,,,,,,48.72,0.0,39.62,25.14,18.97,24.35,33.24,,,,,,,,,,,,,,,,,,,,,,,,,0.0,0.0,0.0,0.0,0.0,10.0,35.0,35.0,35.0,35.0,35.0,30.0,,,,,,,,,,,,,,,,,,,,,,,,
SIPT469,Sri Laxmi Agencies,Suryapet,Nallabandagudem,,,,,TG,Active,,,,,,,,,,,,,,,,,,,,,,,,,,,,,,,29.11,0.0,0.0,0.0,0.0,0.0,0.0,,,,,,,,,,,,,,,,,,,,,,,,,0.0,0.0,0.0,0.0,0.0,10.0,10.0,10.0,10.0,0.0,0.0,0.0,,,,,,,,,,,,,,,,,,,,,,,,
SIPT470,Sai Ganesh Steel Traders,Rangareddy,Kapra,,,,,TG,Active,,,,,,,,,,,,,,,,,,,,,,,,,,,,,,,7.23,0.0,0.0,9.02,0.0,0.0,0.0,,,,,,,,,,,,,,,,,,,,,,,,,0.0,0.0,0.0,0.0,0.0,10.0,10.0,10.0,10.0,10.0,0.0,0.0,,,,,,,,,,,,,,,,,,,,,,,,
SIPT471,"Morisetti Rammurthy And Sons Cement, Iron Hard Ware",Nalgonda,Suryapet,,,,,TG,Active,,,,,,,,,,,,,,,,,,,,,,,,,,,,,,,45.38,49.82,49.08,30.700000000000003,34.07,49.83,54.39000000000001,,,,,,,,,,,,,,,,,,,,,,,,,0.0,0.0,0.0,0.0,0.0,10.0,35.0,35.0,35.0,50.0,50.0,55.0,,,,,,,,,,,,,,,,,,,,,,,,
SIPT472,Sri Sai Balaji Traders,Sangareddy,Sangareddy - Ghmc,,,,,TG,Active,,,,,,,,,,,,,,,,,,,,,,,,,,,,,,,4.33,0.0,0.0,4.41,1.8,0.0,0.0,,,,,,,,,,,,,,,,,,,,,,,,,0.0,0.0,0.0,0.0,0.0,10.0,10.0,10.0,10.0,5.0,5.0,5.5,,,,,,,,,,,,,,,,,,,,,,,,
SIPT473,Ayyappa Cement And Iron Agencies,Warangal,Shayampet,,,,,TG,Active,,,,,,,,,,,,,,,,,,,,,,,,,,,,,,,7.24,6.5600000000000005,0.0,9.36,0.0,0.0,0.0,,,,,,,,,,,,,,,,,,,,,,,,,0.0,0.0,0.0,0.0,0.0,10.0,10.0,10.0,10.0,5.0,5.0,5.5,,,,,,,,,,,,,,,,,,,,,,,,
SIPT474,Rajesh Traders,Nizamabad,Nandipet,,,,,TG,Active,,,,,,,,,,,,,,,,,,,,,,,,,,,,,,,9.46,0.0,0.0,0.0,0.0,0.0,0.0,,,,,,,,,,,,,,,,,,,,,,,,,0.0,0.0,0.0,0.0,0.0,10.0,10.0,10.0,10.0,0.0,0.0,0.0,,,,,,,,,,,,,,,,,,,,,,,,
SIPT475,Sri Ganapathi Steel Cement And Electrical Hardware,Sangareddy,Peddakanjerla-Ghmc,,,,,TG,Active,,,,,,,,,,,,,,,,,,,,,,,,,,,,,,,,,,5.23,0.0,0.0,0.0,,,,,,,,,,,,,,,,,,,,,,,,,0.0,0.0,0.0,0.0,0.0,0.0,0.0,0.0,10.0,10.0,10.0,11.0,,,,,,,,,,,,,,,,,,,,,,,,
SIPT477,Ramadevi Boggavarapu,Khammam,Kodad,,,,,TG,Active,,,,,,,,,,,,,,,,,,,,,,,,,,,,,,,,25.63,12.34,22.31,9.490000000000006,9.31,24.110000000000003,,,,,,,,,,,,,,,,,,,,,,,,,0.0,0.0,0.0,0.0,0.0,0.0,10.0,10.0,10.0,10.0,10.0,11.0,,,,,,,,,,,,,,,,,,,,,,,,
SIPT478,Jai Ambe Steels,Rangareddy,Old Alwal - Ghmc,,,,,TG,Active,,,,,,,,,,,,,,,,,,,,,,,,,,,,,,,,16.06,6.41,5.21,9.8,0.0,0.0,,,,,,,,,,,,,,,,,,,,,,,,,0.0,0.0,0.0,0.0,0.0,0.0,10.0,10.0,10.0,10.0,10.0,11.0,,,,,,,,,,,,,,,,,,,,,,,,
SIPT479,Balaji Iron And Electricals,Jangaon,Palakurthy,,,,,TG,Active,,,,,,,,,,,,,,,,,,,,,,,,,,,,,,,,4.56,6.25,0.0,0.0,4.5,0.0,,,,,,,,,,,,,,,,,,,,,,,,,0.0,0.0,0.0,0.0,0.0,0.0,10.0,10.0,10.0,5.0,5.0,5.5,,,,,,,,,,,,,,,,,,,,,,,,
SIPT480,Sri Lakshmi Narasimha Traders,Medak,Dharmasagar-Ghmc,,,,,TG,Active,,,,,,,,,,,,,,,,,,,,,,,,,,,,,,,,2.03,0.0,0.0,2.59,0.0,2.2600000000000002,,,,,,,,,,,,,,,,,,,,,,,,,0.0,0.0,0.0,0.0,0.0,0.0,10.0,10.0,10.0,10.0,10.0,11.0,,,,,,,,,,,,,,,,,,,,,,,,
SIPT481,Venkateshwara Agencies,Jayashenkar Bhupapally,Kataram,,,,,TG,Active,,,,,,,,,,,,,,,,,,,,,,,,,,,,,,,,8.75,10.34,9.67,0.0,10.6,10.360000000000001,,,,,,,,,,,,,,,,,,,,,,,,,0.0,0.0,0.0,0.0,0.0,0.0,10.0,10.0,10.0,10.0,10.0,12.0,,,,,,,,,,,,,,,,,,,,,,,,
SIPT482,Sri Venkateshwara Steel Trading,Medchal - Malkajgiri,Bachupally - Ghmc,,,,,TG,Active,,,,,,,,,,,,,,,,,,,,,,,,,,,,,,,,,10.259999999999998,0.0,0.0,9.57,11.93,,,,,,,,,,,,,,,,,,,,,,,,,0.0,0.0,0.0,0.0,0.0,0.0,10.0,10.0,10.0,10.0,10.0,12.0,,,,,,,,,,,,,,,,,,,,,,,,
SIPT483,Samrat Nalgonda SBP,,Nalgonda,,,,,,,,,,,,,,,,,,,,,,,,,,,,,,,,,,,,,,,,,,,0.0,,,,,,,,,,,,,,,,,,,,,,,,,,,,,,,,,,,,,,,,,,,,,,,,,,,,,,,,,,,,
SIPT484,Sri Durga Iron & Hardware Merchant,Jayashankar,Eturnagaram,,,,,TG,Active,,,,,,,,,,,,,,,,,,,,,,,,,,,,,,,,,15.64,13.27,10.89,0.0,20.88,,,,,,,,,,,,,,,,,,,,,,,,,0.0,0.0,0.0,0.0,0.0,0.0,0.0,10.0,10.0,10.0,10.0,12.0,,,,,,,,,,,,,,,,,,,,,,,,
SIPT485,Sri Raja Rajeshawari Engg Cement & General,J S Bhupalapally,Challagariga,,,,,TG,Active,,,,,,,,,,,,,,,,,,,,,,,,,,,,,,,,,8.35,27.91,0.0,0.0,9.35,,,,,,,,,,,,,,,,,,,,,,,,,0.0,0.0,0.0,0.0,0.0,0.0,0.0,10.0,10.0,0.0,0.0,0.0,,,,,,,,,,,,,,,,,,,,,,,,
SIPT486,Tirupathi Steels,Khammam,Khammam,,,,,TG,Active,,,,,,,,,,,,,,,,,,,,,,,,,,,,,,,,,24.29,0.0,14.15,0.0,0.0,,,,,,,,,,,,,,,,,,,,,,,,,0.0,0.0,0.0,0.0,0.0,0.0,0.0,10.0,10.0,10.0,10.0,11.0,,,,,,,,,,,,,,,,,,,,,,,,
SIPT487,Deccan Steel & Cement,Ranga Reddy,Borabanda - Ghmc,,,,,TG,Active,,,,,,,,,,,,,,,,,,,,,,,,,,,,,,,,,6.5,0.0,0.0,0.0,5.35,,,,,,,,,,,,,,,,,,,,,,,,,0.0,0.0,0.0,0.0,0.0,0.0,0.0,10.0,10.0,10.0,10.0,11.0,,,,,,,,,,,,,,,,,,,,,,,,
SIPT488,Baba Steel Traders,Ranga Reddy,Shankarpally-Ghmc,,,,,TG,Active,,,,,,,,,,,,,,,,,,,,,,,,,,,,,,,,,10.260000000000002,19.87,9.51,9.59,10.100000000000001,,,,,,,,,,,,,,,,,,,,,,,,,0.0,0.0,0.0,0.0,0.0,0.0,0.0,10.0,10.0,20.0,18.0,19.8,,,,,,,,,,,,,,,,,,,,,,,,
SIPT489,Mahalakshmi Iron And Hardware Syndicate,Karimnagar,Karimnagar,,,,,TG,Active,210.0,,,,,,,,,,,,,,,,,,,,,,,,,,,,,,,,21.1,9.65,10.97,19.140000000000004,21.9,,,,,,,,,,,,,,,,,,,,,,,,,0.0,0.0,0.0,0.0,0.0,0.0,0.0,10.0,10.0,20.0,20.0,22.0,,,,,,,,,,,,,,,,,,,,,,,,
SIPT490,Sanda Mallaiah Sagar Cement Agencies,Rangareddy,Amangal,,,,,TG,Active,,,,,,,,,,,,,,,,,,,,,,,,,,,,,,,,,,5.0600000000000005,0.0,0.0,0.0,,,,,,,,,,,,,,,,,,,,,,,,,0.0,0.0,0.0,0.0,0.0,0.0,0.0,0.0,5.0,10.0,10.0,11.0,,,,,,,,,,,,,,,,,,,,,,,,
SIPT491,R R Marketing,,Karimnagar,,,,,,,,,,,,,,,,,,,,,,,,,,,,,,,,,,,,,,,,,,0.0,,,,,,,,,,,,,,,,,,,,,,,,,,,,,,,,,,,,,,,,,,,,,,,,,,,,,,,,,,,,,
SIPT492,Ambica Ispat Mokila,Rangareddy,Mokila - Ghmc,,,,,TG,Active,,,,,,,,,,,,,,,,,,,,,,,,,,,,,,,,,,10.12,3.9,15.59,0.0,,,,,,,,,,,,,,,,,,,,,,,,,0.0,0.0,0.0,0.0,0.0,0.0,0.0,0.0,10.0,10.0,15.0,20.0,,,,,,,,,,,,,,,,,,,,,,,,
SIPT494,Global Steel And Cement,Rangareddy,Serilingampally-Ghmc,,,,,TG,Active,,,,,,,,,,,,,,,,,,,,,,,,,,,,,,,,,,10.06,0.0,0.0,0.0,,,,,,,,,,,,,,,,,,,,,,,,,0.0,0.0,0.0,0.0,0.0,0.0,0.0,0.0,10.0,10.0,10.0,11.0,,,,,,,,,,,,,,,,,,,,,,,,
SIPT500,Sri Devi Agencies,,Sircilla,,,,,,,,,,,,,,,,,,,,,,,,,,,,,,,,,,,,,,,,,,0.0,,,,,,,,,,,,,,,,,,,,,,,,,,,,,,,,,,,,,,,,,,,,,,,,,,,,,,,,,,,,,
SIPT501,Sri Sai Tirumala Traders,,Tirumalagiri,,,,,,,,,,,,,,,,,,,,,,,,,,,,,,,,,,,,,,,,,,0.0,,,,,,,,,,,,,,,,,,,,,,,,,,,,,,,,,,,,,,,,,,,,,,,,,,,,,,,,,,,,,
SIPT502,Amarender Enterprises,,Tirumalagiri,,,,,,,,,,,,,,,,,,,,,,,,,,,,,,,,,,,,,,,,,,0.0,,,,,,,,,,,,,,,,,,,,,,,,,,,,,,,,,,,,,,,,,,,,,,,,,,,,,,,,,,,,,
SIPT503,GGR Building Systems,,Bowerpet,,,,,,,,,,,,,,,,,,,,,,,,,,,,,,,,,,,,,,,,,,0.0,,,,,,,,,,,,,,,,,,,,,,,,,,,,,,,,,,,,,,,,,,,,,,,,,,,,,,,,,,,,,
SIPT506,Sri Venkateshwara Traders,,New Hafeezpet - Ghmc,,,,,,,,,,,,,,,,,,,,,,,,,,,,,,,,,,,,,,,,,,9.95,6.959999999999999,,,,,,,,,,,,,,,,,,,,,,,,,,,,,,,,,,,,,,,,,,,,,,,,,,,,,,,,,,,,
SIPT507,Sri Srinivasa Cement And Iron Merchants,,Hanumakonda,,,,,,,,,,,,,,,,,,,,,,,,,,,,,,,,,,,,,,,,,,24.47,45.900000000000006,,,,,,,,,,,,,,,,,,,,,,,,,,,,,,,,,,,,,,,,,,,,,,,,,,,,,,,,,,,,
SIPT508,Mahalakshmi Enterprises,,Warangal,,,,,,,,,,,,,,,,,,,,,,,,,,,,,,,,,,,,,,,,,,60.88,49.46,,,,,,,,,,,,,,,,,,,,,,,,,,,,,,,,,,,,,,,,,,,,,,,,,,,,,,,,,,,,
SIPT509,Samrat Khammam SBP,,Khammam,,,,,,,,,,,,,,,,,,,,,,,,,,,,,,,,,,,,,,,,,,,0.0,,,,,,,,,,,,,,,,,,,,,,,,,,,,,,,,,,,,,,,,,,,,,,,,,,,,,,,,,,,,
