Dealer_Code,Dealer_Name,dealer_district,dealer_taluka,dealer_type,population,taluka_population,CS,Region,dealer_status,market_potential,Apr_2425_sales,May_2425_sales,Jun_2425_sales,Jul_2425_sales,Aug_2425_sales,Sep_2425_sales,Oct_2425_sales,Nov_2425_sales,Dec_2425_sales,Jan_2425_sales,Feb_2425_sales,Mar_2425_sales,Apr_2425_Target,May_2425_Target,Jun_2425_Target,Jul_2425_Target,Aug_2425_Target,Sep_2425_Target,Oct_2425_Target,Nov_2425_Target,Dec_2425_Target,Jan_2425_Target,Feb_2425_Target,Mar_2425_Target,Sales_Pattern_Overall,Target_Pattern_Overall,Achieved_Type,Predicted_Target_R,Percentage_PT_Dist,Category_Overall,AP_12,Predicted_Target,MPA,SOB,AP_normalized,Score,Tier,Incentive_per_Ton_exponential,Final_Incentive,Perfomance_Bonus,Predicted_Incentive
SIPA006,Sri Vigneswara Traders,Anantapur,Hindupur,Non-Exclusive,6321948.0,51861.0,141.75,AP,Active,682.5,31,0,0,30,0,0,50,55,52,53,51,102,0,90,90,90,65,65,50,50,50,50,50,55,HHHHHH,NAAAAA,High Achievement,80,0.00595459620394492,Consistently Strong Performer,35.25833333333333,80,20.76923076923077,24.873603762492653,17.351115048022113,17.351115048022113,Tier 1,2000.0,2400.0,400.0,192000.0
SIPA008,K.K.Traders,Anantapur,Kadiri,Non-Exclusive,6321948.0,35944.0,45.15,AP,Active,231.0,25,25,25,26,46,40,26,41,33,45,10,25,30,30,30,30,40,40,50,50,50,30,35,35,LHLHLL,NNNANN,Low Achievement,30,0.002232973576479345,Consistently Weak Performer,30.53333333333333,30,19.545454545454543,67.62643041712809,15.025876987935005,15.025876987935005,Tier 1,2000.0,2000.0,0.0,60000.0
SIPA010,Sri Jayanthi Iron Mart,Anantapur,Rayadurg,Non-Exclusive,6321948.0,40942.0,55.65,AP,Active,189.0,30,0,19,10,0,27,16,9,20,0,10,10,25,25,30,30,25,25,20,20,24,15,20,20,HLHLLL,NNNNNN,No Achievement,15,0.0011164867882396724,Consistently Weak Performer,12.625,15,29.444444444444446,22.686433063791554,6.212937673777712,6.212937673777712,Tier 3,1665.0,1665.0,0.0,24980.0
SIPA013,Srinivasa Iron Company,Anantapur,Tadipatri,Non-Exclusive,6321948.0,,178.5,AP,Active,315.0,53,22,25,20,44,56,0,31,19,20,32,32,50,50,50,50,50,50,50,50,50,30,25,25,LHLLHH,NNNNAA,Low Achievement,35,0.0026051358392259025,Fluctuating Performer,29.522499999999997,35,56.666666666666664,16.53921568627451,14.52843187913683,14.52843187913683,Tier 1,2000.0,2000.0,0.0,70000.0
SIPA015,Venkateshwara Hardware,Chittoor,Chittoor,Exclusive,6588204.0,59060.0,1.05,AP,Active,735.0,0,0,25,19,39,65,50,52,52,10,45,59,0,0,15,25,40,40,50,50,50,35,35,40,HHHLHH,NAANAA,Moderate Achievement,45,0.0033494603647190174,Consistently Strong Performer,34.775,45,0.14285714285714285,100.0,17.113260008365934,17.113260008365934,Tier 1,2000.0,2400.0,400.0,108000.0
SIPA017,Hari Hara Steels & Cements,Chittoor,Madanapally,Non-Exclusive,6588204.0,97284.0,71.4,AP,Active,682.5,25,29,15,12,30,30,0,20,20,18,16,35,30,30,30,30,30,30,35,35,30,30,33,33,LHHLLH,NNNNNA,Low Achievement,30,0.002232973576479345,Fluctuating Performer,20.875833333333336,30,10.461538461538462,29.237861811391223,10.273287238667027,10.273287238667027,Tier 2,1835.0,1835.0,0.0,55050.0
SIPA018,Hari Hara Enterprises,Chittoor,Madanapally,Exclusive,6588204.0,97284.0,38.85,AP,Active,682.5,36,15,33,30,15,32,30,0,14,30,30,30,30,35,30,30,30,30,35,35,30,30,30,30,HLLHHH,NNNNNA,Low Achievement,35,0.0026051358392259025,Emerging Performer,24.573333333333334,35,5.6923076923076925,63.25182325182325,12.092878292036776,12.092878292036776,Tier 1,2000.0,2200.0,200.0,77000.0
SIPA019,IKS Agencies,Chittoor,Nagari,Exclusive,6588204.0,33899.0,12.6,AP,Active,210.0,61,20,21,46,41,25,91,18,20,32,40,110,30,40,45,50,50,50,50,50,50,40,40,40,HLLLHH,ANNNAA,Moderate Achievement,70,0.005210271678451805,Fluctuating Performer,43.70250000000001,70,6.0,100.0,21.5066066287739,21.5066066287739,Tier 1,2000.0,2000.0,0.0,140000.0
SIPA020,Bismilla Traders,Chittoor,Palamner,Exclusive,6588204.0,30307.0,16.8,AP,Active,210.0,40,40,15,20,31,30,40,31,30,30,30,30,30,30,30,30,30,30,35,20,30,30,30,30,HHHLLL,AAAANA,High Achievement,40,0.00297729810197246,Target-Oriented Performer,30.628333333333334,40,8.0,100.0,15.072627806074326,15.072627806074326,Tier 1,2000.0,2100.0,100.0,84000.0
SIPA021,Sri Vasavi Hardware,Chittoor,Piler,Non-Exclusive,6588204.0,73016.0,53.55,AP,Active,157.5,0,0,0,0,29,20,27,0,25,0,0,0,20,20,25,25,18,18,20,20,24,12,12,12,HLHLLL,ANANNN,Target Not Set,0,0.0,Consistently Weak Performer,8.4325,0,34.0,15.746965452847805,4.14975025220836,4.14975025220836,Tier 3,1665.0,1665.0,0.0,0.0
SIPA023,Sri S.R.Agencies,Chittoor,Punganur,Non-Exclusive,6588204.0,54956.0,52.5,AP,Active,262.5,20,25,24,32,20,42,36,25,20,10,34,30,30,30,30,30,30,30,35,35,30,30,30,30,HLLLHH,ANNNAA,Moderate Achievement,30,0.002232973576479345,Fluctuating Performer,26.503333333333334,30,20.0,50.48253968253968,13.042658071077648,13.042658071077648,Tier 1,2000.0,2000.0,0.0,60000.0
SIPA024,Hari Priya Traders,Chittoor,Puttur,Exclusive,6588204.0,25074.0,6.3,AP,Active,157.5,38,0,10,0,25,25,0,21,12,14,20,15,25,25,30,30,25,25,20,20,25,15,15,15,LHLHHL,NANNAN,Low Achievement,20,0.00148864905098623,Fluctuating Performer,15.030000000000001,20,4.0,100.0,7.396471543515169,7.396471543515169,Tier 2,1835.0,1835.0,0.0,36700.0
SIPA025,Mahesh Traders,Chittoor,Srikalahasti,Exclusive,6588204.0,57581.0,47.25,AP,Active,315.0,75,25,25,41,63,60,45,36,12,30,40,45,50,50,60,60,60,60,50,35,50,40,40,45,LLLLLH,NANNNA,Low Achievement,45,0.0033494603647190174,Consistently Weak Performer,41.38583333333333,45,15.0,87.58906525573191,20.366542818008085,20.366542818008085,Tier 1,2000.0,2000.0,0.0,90000.0
SIPA026,Shree Lakshmi Venkateswara Steels,Chittoor,Tirupathi,Non-Exclusive,6588204.0,237195.0,292.95,AP,Active,2310.0,173,52,137,107,132,192,221,158,0,55,132,191,170,200,150,130,210,210,200,110,150,30,40,45,HHLLHH,AANAAA,High Achievement,140,0.01042054335690361,Consistently Strong Performer,129.15666666666667,140,12.68181818181818,44.088297206576776,63.559787734881844,63.559787734881844,Tier 1,2000.0,2400.0,400.0,336000.0
SIPA028,Shree Venkateswara Steels,Chittoor,Tirupathi,Non-Exclusive,6588204.0,237195.0,40.95,AP,Active,2310.0,32,0,0,0,15,0,23,0,17,24,0,15,30,30,20,20,25,25,20,20,25,12,15,15,HLHHLH,ANNANA,Moderate Achievement,25,0.0018608113137327876,Emerging Performer,10.556666666666667,25,1.7727272727272727,25.779405779405778,5.19508214200766,5.19508214200766,Tier 3,1665.0,1835.0,165.0,45880.0
SIPA030,Sri Satyanaryana Iron & Hardware Mart,Cuddapah,Badvel,Exclusive,4111686.0,21317.0,159.6,AP,Active,472.5,86,25,29,48,81,79,60,53,63,60,64,85,75,75,80,80,80,80,50,50,75,60,60,60,HLHLLH,AANAAA,High Achievement,80,0.00595459620394492,Target-Oriented Performer,61.00833333333333,80,33.77777777777778,38.225772765246454,30.023047333152892,30.023047333152892,Tier 1,2000.0,2100.0,100.0,168000.0
SIPA031,Vadlaputi Iron & Steel Traders,Cuddapah,Cuddapah,Non-Exclusive,4111686.0,,282.45,AP,Active,1575.0,175,100,145,86,137,136,108,112,51,79,100,75,170,170,190,175,200,200,200,110,150,130,130,130,LLLLLL,NANNNN,Low Achievement,90,0.006698920729438035,Consistently Weak Performer,108.72499999999998,90,17.93333333333333,38.49353867941228,53.50508107576092,53.50508107576092,Tier 1,2000.0,2000.0,0.0,180000.0
SIPA032,Bharathi Steels Cement & Paints,Cuddapah,Cuddapah,Exclusive,4111686.0,,190.05,AP,Active,1575.0,118,90,31,27,96,121,115,119,91,110,118,80,130,130,150,150,130,130,110,110,120,120,120,75,HHHHHL,AANNNA,Moderate Achievement,110,0.008187569780424266,Emerging Performer,93.04666666666667,110,12.066666666666666,48.959045865123215,45.78955570318971,45.78955570318971,Tier 1,2000.0,2200.0,200.0,242000.0
SIPA035,Pattupogula Steels,Cuddapah,Mydukur,Exclusive,4111686.0,105862.0,29.4,AP,Active,168.0,39,11,25,13,25,11,24,37,26,16,20,20,30,35,35,35,30,30,35,35,30,20,20,20,HHHLLL,NANNAA,Moderate Achievement,25,0.0018608113137327876,Fluctuating Performer,22.206666666666667,25,17.5,75.53287981859411,10.92820878751343,10.92820878751343,Tier 2,1835.0,1835.0,0.0,45880.0
SIPA036,S.R.Steels & Paints,Cuddapah,Porumamila,Exclusive,4111686.0,,1.05,AP,Active,157.5,29,22,20,0,0,0,0,12,12,12,0,13,25,20,20,20,20,20,20,20,24,12,12,12,LHHHLH,NNNNNA,Low Achievement,15,0.0011164867882396724,Emerging Performer,9.917500000000002,15,0.6666666666666667,100.0,4.880539356807166,4.880539356807166,Tier 3,1665.0,1835.0,165.0,27520.0
SIPA037,Sri Kanaka Durga Steels,Cuddapah,Proddatur,Non-Exclusive,4111686.0,96162.0,311.85,AP,Active,735.0,115,92,89,71,101,31,117,96,71,50,101,108,120,120,150,150,150,150,110,110,125,100,100,100,HHLLHH,ANNNAA,Moderate Achievement,95,0.0070710829921845925,Emerging Performer,86.82366666666667,95,42.42857142857143,27.841483619261396,42.72713105812685,42.72713105812685,Tier 1,2000.0,2200.0,200.0,209000.0
SIPA039,Sri Ganesh Iron & Hardware Marchant,Cuddapah,Pulivendula,Non-Exclusive,4111686.0,13178.0,108.15,AP,Active,630.0,48,39,41,31,58,61,46,25,65,25,28,13,50,50,55,55,60,60,50,50,75,50,50,50,LLHLLL,NNNNNN,No Achievement,25,0.0018608113137327876,Consistently Weak Performer,39.96750000000001,25,17.166666666666668,36.95561719833565,19.668561305085998,19.668561305085998,Tier 1,2000.0,2000.0,0.0,50000.0
SIPA040,Sri Balaji Traders,Cuddapah,Rajampet,Exclusive,4111686.0,56651.0,77.7,AP,Active,420.0,51,24,50,9,72,75,51,29,50,12,53,63,60,75,70,60,70,70,50,50,60,50,50,50,HLHLHH,ANNNAA,Moderate Achievement,50,0.003721622627465575,Emerging Performer,44.79749999999999,50,18.5,57.654440154440145,22.04547132206392,22.04547132206392,Tier 1,2000.0,2200.0,200.0,110000.0
SIPA043,Ashoka Hardwares,Cuddapah,Vempally,Non-Exclusive,4111686.0,97375.0,29.4,AP,Active,136.5,20,36,10,20,31,31,4,30,12,8,0,20,35,35,35,30,35,35,35,35,30,20,20,20,LHLLLH,NNNNNA,Low Achievement,15,0.0011164867882396724,Consistently Weak Performer,18.507500000000004,15,21.538461538461537,62.95068027210886,9.107797544351765,9.107797544351765,Tier 2,1835.0,1835.0,0.0,27520.0
SIPA044,Jai Vasavi Steel Syndicate,East Godavari,Amalapuram,Exclusive,8274560.0,88462.0,372.75,AP,Active,735.0,53,81,0,0,73,92,0,63,31,67,61,26,70,60,90,60,60,60,60,60,60,45,50,76,LHLHHL,NANAAN,Moderate Achievement,60,0.00446594715295869,Fluctuating Performer,45.51,60,50.71428571428571,12.209255533199196,22.396102458108803,22.396102458108803,Tier 1,2000.0,2000.0,0.0,120000.0
SIPA049,Jayalakshmi Steels,East Godavari,Rajahmundry,Exclusive,8274560.0,,237.3,AP,Active,1575.0,95,100,0,0,0,0,0,0,0,0,0,0,70,90,120,100,90,90,90,60,60,0,0,0,LLHHHH,NNNAAA,Target Not Set,0,0.0,Emerging Performer,16.205833333333334,0,15.066666666666666,6.8292597274898155,7.975115441713212,7.975115441713212,Tier 2,1835.0,2015.0,185.0,0.0
SIPA054,Sri R K Steels And Cements,East Godavari,Tatipaka,Non-Exclusive,8274560.0,,25.2,AP,Active,577.5,0,0,0,0,0,0,20,0,12,15,20,12,10,10,10,5,10,10,10,10,12,12,12,25,HLHHHH,ANAAAN,Moderate Achievement,20,0.00148864905098623,Consistently Strong Performer,6.576666666666667,20,4.363636363636363,26.097883597883598,3.236468918907835,3.236468918907835,Tier 4,1500.0,1800.0,300.0,36000.0
SIPA056,Sri Sivashankar Traders,Guntur,Cherukupalli,Non-Exclusive,6629265.0,60385.0,102.9,AP,Inactive,105.0,0,0,0,0,0,0,0,0,0,0,,,12,0,0,0,0,0,0,0,0,0,0,0,HHHHHH,AAAAAA,Target Not Set,0,0.0,Consistently Strong Performer,0.0,0,98.00000000000001,0.0,0.0,0.0,Tier 6,1165.0,1400.0,235.0,0.0
SIPA057,Sai Renuka Iron Traders,Guntur,Chilakaluripeta,Exclusive,6629265.0,52231.0,60.9,AP,Active,262.5,14,0,11,21,24,20,0,20,0,0,12,24,12,15,20,24,20,20,20,20,24,12,12,15,LHLLHH,NANNNA,Low Achievement,25,0.0018608113137327876,Fluctuating Performer,12.211666666666666,25,23.2,20.0519978106185,6.009530605382085,6.009530605382085,Tier 3,1665.0,1665.0,0.0,41620.0
SIPA058,SAKALA VENKATESWARLU & COMPANY,Guntur,Chilakaluripet,Non-Exclusive,6629265.0,,81.9,AP,Active,262.5,14,12,25,12,30,12,12,12,12,12,12,16,24,24,24,24,30,30,20,20,24,20,20,16,LLLLLH,NNNNNA,Low Achievement,20,0.00148864905098623,Consistently Weak Performer,15.226666666666668,20,31.2,18.591778591778592,7.493253938961477,7.493253938961477,Tier 2,1835.0,1835.0,0.0,36700.0
SIPA061,Sri Durga Steels,Guntur,Gullapalli,Non-Exclusive,6629265.0,,80.85,AP,Active,73.5,12,13,13,11,14,17,0,10,12,0,12,11,12,15,20,12,15,15,10,10,12,12,12,15,LLHLHH,NAANNN,Low Achievement,15,0.0011164867882396724,Fluctuating Performer,10.507499999999999,15,100.0,12.996289424860851,5.170886543146083,5.170886543146083,Tier 3,1665.0,1665.0,0.0,24980.0
SIPA064,Sri Venkata Nagasai Traders,Guntur,Karempudi,Non-Exclusive,6629265.0,66752.0,59.85,AP,Active,63.0,26,0,0,10,0,12,0,12,0,12,0,12,12,15,15,15,15,15,10,10,12,12,12,12,LHLHLH,NANANN,Low Achievement,15,0.0011164867882396724,Fluctuating Performer,6.985,15,95.0,11.670843776106935,3.437415417927708,3.437415417927708,Tier 4,1500.0,1500.0,0.0,22500.0
SIPA066,Srinivasa Steel Traders,Guntur,Mangalagiri,Exclusive,6629265.0,86690.0,390.6,AP,Active,367.5,32,25,31,15,38,25,28,36,38,24,36,34,24,25,30,30,34,34,20,20,35,35,35,45,HHHLHH,AAANAN,Moderate Achievement,35,0.0026051358392259025,Consistently Strong Performer,30.105,35,100.0,7.7073732718894,14.81508821141212,14.81508821141212,Tier 1,2000.0,2400.0,400.0,84000.0
SIPA073,Sri Krishna Steels,Guntur,Repalle,Exclusive,6629265.0,61123.0,166.95,AP,Active,315.0,49,24,35,0,21,21,35,13,13,12,21,10,35,50,60,50,45,45,35,35,35,30,30,26,HLLLHL,ANNNNN,Low Achievement,20,0.00148864905098623,Consistently Weak Performer,21.033333333333335,20,52.99999999999999,12.598582409903166,10.350795174003265,10.350795174003265,Tier 2,1835.0,1835.0,0.0,36700.0
SIPA077,Lakshmi Srinivasa Traders,Guntur,Tenali,Exclusive,6629265.0,75094.0,1.05,AP,Active,441.0,21,14,31,0,26,27,27,41,25,24,0,0,15,15,30,30,22,22,20,20,24,25,25,0,HHLLLL,AAANNA,Moderate Achievement,35,0.0026051358392259025,Target-Oriented Performer,19.706666666666667,35,0.2380952380952381,100.0,9.697924099636655,9.697924099636655,Tier 2,1835.0,1925.0,90.0,67380.0
SIPA078,Gayatri Traders,Guntur,Tenali,Non-Exclusive,6629265.0,75094.0,43.05,AP,Inactive,441.0,0,0,0,0,0,0,0,0,0,0,,,0,0,0,0,0,0,0,0,0,0,0,0,HHHHHH,AAAAAA,Target Not Set,0,0.0,Consistently Strong Performer,0.0,0,9.761904761904763,0.0,0.0,0.0,Tier 6,1165.0,1400.0,235.0,0.0
SIPA079,Lalitha Traders,Guntur,Tenali,Exclusive,6629265.0,75094.0,3.15,AP,Active,441.0,31,25,22,0,25,25,27,35,38,48,24,0,24,24,24,25,22,22,20,20,24,25,25,30,HHHHLL,AAAANN,Moderate Achievement,45,0.0033494603647190174,Consistently Strong Performer,25.129166666666666,45,0.7142857142857143,100.0,12.36641158764138,12.36641158764138,Tier 1,2000.0,2400.0,400.0,108000.0
SIPA081,Sri Rama Iron & Hardware Stores,Guntur,Vinukonda,Non-Exclusive,6629265.0,52773.0,64.05,AP,Active,367.5,28,13,12,13,25,13,12,12,16,12,12,15,25,25,30,24,30,30,20,20,24,20,20,15,LLHLLH,NNNNNN,No Achievement,15,0.0011164867882396724,Consistently Weak Performer,15.070000000000002,15,17.428571428571427,23.52849336455894,7.416156098521198,7.416156098521198,Tier 2,1835.0,1835.0,0.0,27520.0
SIPA086,Chinni Krishna Steel Traders,Krishna,Gudiwada,Non-Exclusive,6097627.0,,36.75,AP,Active,420.0,15,11,0,0,0,13,12,12,-1,0,24,12,10,15,20,20,10,10,10,10,12,12,12,12,HHLLHH,AANNAA,Moderate Achievement,20,0.00148864905098623,Consistently Strong Performer,8.179166666666667,20,8.75,22.2562358276644,4.025081403836848,4.025081403836848,Tier 4,1500.0,1800.0,300.0,36000.0
SIPA088,Maturi PurnaChandra Rao Sons,Krishna,Machilipatnam,Exclusive,6097627.0,69070.0,30.45,AP,Active,420.0,0,12,0,14,5,15,13,12,0,12,13,12,15,10,15,15,15,15,10,10,12,12,12,12,HHLHHH,AANNAA,Moderate Achievement,15,0.0011164867882396724,Consistently Strong Performer,8.929999999999998,15,7.249999999999999,29.32676518883415,4.394576905095838,4.394576905095838,Tier 3,1665.0,2000.0,335.0,30000.0
SIPA094,Konakalla Steel Enterprises,Krishna,Vijayawada,Exclusive,6097627.0,141039.0,696.15,AP,Active,2100.0,210,151,139,131,134,205,171,150,154,72,54,92,100,130,200,150,150,150,200,110,150,150,150,150,HLLLLL,NAANNN,Low Achievement,80,0.00595459620394492,Consistently Weak Performer,138.66083333333333,80,33.15,19.918240800593743,68.23692002329338,68.23692002329338,Tier 1,2000.0,2000.0,0.0,160000.0
SIPA101,Sri Lakshmi Venkata Ramana Traders,Kurnool,Allagadda,Non-Exclusive,6203936.0,108915.0,36.75,AP,Active,178.5,12,12,25,12,0,22,20,12,14,0,15,15,15,20,20,25,15,15,10,10,15,15,15,15,HLLLHH,AANNAA,Moderate Achievement,20,0.00148864905098623,Target-Oriented Performer,13.38,20,20.588235294117645,36.40816326530613,6.584483649516498,6.584483649516498,Tier 2,1835.0,1925.0,90.0,38500.0
SIPA102,Sri Sadasiva Traders,Kurnool,Chagalamarri,Non-Exclusive,6203936.0,72421.0,98.7,AP,Active,126.0,21,29,0,26,12,20,25,12,21,15,20,15,30,30,30,30,30,30,20,20,24,15,15,15,HLHLHL,ANNNAN,Low Achievement,20,0.00148864905098623,Fluctuating Performer,17.905833333333334,20,78.33333333333333,18.141675109760218,8.81170902946942,8.81170902946942,Tier 2,1835.0,1835.0,0.0,36700.0
SIPA103,SRI VENKAT MANIKYA CONSTRUCTION NEEDS,Kurnool,Dhone,Non-Exclusive,6203936.0,60960.0,49.35,AP,Active,147.0,0,29,0,0,19,22,0,20,22,0,8,14,25,30,30,30,30,30,35,20,24,15,15,15,LHHLLH,NANNNN,Low Achievement,20,0.00148864905098623,Fluctuating Performer,11.306666666666665,20,33.57142857142858,22.9111786558595,5.564167548370691,5.564167548370691,Tier 3,1665.0,1665.0,0.0,33300.0
SIPA104,G C S AGENCIES,Kurnool,KODUMUR,Non-Exclusive,6203936.0,103422.0,11.55,AP,Active,84.0,0,8,0,0,12,0,12,11,10,0,9,10,12,12,12,12,10,10,10,10,12,12,12,12,HHHLHH,AANNNN,Low Achievement,15,0.0011164867882396724,Emerging Performer,6.0,15,13.750000000000002,51.94805194805194,2.952683250904259,2.952683250904259,Tier 4,1500.0,1650.0,150.0,24750.0
SIPA106,SAI RAM YELUKUR IRON MART,Kurnool,Kurnool,Exclusive,6203936.0,110700.0,165.9,AP,Active,2625.0,93,160,35,31,0,0,0,106,106,0,34,69,150,170,160,160,160,160,200,35,80,80,70,70,LHHLLH,NAANNN,Low Achievement,75,0.005582433941198363,Fluctuating Performer,52.92416666666667,75,6.32,31.901245730359655,26.04471674745536,26.04471674745536,Tier 1,2000.0,2000.0,0.0,150000.0
SIPA107,Sai Shakthi Agency,Kurnool,Kurnool,Exclusive,6203936.0,110700.0,97.65,AP,Active,2625.0,90,103,58,82,78,66,104,90,92,59,62,100,80,100,100,100,100,100,110,110,110,105,100,100,HHHLLH,NNNNNA,Low Achievement,80,0.00595459620394492,Emerging Performer,81.98333333333333,80,3.72,83.9563065369517,40.34513586443903,40.34513586443903,Tier 1,2000.0,2200.0,200.0,176000.0
SIPA108,Sri Sai Building Materials,Kurnool,Kurnool,Exclusive,6203936.0,110700.0,69.3,AP,Active,2625.0,58,102,68,50,90,66,109,28,101,59,60,85,100,100,100,100,100,100,110,110,110,80,80,80,HLHLLH,NNNNNA,Low Achievement,75,0.005582433941198363,Fluctuating Performer,73.00500000000001,75,2.64,100.0,35.92677345537758,35.92677345537758,Tier 1,2000.0,2000.0,0.0,150000.0
SIPA109,New Balavenkatarama Traders,Kurnool,Nandikotkur,Non-Exclusive,6203936.0,83748.0,58.8,AP,Active,147.0,30,31,24,0,0,34,0,0,25,25,15,15,30,30,30,30,30,30,35,20,24,15,15,15,LLHHHL,NNAAAA,Moderate Achievement,25,0.0018608113137327876,Target-Oriented Performer,16.610833333333332,25,40.0,28.24971655328798,8.174421561149249,8.174421561149249,Tier 2,1835.0,1925.0,90.0,48120.0
SIPA112,Sohail Steels,Kurnool,Yemmiganur,Non-Exclusive,6203936.0,74195.0,112.35,AP,Active,168.0,28,33,31,55,30,42,0,27,25,28,30,31,40,35,40,40,40,40,50,50,35,30,30,30,LLLLHH,NNNNAA,Low Achievement,35,0.0026051358392259025,Consistently Weak Performer,29.975833333333338,35,66.875,26.680759531226826,14.751523502538488,14.751523502538488,Tier 1,2000.0,2000.0,0.0,70000.0
SIPA113,Kota Hanumantha Prasad,Nellore,Alluru,Exclusive,4538626.0,,69.3,AP,Active,47.25,26,0,15,12,17,16,20,12,0,15,15,0,12,12,15,15,15,15,10,10,15,15,15,15,HLLHHL,AANNAN,Moderate Achievement,20,0.00148864905098623,Fluctuating Performer,12.324166666666665,20,100.0,17.78379028379028,6.064893416336539,6.064893416336539,Tier 3,1665.0,1665.0,0.0,33300.0
SIPA114,Patchipulusu Steel & Cements,Nellore,Kavali,Exclusive,4538626.0,67997.0,91.35,AP,Active,262.5,59,26,29,31,20,21,26,20,26,21,25,40,25,25,25,25,25,25,20,20,30,30,25,30,LLHLHH,AANNNA,Moderate Achievement,35,0.0026051358392259025,Fluctuating Performer,28.568333333333328,35,34.8,31.27349023900748,14.05887322326386,14.05887322326386,Tier 1,2000.0,2000.0,0.0,70000.0
SIPA117,Sri Venkateswara Steels & Cements,Nellore,Nellore,Exclusive,4538626.0,132216.0,509.25,AP,Active,2520.0,268,223,176,178,215,226,215,224,174,150,176,214,220,240,250,225,250,250,200,200,220,220,200,220,HHLLLH,AANNNN,Low Achievement,185,0.013770003721622627,Fluctuating Performer,203.205,185,20.208333333333332,39.90279823269514,100.0,100.0,Tier 1,2000.0,2000.0,0.0,370000.0
SIPA118,Vinayaka Steel & Cements,Nellore,Venkatagiri,Non-Exclusive,4538626.0,27880.0,63.0,AP,Active,178.5,65,25,24,39,42,45,46,34,22,20,25,25,35,35,40,35,40,40,35,35,40,40,30,31,HLLLLL,ANNNNN,Low Achievement,30,0.002232973576479345,Consistently Weak Performer,34.31250000000001,30,35.294117647058826,54.46428571428572,16.885657341108733,16.885657341108733,Tier 1,2000.0,2000.0,0.0,60000.0
SIPA122,Sri Srinivasa Traders D,Prakasam,Darsi,Exclusive,5954328.0,120120.0,6.3,AP,Active,168.0,43,25,0,34,0,27,25,25,21,20,0,12,20,25,30,30,30,30,20,20,24,25,25,25,HHHLLL,AANNNN,Low Achievement,20,0.00148864905098623,Declining Performer,19.280833333333337,20,3.75,100.0,9.488365607801647,9.488365607801647,Tier 2,1835.0,1835.0,0.0,36700.0
SIPA123,Manjunatha Cement & Steel,Prakasam,Giddalur,Exclusive,5954328.0,86133.0,53.55,AP,Active,115.5,25,0,26,0,25,30,0,19,26,0,0,0,20,20,24,24,25,25,20,20,24,25,20,20,LHHLLL,NNANNN,Target Not Set,0,0.0,Consistently Weak Performer,12.663333333333334,0,46.36363636363636,23.64768129474012,6.231802038991822,6.231802038991822,Tier 3,1665.0,1665.0,0.0,0.0
SIPA126,Gopal Steel Syndicate,Prakasam,Kanigiri,Non-Exclusive,5954328.0,92466.0,60.9,AP,Active,147.0,31,8,0,0,20,18,0,21,0,20,20,16,15,15,20,20,17,17,20,20,20,12,12,15,LHLHHH,NANAAA,Moderate Achievement,25,0.0018608113137327876,Consistently Strong Performer,12.895000000000001,25,41.42857142857142,21.174055829228244,6.345808420068404,6.345808420068404,Tier 3,1665.0,2000.0,335.0,50000.0
SIPA128,Eswar Agencies,Prakasam,Marrichetlapalem,Non-Exclusive,5954328.0,,36.75,AP,Active,131.25,24,24,0,0,10,0,0,0,0,12,10,26,12,12,12,12,10,10,10,10,12,10,10,12,LLLHHH,NNNAAA,Moderate Achievement,20,0.00148864905098623,Momentum Gainer,8.970833333333333,20,28.000000000000004,24.410430839002267,4.414671554997826,4.414671554997826,Tier 3,1665.0,1750.0,85.0,35000.0
SIPA131,Balaji Steel Corporation,Prakasam,Ongole,Exclusive,5954328.0,48376.0,37.8,AP,Active,525.0,77,55,26,39,51,50,55,20,26,30,45,55,45,50,60,60,50,50,50,50,50,45,45,50,HLLLHH,ANNNNA,Low Achievement,50,0.003721622627465575,Fluctuating Performer,44.07666666666666,50,7.199999999999999,100.0,21.69073923705945,21.69073923705945,Tier 1,2000.0,2000.0,0.0,100000.0
SIPA133,Sri Dhanalakshmi Steels,Prakasam,Pamur,Non-Exclusive,5954328.0,,39.9,AP,Active,210.0,42,0,14,12,7,26,24,0,13,17,27,21,20,24,24,24,25,25,20,20,24,15,15,15,HLLHHH,ANNAAA,Moderate Achievement,25,0.0018608113137327876,Consistently Strong Performer,16.84583333333333,25,19.0,42.22013366750208,8.290068321809665,8.290068321809665,Tier 2,1835.0,2200.0,365.0,55000.0
SIPA134,Sri Sai Balaji Agencies,Prakasam,Podili,Non-Exclusive,5954328.0,67017.0,24.15,AP,Active,126.0,23,16,15,15,16,20,14,22,12,6,0,22,15,15,15,15,17,17,20,20,24,20,20,20,LHLLLH,NANNNA,Low Achievement,20,0.00148864905098623,Consistently Weak Performer,15.069166666666666,20,19.166666666666664,62.398205659075224,7.415746003625238,7.415746003625238,Tier 2,1835.0,1835.0,0.0,36700.0
SIPA135,Sri Balaji Steel Traders,Prakasam,Singarayakonda,Non-Exclusive,5954328.0,70708.0,33.6,AP,Active,189.0,24,22,10,0,12,25,24,28,23,12,23,27,20,24,24,24,25,25,20,20,24,20,20,24,HHHLHH,AANNAA,Moderate Achievement,25,0.0018608113137327876,Consistently Strong Performer,19.2125,25,17.77777777777778,57.18005952380951,9.454737826333012,9.454737826333012,Tier 2,1835.0,2200.0,365.0,55000.0
SIPA148,Sri Sita Mahalaxmi Enterprises,Vizianagaram,Parvathipuram,Non-Exclusive,3662958.0,,73.5,AP,Active,525.0,0,67,41,0,49,34,30,40,31,0,40,50,30,30,40,40,30,30,30,30,40,30,30,50,LHLLHH,NANNAA,Moderate Achievement,50,0.003721622627465575,Fluctuating Performer,31.863333333333333,50,14.000000000000002,43.35147392290249,15.680388441885452,15.680388441885452,Tier 1,2000.0,2000.0,0.0,100000.0
SIPA151,Arunodaya Steel Corporation,Vizianagaram,Vizianagaram,Non-Exclusive,3662958.0,,1353.45,AP,Active,1470.0,0,0,0,0,80,40,50,87,0,87,98,75,777,700,200,50,100,100,100,80,80,30,35,122,HHLHHH,NANAAN,Moderate Achievement,95,0.0070710829921845925,Emerging Performer,43.126666666666665,95,92.07142857142857,3.186424815594714,21.22323105566628,21.22323105566628,Tier 1,2000.0,2200.0,200.0,209000.0
SIPA163,Sri Vijayalaxmi Enterprises,Vizianagaram,Kothavalasa,Exclusive,3662958.0,,89.25,AP,Active,315.0,40,53,20,20,36,25,10,31,20,10,10,52,30,30,40,40,30,30,30,30,30,30,30,13,LHLLLH,NANNNA,Low Achievement,30,0.002232973576479345,Consistently Weak Performer,27.429166666666664,30,28.333333333333332,30.732959850606907,13.498273500488011,13.498273500488011,Tier 1,2000.0,2000.0,0.0,60000.0
SIPA164,Kamakshi Steels - (U),Guntur,Undavalli,Non-Exclusive,6629265.0,10675.0,12.6,AP,Active,105.0,13,0,0,0,2,0,5,4,0,0,0,0,12,12,12,12,10,10,10,10,12,12,12,0,HHLLLL,NNNNNA,Target Not Set,0,0.0,Consistently Weak Performer,2.055833333333333,0,12.0,16.316137566137563,1.0117041083306677,1.0117041083306677,Tier 5,1335.0,1335.0,0.0,0.0
SIPA165,Om Vinayaka Hardware & Paints,Chittoor,Bangarupalem,Exclusive,6588204.0,73199.0,4.2,AP,Active,63.0,20,20,14,10,14,10,11,15,0,0,12,15,12,20,20,20,15,15,20,20,24,15,15,15,LHLLHH,NNNNNA,Low Achievement,20,0.00148864905098623,Fluctuating Performer,11.722499999999998,20,6.666666666666667,100.0,5.768804901454196,5.768804901454196,Tier 3,1665.0,1665.0,0.0,33300.0
SIPA167,MATURI STEEL & CEMENT,Krishna,Machilipatnam,Non-Exclusive,6097627.0,69070.0,26.25,AP,Active,420.0,16,13,0,12,0,14,0,0,0,12,0,13,10,12,15,15,15,15,10,10,12,6,6,6,LLLHLH,NNNANA,Low Achievement,15,0.0011164867882396724,Consistently Weak Performer,6.626666666666666,15,6.25,25.24444444444444,3.2610746126653702,3.2610746126653702,Tier 4,1500.0,1500.0,0.0,22500.0
SIPA173,Jai Vasavi Steel Syndicate (V),East Godavari,Vaddigudem,Non-Exclusive,8274560.0,,58.8,AP,Active,315.0,0,25,25,30,0,31,28,27,33,0,31,30,25,30,30,30,25,25,25,25,30,22,22,38,HHHLHH,AAANAN,Moderate Achievement,35,0.0026051358392259025,Consistently Strong Performer,21.71166666666667,35,18.666666666666664,36.924603174603185,10.68461241931383,10.68461241931383,Tier 2,1835.0,2200.0,365.0,77000.0
SIPA174,Sai Venkata Lakshmi Steels,Guntur,Macherla,Exclusive,6629265.0,55758.0,141.75,AP,Active,315.0,45,40,45,25,0,13,20,18,38,22,30,34,40,40,45,45,60,60,50,35,35,30,30,30,LLHHHH,NNANNA,Low Achievement,35,0.0026051358392259025,Emerging Performer,27.5425,35,45.0,19.430335097001763,13.554046406338427,13.554046406338427,Tier 1,2000.0,2200.0,200.0,77000.0
SIPA184,Sri Satyanarayana Stores,Prakasam,Tangutur,Exclusive,5954328.0,90270.0,11.55,AP,Active,52.5,12,13,13,0,16,15,13,11,13,11,0,13,12,12,12,12,15,15,10,10,12,12,12,12,HLHHLH,AAANNA,Moderate Achievement,15,0.0011164867882396724,Consistently Strong Performer,10.69083333333333,15,22.0,92.56132756132753,5.261107420257045,5.261107420257045,Tier 3,1665.0,2000.0,335.0,30000.0
SIPA187,Karthikeya Enterprises,Krishna,Agiripalli,Non-Exclusive,6097627.0,75381.0,26.25,AP,Active,52.5,2,10,2,0,10,14,16,0,12,0,0,0,10,10,10,10,10,10,10,10,12,12,12,12,HLHLLL,ANANNN,Target Not Set,0,0.0,Consistently Weak Performer,5.561666666666667,0,50.0,21.18730158730159,2.736973335629865,2.736973335629865,Tier 4,1500.0,1500.0,0.0,0.0
SIPA190,Sri Bhavani Iron & Tiles,Guntur,Gurazala,Non-Exclusive,6629265.0,92260.0,26.25,AP,Active,42.0,15,16,12,12,19,0,20,24,20,11,15,21,15,15,15,15,18,18,20,20,20,15,15,20,HHHLLH,AANNAA,Moderate Achievement,20,0.00148864905098623,Consistently Strong Performer,15.413333333333334,20,62.5,58.71746031746032,7.585115195656275,7.585115195656275,Tier 2,1835.0,2200.0,365.0,44000.0
SIPA192,M. Bharatha Raju,Anantapur,Amarapuram,Non-Exclusive,6321948.0,67721.0,37.8,AP,Active,105.0,0,6,13,0,10,0,0,0,10,0,10,0,12,12,12,12,10,10,10,10,12,10,10,10,LLHLHL,NNNNAN,Low Achievement,15,0.0011164867882396724,Consistently Weak Performer,4.075833333333334,15,36.0,10.782627865961201,2.0057741361351016,2.0057741361351016,Tier 5,1335.0,1335.0,0.0,20020.0
SIPA202,Mahesh Enterprises,Guntur,Vinukonda,Non-Exclusive,6629265.0,52773.0,110.25,AP,Active,367.5,60,40,40,51,52,53,23,0,54,24,43,53,45,50,70,60,60,60,50,50,50,40,40,50,LLHLHH,NNANAA,Moderate Achievement,50,0.003721622627465575,Fluctuating Performer,41.21666666666666,50,30.0,37.38473167044595,20.28329355412842,20.28329355412842,Tier 1,2000.0,2000.0,0.0,100000.0
SIPA205,Jaya Sree Enterprises,Kurnool,Nandyal,Non-Exclusive,6203936.0,68852.0,42.0,AP,Inactive,1050.0,0,0,0,0,0,0,0,0,0,0,,,0,0,0,0,0,0,0,0,0,0,0,0,HHHHHH,AAAAAA,Target Not Set,0,0.0,Consistently Strong Performer,0.0,0,4.0,0.0,0.0,0.0,Tier 6,1165.0,1400.0,235.0,0.0
SIPA206,Sree Rama Devi Steel & Cement,Cuddapah,Duvvuru,Exclusive,4111686.0,64599.0,49.35,AP,Active,94.5,24,12,7,12,12,0,22,12,0,12,12,12,20,20,20,20,20,20,20,20,20,12,12,12,HHLHHH,ANNNAN,Low Achievement,15,0.0011164867882396724,Emerging Performer,11.409999999999998,15,52.22222222222223,23.120567375886523,5.615019315469598,5.615019315469598,Tier 3,1665.0,1835.0,165.0,27520.0
SIPA208,Suresh And Ramesh Traders,Srikakulam,Pathapattanam,Non-Exclusive,4798722.0,80593.0,64.05,AP,Active,262.5,0,30,0,0,25,0,0,0,50,0,0,30,20,30,30,30,20,20,20,20,24,10,10,0,LLHLLH,NNANNA,Low Achievement,45,0.0033494603647190174,Consistently Weak Performer,11.305,45,24.4,17.650273224043715,5.563347358578775,5.563347358578775,Tier 3,1665.0,1665.0,0.0,74920.0
SIPA212,Yaswanthi Iron Mart,Anantapur,Dharmavaram,Non-Exclusive,6321948.0,50605.0,71.4,AP,Active,294.0,51,34,24,25,51,51,56,0,21,10,50,20,50,50,50,50,50,50,50,50,50,50,50,55,HLLLHL,ANNNAN,Low Achievement,30,0.002232973576479345,Consistently Weak Performer,32.76416666666666,30,24.28571428571429,45.88818860877683,16.12370102441705,16.12370102441705,Tier 1,2000.0,2000.0,0.0,60000.0
SIPA213,Sri Vasavi Agencies,Prakasam,Parchur,Non-Exclusive,5954328.0,68043.0,26.25,AP,Active,105.0,39,14,13,25,35,24,20,21,12,24,20,0,20,24,24,24,25,25,20,20,24,24,20,24,LLLHLL,AANNAN,Moderate Achievement,25,0.0018608113137327876,Fluctuating Performer,20.684166666666666,25,25.0,78.7968253968254,10.178965412596474,10.178965412596474,Tier 2,1835.0,1835.0,0.0,45880.0
SIPA214,Sree Lakshmi Venkatarama Steels,West Godavari,Chintalapudi,Non-Exclusive,6422436.0,117324.0,36.75,AP,Active,126.0,0,0,0,0,0,0,0,0,0,0,0,0,5,0,0,0,0,0,0,0,0,0,0,0,HHHHHH,AAAAAA,Target Not Set,0,0.0,Consistently Strong Performer,0.0,0,29.166666666666668,0.0,0.0,0.0,Tier 6,1165.0,1400.0,235.0,0.0
SIPA215,Raghavendra Traders,Chittoor,Kuppam,Non-Exclusive,6588204.0,120479.0,43.05,AP,Active,210.0,12,11,0,11,0,11,10,0,12,11,0,21,10,12,12,12,10,10,10,10,12,12,12,12,HLHHLH,ANANNA,Moderate Achievement,20,0.00148864905098623,Emerging Performer,8.210833333333333,20,20.5,19.07278358497871,4.040665009883287,4.040665009883287,Tier 4,1500.0,1650.0,150.0,33000.0
SIPA217,Capital Building Enterprises,Guntur,Mandadam,Non-Exclusive,6629265.0,6588.0,25.2,AP,Active,105.0,0,0,14,0,0,0,0,10,0,0,12,0,5,0,0,12,10,10,10,10,12,12,12,15,LHLLHL,NNNNNN,No Achievement,10,0.000744324525493115,Consistently Weak Performer,2.981666666666667,10,24.0,11.832010582010584,1.4673195377410333,1.4673195377410333,Tier 5,1335.0,1335.0,0.0,13350.0
SIPA227,SRI GAYATHRI CEMENT & STEEL CORPORATION (NEW),Guntur,Guntur,Exclusive,6629265.0,131781.0,43.05,AP,Active,1260.0,0,0,0,0,0,0,0,0,0,0,0,0,12,12,12,12,0,0,0,0,0,0,0,0,HHHHHH,AAAAAA,Target Not Set,0,0.0,Consistently Strong Performer,0.0,0,3.4166666666666665,0.0,0.0,0.0,Tier 6,1165.0,1400.0,235.0,0.0
SIPA232,Sri Hari Hara Cement & Steels,Nellore,Atmakur,Non-Exclusive,4538626.0,90636.0,15.75,AP,Active,157.5,12,0,0,12,12,0,13,0,0,23,0,15,12,12,15,12,20,20,20,10,12,12,15,15,HLLHLH,NNNANA,Low Achievement,20,0.00148864905098623,Fluctuating Performer,7.316666666666666,20,10.0,46.455026455026456,3.60063318651936,3.60063318651936,Tier 4,1500.0,1500.0,0.0,30000.0
SIPA233,Sri Vigneswara Agencies,Nellore,Kota,Non-Exclusive,4538626.0,71463.0,87.15,AP,Active,252.0,52,25,10,21,48,55,54,54,50,32,25,55,40,45,50,50,50,50,50,50,50,50,50,35,HHHLLH,AAANNA,Moderate Achievement,45,0.0033494603647190174,Consistently Strong Performer,40.18666666666667,45,34.583333333333336,46.11206731688659,19.776416262723192,19.776416262723192,Tier 1,2000.0,2400.0,400.0,108000.0
SIPA234,Lakshmi Iron & Cements,Prakasam,Chirala,Non-Exclusive,5954328.0,85626.0,176.4,AP,Active,336.0,103,68,48,50,48,53,60,91,0,0,0,0,45,55,60,50,50,50,50,35,50,30,20,0,LHLLLL,AANNNA,Target Not Set,0,0.0,Fluctuating Performer,43.57,0,52.5,24.699546485260772,21.44140154031643,21.44140154031643,Tier 1,2000.0,2000.0,0.0,0.0
SIPA235,Maddileti Agencies Nandyal,Kurnool,Nandyal,Exclusive,6203936.0,68852.0,217.35,AP,Active,1050.0,92,39,33,30,56,63,56,55,46,30,65,56,60,65,65,55,65,65,50,50,60,60,50,55,HHLLHH,AANNAA,Moderate Achievement,55,0.004093784890212133,Consistently Strong Performer,51.74583333333334,55,20.7,23.807606778621274,25.46484256456944,25.46484256456944,Tier 1,2000.0,2400.0,400.0,132000.0
SIPA236,Siva Sankar Traders,Prakasam,Cumbum,Non-Exclusive,5954328.0,48698.0,21.0,AP,Active,131.25,28,24,25,25,11,11,20,10,17,14,12,39,24,24,30,24,25,25,20,20,24,24,24,24,LLLLLH,ANNNNA,Low Achievement,25,0.0018608113137327876,Consistently Weak Performer,19.749166666666667,25,16.0,94.0436507936508,9.718838939330562,9.718838939330562,Tier 2,1835.0,1835.0,0.0,45880.0
SIPA237,Sri Sai Durga Traders,Guntur,Modukur,Non-Exclusive,6629265.0,6354.0,29.4,AP,Active,42.0,26,0,0,13,21,13,0,12,20,12,12,15,12,12,12,12,15,15,20,20,24,12,12,12,LHHLLH,NNNNNA,Low Achievement,15,0.0011164867882396724,Fluctuating Performer,11.993333333333332,15,70.0,40.79365079365079,5.902085742640846,5.902085742640846,Tier 3,1665.0,1665.0,0.0,24980.0
SIPA238,Kalyan Traders,Cuddapah,Jammalamadugu,Non-Exclusive,4111686.0,32257.0,2.1,AP,Active,241.5,0,13,0,0,13,12,0,0,12,6,0,12,0,12,10,10,10,10,10,10,12,5,5,5,LLHLLH,NNNANA,Low Achievement,15,0.0011164867882396724,Consistently Weak Performer,5.6125,15,0.8695652173913043,100.0,2.761989124283359,2.761989124283359,Tier 4,1500.0,1500.0,0.0,22500.0
SIPA241,Sree Ranga Traders Atmakur,Kurnool,Atmakur,Non-Exclusive,6203936.0,121731.0,45.15,AP,Active,157.5,20,20,22,0,23,20,0,20,20,0,20,0,15,15,15,20,20,20,20,20,20,20,20,20,LHHLHL,NAANNN,Low Achievement,25,0.0018608113137327876,Fluctuating Performer,13.740000000000002,25,28.666666666666668,30.431893687707646,6.761644644570754,6.761644644570754,Tier 2,1835.0,1835.0,0.0,45880.0
SIPA243,Sri Balaji Cement Agencies,Prakasam,Kandukuru,Non-Exclusive,5954328.0,44750.0,37.8,AP,Active,168.0,12,12,12,12,12,25,26,25,12,12,20,20,20,24,24,24,30,30,20,20,24,20,20,20,HHLLHL,AANNAN,Moderate Achievement,20,0.00148864905098623,Fluctuating Performer,16.772499999999997,20,22.499999999999996,44.37169312169312,8.253979970965279,8.253979970965279,Tier 2,1835.0,1835.0,0.0,36700.0
SIPA244,Sri Balaji Agencies,Guntur,Ponnur,Non-Exclusive,6629265.0,,122.85,AP,Active,367.5,51,54,30,25,25,25,49,21,49,20,50,20,50,50,50,50,50,50,50,50,50,40,40,62,HLHLHL,NNNNAN,Low Achievement,35,0.0026051358392259025,Fluctuating Performer,34.93416666666666,35,33.42857142857143,28.43644010310677,17.191588133494086,17.191588133494086,Tier 1,2000.0,2000.0,0.0,70000.0
SIPA249,MANIKANTA STEEL CEMENT AND HARDWARE,Krishna,GAMPALAGUDEM ,Non-Exclusive,6097627.0,79800.0,47.25,AP,Active,126.0,19,15,12,0,0,12,13,22,19,0,21,12,12,15,20,12,15,15,20,20,20,12,12,12,HHHLHL,NANNAA,Moderate Achievement,25,0.0018608113137327876,Emerging Performer,12.130833333333333,25,37.5,25.673721340388006,5.9697514004740695,5.9697514004740695,Tier 3,1665.0,1835.0,165.0,45880.0
SIPA250,JAYA LAKSHMI STEEL & CEMENT (M),Krishna,Machilipatnam,Non-Exclusive,6097627.0,69070.0,10.5,AP,Active,420.0,0,0,0,0,0,0,0,0,0,0,0,0,0,0,0,0,0,0,0,0,0,0,0,0,HHHHHH,AAAAAA,Target Not Set,0,0.0,Consistently Strong Performer,0.0,0,2.5,0.0,0.0,0.0,Tier 6,1165.0,1400.0,235.0,0.0
SIPA252,SRI RAJA RAJESWARI STEELS & CEMENT,Nellore,SULLURPET,Non-Exclusive,4538626.0,83760.0,26.25,AP,Active,210.0,20,7,0,10,14,0,15,13,0,15,0,0,12,15,15,15,15,15,10,10,12,12,12,0,HHLHLL,AANANA,Moderate Achievement,20,0.00148864905098623,Target-Oriented Performer,7.878333333333334,20,12.5,30.012698412698413,3.877037146395676,3.877037146395676,Tier 4,1500.0,1575.0,75.0,31500.0
SIPA253,BEERAN SAAB TRADERS,Anantapur,O.D. CHERUVU,Non-Exclusive,6321948.0,,15.75,AP,Active,84.0,0,0,6,0,0,0,0,0,0,0,0,0,5,12,12,12,10,10,10,10,0,0,0,0,LLLHHH,NNAAAA,Target Not Set,0,0.0,Target-Oriented Performer,0.5266666666666667,0,18.75,3.343915343915344,0.25917997424604056,0.25917997424604056,Tier 6,1165.0,1225.0,60.0,0.0
SIPA255,SRI SIRI TRADERS,Krishna,Avanigadda,Non-Exclusive,6097627.0,64723.0,27.3,AP,Active,126.0,12,0,0,0,0,0,0,0,0,0,0,0,10,12,12,12,10,10,10,10,12,10,10,10,LHHHHH,NNNNNN,Target Not Set,0,0.0,Emerging Performer,1.0125,0,21.666666666666668,3.708791208791209,0.4982652985900937,0.4982652985900937,Tier 6,1165.0,1285.0,115.0,0.0
SIPA257,SRI SRINIVASA ENTERPRISES,Krishna,Nagayalanka,Non-Exclusive,6097627.0,57220.0,11.55,AP,Active,73.5,24,0,12,0,4,11,11,0,11,0,12,13,10,12,12,12,10,10,10,10,12,12,12,12,HLHLHH,ANNNNA,Low Achievement,15,0.0011164867882396724,Emerging Performer,8.126666666666667,15,15.714285714285714,70.36075036075036,3.999245425391435,3.999245425391435,Tier 4,1500.0,1650.0,150.0,24750.0
SIPA260,SRI SRINIVASA AGENCIES,Guntur,NIJAMPATNAM,Non-Exclusive,6629265.0,80955.0,38.85,AP,Active,94.5,28,0,0,12,0,0,0,10,12,12,0,12,10,12,15,15,10,10,10,10,12,12,12,0,LHHHLH,NAANNA,Low Achievement,15,0.0011164867882396724,Emerging Performer,7.272499999999998,15,41.111111111111114,18.719433719433713,3.5788981570335365,3.5788981570335365,Tier 4,1500.0,1650.0,150.0,24750.0
SIPA263,BALA PRAGATHI TRADERS,Prakasam,YERRAGONDAPALEM,Non-Exclusive,5954328.0,64063.0,33.6,AP,Active,78.75,12,13,0,0,12,0,12,0,0,0,0,0,10,12,12,12,10,10,10,10,12,12,10,10,HLLLLL,ANNNNN,Target Not Set,0,0.0,Consistently Weak Performer,4.077500000000001,0,42.66666666666667,12.135416666666668,2.00659432592702,2.00659432592702,Tier 5,1335.0,1335.0,0.0,0.0
SIPA265,RAMANA STEEL,Anantapur,PAMIDI,Non-Exclusive,6321948.0,82189.0,23.1,AP,Active,105.0,15,0,10,0,11,10,20,23,0,0,11,19,15,15,20,20,20,20,20,20,20,10,20,20,HHLLHH,AANNNN,Low Achievement,25,0.0018608113137327876,Emerging Performer,9.874166666666667,25,22.0,42.74531024531025,4.859214422217302,4.859214422217302,Tier 3,1665.0,1835.0,165.0,45880.0
SIPA266,Dada And Co V Kota,Chittoor,V Kota,Non-Exclusive,6588204.0,101124.0,21.0,AP,Inactive,210.0,0,0,0,0,0,0,0,0,0,0,,,0,0,0,0,0,0,0,0,0,0,0,0,HHHHHH,AAAAAA,Target Not Set,0,0.0,Consistently Strong Performer,0.0,0,10.0,0.0,0.0,0.0,Tier 6,1165.0,1400.0,235.0,0.0
SIPA270,SRI SRINIVASA STEELS (T),Guntur,THULLUR,Non-Exclusive,6629265.0,61875.0,6.3,AP,Active,94.5,13,27,10,12,10,12,10,9,20,12,12,15,12,15,20,20,20,20,10,10,15,15,15,15,LLHLLH,ANANNA,Moderate Achievement,15,0.0011164867882396724,Fluctuating Performer,13.602500000000001,15,6.666666666666667,100.0,6.693978986737531,6.693978986737531,Tier 2,1835.0,1835.0,0.0,27520.0
SIPA271,Sri Kishore Traders,Nellore,UDAYAGIRI,Non-Exclusive,4538626.0,36378.0,13.65,AP,Active,63.0,0,0,0,0,12,12,0,12,12,0,12,0,0,0,0,0,0,10,10,10,10,10,10,12,LHHLHL,NAANAN,Moderate Achievement,15,0.0011164867882396724,Fluctuating Performer,4.9775,15,21.666666666666668,36.46520146520146,2.449496813562658,2.449496813562658,Tier 4,1500.0,1500.0,0.0,22500.0
SIPA273,VIZAG STEELS,Krishna,VIJAYAWADA,Non-Exclusive,6097627.0,141039.0,331.8,AP,Active,2100.0,71,25,32,3,21,29,0,21,0,29,20,31,20,30,35,30,20,20,35,35,35,22,22,22,LHLHHH,NNNANA,Low Achievement,30,0.002232973576479345,Emerging Performer,23.475833333333338,30,15.8,7.075296363271049,11.552783314058875,11.552783314058875,Tier 2,1835.0,2015.0,185.0,60450.0
SIPA274,M V STEEL TRADERS (C),Krishna,Challapalli,Non-Exclusive,6097627.0,70607.0,42.0,AP,Active,210.0,25,16,13,0,15,18,11,11,13,0,12,24,12,15,20,20,15,15,20,20,20,12,12,12,LLHLHH,NNNNAA,Low Achievement,20,0.00148864905098623,Fluctuating Performer,13.105000000000002,20,20.0,31.20238095238096,6.449152333850054,6.449152333850054,Tier 3,1665.0,1665.0,0.0,33300.0
SIPA275,KHAJA BANDE NAWAZ TRADERS,Kurnool,ORVAKAL,Exclusive,6203936.0,63306.0,10.5,AP,Active,42.0,21,12,0,0,0,16,12,13,12,12,13,0,20,20,20,20,15,15,10,10,12,12,12,12,HHHHHL,AAAAAN,High Achievement,20,0.00148864905098623,Consistently Strong Performer,9.305000000000001,20,25.0,88.61904761904763,4.579119608277356,4.579119608277356,Tier 3,1665.0,2000.0,335.0,40000.0
SIPA276,NAGA SAI STEEL CORPORATION,Guntur,PIDUGURALLA,Non-Exclusive,6629265.0,59216.0,33.6,AP,Active,147.0,23,0,0,15,11,10,11,8,6,0,13,12,12,15,15,15,10,10,10,10,12,12,12,12,HHLLHH,ANNNAN,Low Achievement,15,0.0011164867882396724,Emerging Performer,9.045,15,22.857142857142858,26.919642857142854,4.451170000738171,4.451170000738171,Tier 3,1665.0,1835.0,165.0,27520.0
SIPA278,SRI MUTHUMARIYAMMAN TRADERS,Chittoor,PAKALA,Non-Exclusive,6588204.0,78232.0,30.45,AP,Active,63.0,0,10,12,12,12,10,10,10,0,9,0,10,10,12,12,12,10,10,10,10,12,12,12,12,HLLLLH,AANNNN,Low Achievement,15,0.0011164867882396724,Consistently Weak Performer,8.020833333333334,15,48.333333333333336,26.340996168582375,3.9471633736046523,3.9471633736046523,Tier 4,1500.0,1500.0,0.0,22500.0
SIPA281,Maha Ganapathi Steels,Guntur,Narasaraopet,Non-Exclusive,6629265.0,95698.0,79.8,AP,Active,682.5,20,0,20,0,25,0,0,0,0,0,0,0,12,20,25,25,15,15,20,20,24,10,10,0,LLLLLH,NNNNNA,Target Not Set,0,0.0,Consistently Weak Performer,5.425,0,11.692307692307692,6.798245614035088,2.669717772692601,2.669717772692601,Tier 4,1500.0,1500.0,0.0,0.0
SIPA282,SHOAIB STEELS,Anantapur,GOOTY,Non-Exclusive,6321948.0,88887.0,65.1,AP,Active,231.0,50,29,26,20,18,46,52,24,22,20,27,25,45,50,45,40,50,50,50,50,50,30,40,40,HLLLLL,ANNNNN,Low Achievement,30,0.002232973576479345,Consistently Weak Performer,29.86166666666666,30,28.18181818181818,45.870455709165384,14.695340501792112,14.695340501792112,Tier 1,2000.0,2000.0,0.0,60000.0
SIPA287,SAI KEERTHI ENTERPRISES,Krishna,BANTUMILLI ,Non-Exclusive,6097627.0,53237.0,33.6,AP,Active,105.0,13,12,0,0,13,12,11,12,0,0,12,0,10,12,12,12,10,10,10,10,12,12,12,12,HHLLHL,AANNNN,Low Achievement,15,0.0011164867882396724,Fluctuating Performer,7.123333333333332,15,32.0,21.200396825396822,3.5054911706568896,3.5054911706568896,Tier 4,1500.0,1500.0,0.0,22500.0
SIPA289,Sri Surya Cement & Steels,Srikakulam,Sompeta,Non-Exclusive,4798722.0,78908.0,21.0,AP,Inactive,52.5,0,0,0,0,0,0,0,0,0,0,,,10,0,0,0,0,0,0,0,0,0,0,0,HHHHHH,AAAAAA,Target Not Set,0,0.0,Consistently Strong Performer,0.0,0,40.0,0.0,0.0,0.0,Tier 6,1165.0,1400.0,235.0,0.0
SIPA290,Sai Steels,Kurnool,Adhoni,Non-Exclusive,6203936.0,102942.0,57.75,AP,Active,262.5,0,54,0,30,0,25,0,0,0,0,0,,20,25,24,24,25,25,35,35,35,0,0,0,LLLLLL,NNNAAA,Target Not Set,0,0.0,Fluctuating Performer,9.133333333333333,0,22.0,15.815295815295816,4.494640059709816,4.494640059709816,Tier 3,1665.0,1665.0,0.0,0.0
SIPA291,HSN Cement and Steels,Chittoor,Kalikiri,Non-Exclusive,6588204.0,61794.0,36.75,AP,Active,115.5,0,24,0,0,25,0,25,0,10,0,0,0,20,25,25,25,25,25,20,20,24,20,20,20,HLHLLL,ANNNNN,Target Not Set,0,0.0,Consistently Weak Performer,7.0683333333333325,0,31.818181818181817,19.233560090702944,3.4784249075236002,3.4784249075236002,Tier 4,1500.0,1500.0,0.0,0.0
SIPA300,Sri Venkateswara Fertilizers,Chittoor,Pichatoor,Non-Exclusive,6588204.0,36144.0,19.95,AP,Active,78.75,26,12,0,0,20,0,0,20,0,19,25,0,20,20,25,20,20,20,20,20,24,12,12,12,LHLHHL,NNNAAN,Low Achievement,25,0.0018608113137327876,Fluctuating Performer,10.143333333333333,25,25.33333333333333,50.843776106934,4.991675073612034,4.991675073612034,Tier 3,1665.0,1665.0,0.0,41620.0
SIPA302,Sesha Sai Traders,West Godavari,Tadepalligudem,Non-Exclusive,6422436.0,88256.0,63.0,AP,Active,210.0,0,3,3,4,15,12,13,13,12,15,15,12,15,15,15,10,10,10,10,10,12,12,12,19,HHHHHL,AAAAAN,High Achievement,20,0.00148864905098623,Consistently Strong Performer,9.8725,20,30.0,15.670634920634921,4.858394232425383,4.858394232425383,Tier 3,1665.0,2000.0,335.0,40000.0
SIPA308,Mahalakshmi Steel Enterprises,West Godavari,Narsapuram,Non-Exclusive,6422436.0,,49.35,AP,Active,472.5,13,25,0,14,18,20,0,16,0,32,15,28,12,20,15,20,10,10,10,10,15,12,15,19,LHLHHH,NANAAA,Moderate Achievement,30,0.002232973576479345,Consistently Strong Performer,15.021666666666667,30,10.444444444444445,30.43904086457278,7.3923705945555795,7.3923705945555795,Tier 2,1835.0,2200.0,365.0,66000.0
SIPA309,Basha Agencies,Nellore,Naidupeta,Non-Exclusive,4538626.0,79648.0,50.4,AP,Active,262.5,0,26,41,0,56,0,0,22,34,24,40,102,30,30,40,40,45,45,50,35,40,20,20,51,LHHHHH,NNNAAA,Moderate Achievement,60,0.00446594715295869,Emerging Performer,28.7825,60,19.2,57.108134920634924,14.164267611525306,14.164267611525306,Tier 1,2000.0,2200.0,200.0,132000.0
SIPA310,SRI VENKATA SAI STEELS,Prakasam,Kandukur,Non-Exclusive,5954328.0,,85.05,AP,Active,168.0,63,9,0,12,27,32,24,20,25,10,28,35,20,24,24,24,30,30,20,20,24,24,20,20,HHHLHH,AAANAA,High Achievement,35,0.0026051358392259025,Consistently Strong Performer,23.832499999999996,35,50.625,28.021751910640795,11.728303929529291,11.728303929529291,Tier 2,1835.0,2200.0,365.0,77000.0
SIPA314,Vali Enterprises,Kurnool,Bethamcherla,Non-Exclusive,6203936.0,88726.0,5.25,AP,Inactive,105.0,0,0,0,0,0,0,0,0,0,0,,,0,0,0,0,0,0,0,0,0,0,0,0,HHHHHH,AAAAAA,Target Not Set,0,0.0,Consistently Strong Performer,0.0,0,5.0,0.0,0.0,0.0,Tier 6,1165.0,1400.0,235.0,0.0
SIPA315,Vemuri Steels,Krishna,Tiruvuru,Non-Exclusive,6097627.0,76731.0,40.95,AP,Active,147.0,40,12,13,0,14,16,0,22,0,0,32,0,12,20,20,12,15,15,20,10,20,15,15,15,LHLLHL,NANNAN,Low Achievement,30,0.002232973576479345,Consistently Weak Performer,12.410833333333334,30,27.857142857142858,30.30728530728531,6.107543285516269,6.107543285516269,Tier 3,1665.0,1665.0,0.0,49950.0
SIPA316,Sri Uma Maheswara Cement Traders,Kurnool,Peapully,Non-Exclusive,6203936.0,,5.25,AP,Inactive,42.0,0,0,0,0,0,0,0,0,0,0,,,0,0,0,0,0,0,0,0,0,0,0,0,HHHHHH,AAAAAA,Target Not Set,0,0.0,Consistently Strong Performer,0.0,0,12.5,0.0,0.0,0.0,Tier 6,1165.0,1400.0,235.0,0.0
SIPA317,CHALLA VENKATA SUBBAIAH AND COMPANY,Krishna,Krishna,Exclusive,6097627.0,,23.1,AP,Active,2100.0,0,13,12,0,14,0,13,12,12,0,13,0,12,12,24,24,15,15,10,10,12,12,12,12,HHHLHL,AAANAN,Moderate Achievement,15,0.0011164867882396724,Consistently Strong Performer,7.506666666666667,15,1.1,32.496392496392495,3.694134822797995,3.694134822797995,Tier 4,1500.0,1800.0,300.0,27000.0
SIPA318,URUKUNDU ERANNA SWAMY AGENCIES,Kurnool,PATTIKONDA,Non-Exclusive,6203936.0,98304.0,21.0,AP,Active,73.5,15,0,25,0,0,8,24,0,0,20,0,15,15,20,25,25,22,22,20,20,20,10,15,15,HLLHLH,ANNANA,Moderate Achievement,25,0.0018608113137327876,Fluctuating Performer,8.896666666666667,25,28.57142857142857,42.36507936507937,4.378173109257482,4.378173109257482,Tier 3,1665.0,1665.0,0.0,41620.0
SIPA319,Gayatri Steels,East Godavari,Samarlakota,Non-Exclusive,8274560.0,,114.45,AP,Active,420.0,33,38,13,16,30,36,28,26,60,30,90,35,30,50,60,60,25,25,25,20,30,30,30,112,HLHLHL,AAANAN,Moderate Achievement,60,0.00446594715295869,Target-Oriented Performer,36.11666666666667,60,27.250000000000004,31.556720547546234,17.773512790859805,17.773512790859805,Tier 1,2000.0,2100.0,100.0,126000.0
SIPA320,VANAMA APPANNA & SONS IRON COMPANY,Guntur,Guntur,Non-Exclusive,6629265.0,131781.0,60.9,AP,Active,1260.0,30,12,0,13,25,0,12,12,12,13,15,14,25,25,30,30,30,30,35,20,24,15,15,19,LHHHHH,NNNNAN,Low Achievement,20,0.00148864905098623,Emerging Performer,13.255833333333333,20,4.833333333333333,21.76655719759168,6.523379510018618,6.523379510018618,Tier 3,1665.0,1835.0,165.0,36700.0
SIPA321,LALITHA SAI TRADERS,Prakasam,Parchur,Non-Exclusive,5954328.0,68043.0,37.8,AP,Active,105.0,8,10,0,9,21,25,20,20,20,15,22,11,15,15,15,15,20,20,20,20,24,24,20,24,HHHLHL,ANNNAN,Low Achievement,20,0.00148864905098623,Emerging Performer,15.085,20,36.0,39.90740740740741,7.423537806648459,7.423537806648459,Tier 2,1835.0,2015.0,185.0,40300.0
SIPA323,SREE AKSHAY BUILDING NEEDS,Anantapur,GUNTAKAL,Non-Exclusive,6321948.0,45385.0,4.2,AP,Active,178.5,0,0,0,0,0,0,0,0,0,0,0,0,20,30,20,20,0,0,0,0,0,0,0,0,HHHHHH,AAAAAA,Target Not Set,0,0.0,Consistently Strong Performer,0.0,0,2.3529411764705883,0.0,0.0,0.0,Tier 6,1165.0,1400.0,235.0,0.0
SIPA324,Sri Balaji Traders (T),Anantapur,Thimmampalli,Non-Exclusive,6321948.0,,15.75,AP,Active,52.5,0,0,0,0,10,10,9,0,10,0,10,0,5,5,5,10,10,10,10,10,10,12,12,12,HLHLHL,NNNNNN,No Achievement,10,0.000744324525493115,Fluctuating Performer,4.1825,10,30.0,26.555555555555554,2.058266282817844,2.058266282817844,Tier 5,1335.0,1335.0,0.0,13350.0
SIPA325,SRI SAI NARESH TRADERS,Chittoor,Chinnathippa Samudram,Non-Exclusive,6588204.0,9823.0,23.1,AP,Active,42.0,0,0,0,0,0,0,0,0,0,0,0,0,10,10,10,10,0,0,0,0,0,0,0,0,HHHHHH,AAAAAA,Target Not Set,0,0.0,Consistently Strong Performer,0.0,0,55.00000000000001,0.0,0.0,0.0,Tier 6,1165.0,1400.0,235.0,0.0
SIPA327,SRI KRISHNA CEMENTS & IRON,Krishna,GUDIVADA,Non-Exclusive,6097627.0,49571.0,37.8,AP,Active,420.0,0,0,0,0,17,0,0,0,0,0,24,13,15,12,20,20,17,17,10,10,12,5,5,5,LLLLHH,NNNNAA,Low Achievement,25,0.0018608113137327876,Consistently Weak Performer,4.460833333333333,25,9.0,11.801146384479718,2.195237978068125,2.195237978068125,Tier 4,1500.0,1500.0,0.0,37500.0
SIPA328,Aditya Enterprises Nidadavole,West Godavari,Nidadavole,Non-Exclusive,6422436.0,70436.0,36.75,AP,Active,157.5,,13,0,0,0,0,0,0,0,0,0,0,0,5,10,12,10,10,10,10,0,0,0,0,LLHHHH,NNAAAA,Target Not Set,0,0.0,Consistently Strong Performer,1.0483333333333333,0,23.333333333333332,2.852607709750567,0.5158993791163275,0.5158993791163275,Tier 6,1165.0,1400.0,235.0,0.0
SIPA329,SREE RAMA STEELS,Cuddapah,Proddatur,Non-Exclusive,4111686.0,96162.0,152.25,AP,Active,735.0,86,61,50,25,30,31,34,0,31,30,40,41,70,70,70,70,80,80,80,80,80,40,40,40,LLHHHH,NNNNAA,Low Achievement,40,0.00297729810197246,Emerging Performer,38.19333333333333,40,20.714285714285715,25.085933223864252,18.795469271589443,18.795469271589443,Tier 1,2000.0,2200.0,200.0,88000.0
SIPA330,SRI VENKATARAMANA IRON AND HARDWARE,Prakasam,Pamuru,Non-Exclusive,5954328.0,63017.0,39.9,AP,Active,210.0,30,12,14,13,21,23,12,13,24,11,20,21,15,15,20,20,18,18,20,10,17,17,17,15,LLHLHH,NAANAA,Moderate Achievement,20,0.00148864905098623,Target-Oriented Performer,17.874166666666667,20,19.0,44.797410192147034,8.79612542342298,8.79612542342298,Tier 2,1835.0,1925.0,90.0,38500.0
SIPA331,M.B.S TRADERS,Krishna,MACHILIPATNAM,Non-Exclusive,6097627.0,69070.0,22.05,AP,Active,420.0,28,12,16,14,17,16,0,13,12,13,12,12,12,12,15,15,15,15,20,20,20,12,12,12,LHLHHH,NNNANN,Low Achievement,15,0.0011164867882396724,Emerging Performer,13.75,15,5.250000000000001,62.358276643990926,6.76656578332226,6.76656578332226,Tier 2,1835.0,2015.0,185.0,30220.0
SIPA332,SAI SUDHA STEELS,Krishna,Vijayawada,Non-Exclusive,6097627.0,141039.0,148.05,AP,Active,2100.0,12,13,12,0,21,13,11,15,10,12,0,12,12,20,24,24,20,20,20,20,24,12,12,12,LHLHLH,NNNNNA,Low Achievement,15,0.0011164867882396724,Fluctuating Performer,10.866666666666667,15,7.050000000000001,7.339862659011595,5.3476374433043805,5.3476374433043805,Tier 3,1665.0,1665.0,0.0,24980.0
SIPA333,KR STEELS AND CEMENT,Prakasam,Singarayakonda,Non-Exclusive,5954328.0,70708.0,98.7,AP,Active,189.0,38,41,25,25,30,39,33,26,14,12,26,67,25,30,40,40,40,40,35,35,40,35,25,24,HLLLHH,NNNNAA,Low Achievement,40,0.00297729810197246,Fluctuating Performer,31.1775,40,52.22222222222223,31.588145896656535,15.342880342511256,15.342880342511256,Tier 1,2000.0,2000.0,0.0,80000.0
SIPA334,DSR & CO,Guntur,REPALLE,Non-Exclusive,6629265.0,61123.0,87.15,AP,Active,315.0,32,19,12,0,18,11,21,12,0,11,12,15,20,20,24,24,25,25,20,20,20,15,15,15,HLLHLH,ANNNNA,Low Achievement,15,0.0011164867882396724,Fluctuating Performer,13.79333333333333,15,27.666666666666668,15.827117995792689,6.787890717912122,6.787890717912122,Tier 2,1835.0,1835.0,0.0,27520.0
SIPA336,SRI RAGHAVENDRA STEEL CORPORATION,Guntur,TENALI,Non-Exclusive,6629265.0,75094.0,154.35,AP,Active,441.0,25,12,0,9,0,24,9,7,0,12,12,20,20,20,30,24,22,22,20,20,24,20,20,15,LLLHHH,NNNNNA,Low Achievement,20,0.00148864905098623,Fluctuating Performer,10.785833333333334,20,35.0,6.987906273620561,5.307858238396365,5.307858238396365,Tier 3,1665.0,1665.0,0.0,33300.0
SIPA338,DEVI STEELS,Guntur,Sattenapalli,Non-Exclusive,6629265.0,73887.0,98.7,AP,Active,210.0,0,20,0,0,0,12,0,0,0,12,0,0,25,25,30,30,25,25,20,20,24,5,5,12,LLLHLL,NNNANN,Low Achievement,15,0.0011164867882396724,Consistently Weak Performer,3.700833333333333,15,47.0,3.7495778453225257,1.8212314329535855,1.8212314329535855,Tier 5,1335.0,1335.0,0.0,20020.0
SIPA339,Sri Balaji Agencies (B),Guntur,Bapatla,Non-Exclusive,6629265.0,73048.0,140.7,AP,Active,210.0,45,26,28,26,0,23,20,24,25,28,28,15,40,45,50,50,40,40,50,35,35,24,24,35,LHHHHL,NNNAAN,Low Achievement,30,0.002232973576479345,Emerging Performer,24.00583333333333,30,67.0,17.061715233357024,11.813603667888747,11.813603667888747,Tier 1,2000.0,2200.0,200.0,66000.0
SIPA340,DADAPEER IRON MART,Anantapur,PENUKONDA,Non-Exclusive,6321948.0,82765.0,11.55,AP,Active,105.0,0,0,0,0,0,0,0,0,0,0,0,0,10,20,20,20,10,10,0,0,0,0,0,0,HHHHHH,AAAAAA,Target Not Set,0,0.0,Consistently Strong Performer,0.0,0,11.0,0.0,0.0,0.0,Tier 6,1165.0,1400.0,235.0,0.0
SIPA342,ANJANEYA STEEL & CEMENTS,Krishna,Machilipatnam,Non-Exclusive,6097627.0,69070.0,51.45,AP,Active,420.0,27,15,0,0,11,13,19,16,0,11,12,0,15,15,20,20,20,20,20,20,20,12,12,12,HHLHHL,NNNNAN,Low Achievement,15,0.0011164867882396724,Emerging Performer,10.3425,15,12.250000000000002,20.10204081632653,5.089687753746216,5.089687753746216,Tier 3,1665.0,1835.0,165.0,27520.0
SIPA343,SREE LAKSHMI TRADERS,Chittoor,Chittoor,Non-Exclusive,6588204.0,59060.0,147.0,AP,Active,735.0,39,35,23,16,25,40,20,40,20,23,20,30,45,45,50,50,45,45,50,50,50,30,30,30,LHLLLH,NNNNNA,Low Achievement,30,0.002232973576479345,Consistently Weak Performer,27.687500000000004,30,20.0,18.835034013605444,13.62540291823528,13.62540291823528,Tier 1,2000.0,2000.0,0.0,60000.0
SIPA344,SRIRAM STEEL AND CEMENT,Krishna,Vissannapeta,Non-Exclusive,6097627.0,77650.0,36.75,AP,Active,68.25,11,0,12,0,12,0,0,12,0,0,12,0,5,12,10,10,10,10,10,10,12,12,12,12,LHLLHL,NANNAN,Low Achievement,15,0.0011164867882396724,Consistently Weak Performer,4.935,15,53.84615384615385,13.428571428571429,2.4285819738687526,2.4285819738687526,Tier 4,1500.0,1500.0,0.0,22500.0
SIPA345,SREE NARAYANA SWAMY STEEL SYNDICATE,Prakasam,Kanigiri,Non-Exclusive,5954328.0,92466.0,52.5,AP,Active,147.0,48,10,10,13,25,30,21,13,24,11,19,24,15,20,24,20,20,20,20,20,24,24,24,24,LLHLLH,ANANNA,Moderate Achievement,25,0.0018608113137327876,Fluctuating Performer,20.83,25,35.714285714285715,39.67619047619047,10.250732019389284,10.250732019389284,Tier 2,1835.0,1835.0,0.0,45880.0
SIPA346,Onkar Sri Jagannadh Traders,West Godavari,Chintalpudi,Non-Exclusive,6422436.0,,54.6,AP,Active,126.0,0,0,12,7,26,22,21,37,15,0,40,11,12,12,15,12,10,10,10,10,15,15,15,50,HHLLHL,AANNAN,Moderate Achievement,30,0.002232973576479345,Fluctuating Performer,15.994999999999997,30,43.333333333333336,29.294871794871792,7.871361433035602,7.871361433035602,Tier 2,1835.0,1835.0,0.0,55050.0
SIPA347,SURAKSHA STEELS & CEMENT,Nellore,Atmakur,Non-Exclusive,4538626.0,90636.0,0.0,AP,Active,157.5,13,13,13,13,26,27,22,23,0,21,15,15,20,20,24,25,30,30,20,20,24,20,20,20,HHLHLL,AANANN,Moderate Achievement,20,0.00148864905098623,Fluctuating Performer,16.66,20,0.0,100.0,8.198617160010826,8.198617160010826,Tier 2,1835.0,1835.0,0.0,36700.0
SIPA349,MAADHURI STEELS AND CEMENTS,Prakasam,ONGOLE,Exclusive,5954328.0,48376.0,19.95,AP,Active,525.0,0,0,19,0,13,21,0,0,14,0,0,0,15,15,20,20,20,20,20,20,15,10,10,0,LLHLLL,NNNNNA,Target Not Set,0,0.0,Consistently Weak Performer,5.565833333333333,0,3.8,27.898913951545527,2.739023810109659,2.739023810109659,Tier 4,1500.0,1500.0,0.0,0.0
SIPA350,Sri Venkata Durga Traders,Visakhapatnam,Narsipatnam,Non-Exclusive,4845879.0,91612.0,172.2,AP,Active,210.0,16,0,5,0,0,13,0,0,5,0,13,0,15,20,15,12,10,10,10,10,12,5,5,16,LLHLHL,NNNNAN,Low Achievement,15,0.0011164867882396724,Consistently Weak Performer,4.383333333333334,15,82.0,2.5454897406116923,2.157099152743945,2.157099152743945,Tier 5,1335.0,1335.0,0.0,20020.0
SIPA351,MAHALAKSHMI GENERAL TRADERS,Krishna,NIDUMOLU,Non-Exclusive,6097627.0,5999.0,15.75,AP,Active,84.0,12,12,0,0,8,0,11,6,0,0,12,0,10,12,12,12,10,10,10,10,12,12,12,12,HHLLHL,ANNNAN,Low Achievement,15,0.0011164867882396724,Fluctuating Performer,5.078333333333333,15,18.75,32.24338624338624,2.499118295973688,2.499118295973688,Tier 4,1500.0,1500.0,0.0,22500.0
SIPA352,Parameswari Steel Traders,Visakhapatnam,Ramatakies - Vizag Town,Non-Exclusive,4845879.0,,211.05,AP,Active,5000.0,0,0,5,4,0,15,0,0,0,0,0,0,10,5,5,5,10,10,10,10,10,5,5,0,LLLLLL,NNNNNA,Target Not Set,0,0.0,Consistently Weak Performer,1.9733333333333334,0,4.221,0.9350075021716812,0.971104713630734,0.971104713630734,Tier 5,1335.0,1335.0,0.0,0.0
SIPA353,Sree Venkateshwara Home Needs,Anantapur,Kundurpi,Non-Exclusive,6321948.0,64696.0,6.3,AP,Inactive,42.0,0,0,0,0,0,0,0,0,0,0,,,5,0,0,0,0,0,0,0,0,0,0,0,HHHHHH,AAAAAA,Target Not Set,0,0.0,Consistently Strong Performer,0.0,0,15.0,0.0,0.0,0.0,Tier 6,1165.0,1400.0,235.0,0.0
SIPA354,B T TRADERS,Guntur,BHATTIPROLU,Non-Exclusive,6629265.0,61344.0,26.25,AP,Active,73.5,12,12,0,0,13,14,0,0,0,0,12,24,10,12,12,12,10,10,10,10,10,6,6,15,LLLLHH,NNNNAA,Low Achievement,25,0.0018608113137327876,Consistently Weak Performer,7.249166666666667,25,35.714285714285715,27.61587301587302,3.5674154999466876,3.5674154999466876,Tier 4,1500.0,1500.0,0.0,37500.0
SIPA356,SRI SIVAGANESH TRADERS,Cuddapah,Kalasipadu,Non-Exclusive,4111686.0,35826.0,19.95,AP,Active,31.5,0,12,12,13,0,0,12,13,13,12,13,0,5,12,12,12,10,10,10,10,10,12,12,12,HHHHHL,AAANAN,Moderate Achievement,15,0.0011164867882396724,Consistently Strong Performer,8.4175,15,63.33333333333333,42.192982456140356,4.1423685440811004,4.1423685440811004,Tier 4,1500.0,1800.0,300.0,27000.0
SIPA357,TIRUMALA AGENCIES,Cuddapah,Sundupalli,Non-Exclusive,4111686.0,72155.0,16.8,AP,Active,105.0,0,16,25,0,25,30,0,0,12,0,12,25,15,20,20,20,20,20,20,20,25,12,12,12,LLLLHH,NNNNAA,Low Achievement,20,0.00148864905098623,Consistently Weak Performer,12.12,20,16.0,72.14285714285712,5.964420166826603,5.964420166826603,Tier 3,1665.0,1665.0,0.0,33300.0
SIPA361,KAARTHIKEYA TRADERS,Prakasam,MARKAPUR,Non-Exclusive,5954328.0,51892.0,59.85,AP,Active,336.0,27,0,13,0,0,12,24,13,0,11,0,12,15,20,24,20,20,20,20,20,20,20,20,20,HHLHLH,ANNNNN,Low Achievement,15,0.0011164867882396724,Emerging Performer,9.2325,15,17.8125,15.426065162907268,4.543441352328928,4.543441352328928,Tier 3,1665.0,1835.0,165.0,27520.0
SIPA362,VINAYAKA STEEL AND TILES,Guntur,CHERUKUPALLI,Non-Exclusive,6629265.0,60385.0,35.7,AP,Active,105.0,13,0,0,12,12,13,6,0,0,0,0,0,12,12,12,12,10,10,10,10,10,10,10,0,LLLLLL,NNNNNA,Target Not Set,0,0.0,Consistently Weak Performer,4.62,0,34.0,12.941176470588234,2.2735661031962793,2.2735661031962793,Tier 4,1500.0,1500.0,0.0,0.0
SIPA363,RAGHU RAM STEEL TRADERS,Krishna,VIJAYAWADA,Non-Exclusive,6097627.0,141039.0,473.55,AP,Active,2100.0,13,48,27,16,41,78,58,72,78,52,51,84,30,35,60,45,40,40,50,50,55,50,50,50,HHHLLH,AAAAAA,High Achievement,75,0.005582433941198363,Consistently Strong Performer,51.409166666666664,75,22.55,10.856122197585611,25.299164226602034,25.299164226602034,Tier 1,2000.0,2400.0,400.0,180000.0
SIPA364,NAGARJUNA AGENCIES,Cuddapah,CHITVEL,Non-Exclusive,4111686.0,51047.0,26.25,AP,Active,105.0,0,25,25,16,25,25,0,24,21,0,0,0,20,25,25,25,25,25,20,20,24,20,20,20,LHHLLL,NANNNN,Target Not Set,0,0.0,Consistently Weak Performer,13.423333333333334,0,25.0,51.13650793650793,6.605808584106362,6.605808584106362,Tier 2,1835.0,1835.0,0.0,0.0
SIPA365,SRI SAI TRADERS,Chittoor,PENUMURU MAIN ROAD,Non-Exclusive,6588204.0,,21.0,AP,Active,47.25,8,0,0,0,0,0,0,0,0,0,0,0,5,0,0,0,0,0,0,0,0,0,0,0,LHHHHH,AAAAAA,Target Not Set,0,0.0,Consistently Strong Performer,0.6933333333333334,0,44.44444444444444,3.301587301587302,0.3411989534378255,0.3411989534378255,Tier 6,1165.0,1400.0,235.0,0.0
SIPA367,SRI SAI SRINIVASA TRADERS,Prakasam,PODILI,Non-Exclusive,5954328.0,67017.0,29.4,AP,Active,126.0,25,0,13,0,14,12,14,23,15,12,11,0,12,12,12,12,10,10,10,10,15,15,15,14,HHHLLL,AANNNN,Low Achievement,15,0.0011164867882396724,Declining Performer,11.554166666666669,15,23.333333333333332,39.2998866213152,5.685965732470494,5.685965732470494,Tier 3,1665.0,1665.0,0.0,24980.0
SIPA368,NAGA SAI ASSOCIATES,Guntur,PIDUGURALLA,Non-Exclusive,6629265.0,59216.0,28.35,AP,Active,147.0,23,15,16,0,22,20,18,11,6,13,6,13,15,15,15,15,20,20,20,20,24,15,15,12,HLLHLH,NNNNNA,Low Achievement,15,0.0011164867882396724,Fluctuating Performer,13.535000000000004,15,19.28571428571429,47.74250440917109,6.660761300164859,6.660761300164859,Tier 2,1835.0,1835.0,0.0,27520.0
SIPA369,Sri Lakshmi Timber Depot,Krishna,Gudivada,Non-Exclusive,6097627.0,49571.0,29.4,AP,Inactive,420.0,5,0,0,0,0,0,0,0,0,0,,,12,0,0,0,0,0,0,0,0,0,0,0,LHHHHH,AAAAAA,Target Not Set,0,0.0,Consistently Strong Performer,0.4083333333333334,0,6.999999999999999,1.388888888888889,0.2009464990198732,0.2009464990198732,Tier 6,1165.0,1400.0,235.0,0.0
SIPA370,Jai Siddhi Bhavani Steels And Cements,East Godavari,Pasarlapudi Badva,Non-Exclusive,8274560.0,,42.0,AP,Inactive,262.5,0,0,0,0,0,0,0,0,0,0,,,0,0,5,0,0,0,0,0,0,0,0,0,HHHHHH,AAAAAA,Target Not Set,0,0.0,Consistently Strong Performer,0.0,0,16.0,0.0,0.0,0.0,Tier 6,1165.0,1400.0,235.0,0.0
SIPA371,Srinivasa Trading Co,Srikakulam,Rajam,Non-Exclusive,4798722.0,54332.0,158.55,AP,Active,262.5,13,15,36,16,15,16,0,0,0,0,13,14,10,12,10,20,10,10,10,10,15,12,12,17,LLLLHH,NNNNAN,Low Achievement,20,0.00148864905098623,Consistently Weak Performer,11.511666666666665,20,60.400000000000006,7.260590770524544,5.665050892776588,5.665050892776588,Tier 3,1665.0,1665.0,0.0,33300.0
SIPA373,S S Enterprises,East Godavari,Tapeswaram,Exclusive,8274560.0,7411.0,32.55,AP,Active,367.5,0,41,21,21,30,28,30,0,51,30,60,89,30,40,50,40,25,25,25,20,30,25,25,75,HLHHHH,ANAAAA,High Achievement,70,0.005210271678451805,Consistently Strong Performer,33.40916666666667,70,8.857142857142856,100.0,16.44111447388926,16.44111447388926,Tier 1,2000.0,2400.0,400.0,168000.0
SIPA374,Lakshmi Enterprises,Srikakulam,Narasannapeta,Non-Exclusive,4798722.0,77321.0,73.5,AP,Inactive,420.0,0,0,0,0,0,0,0,0,0,0,,,0,0,0,0,0,0,0,0,0,0,0,0,HHHHHH,AAAAAA,Target Not Set,0,0.0,Consistently Strong Performer,0.0,0,17.5,0.0,0.0,0.0,Tier 6,1165.0,1400.0,235.0,0.0
SIPA375,PARAMESWARI TRADERS,Guntur,Gullapalli,Non-Exclusive,6629265.0,,50.4,AP,Active,73.5,15,13,20,12,0,13,12,12,11,11,12,13,12,12,15,15,10,10,10,10,12,12,12,15,LHLHHH,AANNNN,Low Achievement,15,0.0011164867882396724,Emerging Performer,12.0025,15,68.57142857142857,23.814484126984127,5.906596786496395,5.906596786496395,Tier 3,1665.0,1835.0,165.0,27520.0
SIPA377,RENUKA STEEL AND CEMENT,Chittoor,MULAKALACHERUVU,Non-Exclusive,6588204.0,53772.0,28.35,AP,Active,78.75,0,20,0,13,15,14,0,15,15,13,13,16,12,12,12,12,10,10,10,10,12,12,12,12,LHHHHH,NAAAAA,High Achievement,20,0.00148864905098623,Consistently Strong Performer,11.226666666666667,20,36.00000000000001,39.600235155790706,5.524798438358635,5.524798438358635,Tier 3,1665.0,2000.0,335.0,40000.0
SIPA378,SRI RAGAVENDRA TRADERS,Prakasam,ULAVAPADU,Non-Exclusive,5954328.0,53918.0,28.35,AP,Active,63.0,12,12,13,0,12,13,0,12,0,11,12,12,10,12,12,12,10,10,10,10,10,10,10,12,LHLHHH,NANAAN,Moderate Achievement,15,0.0011164867882396724,Emerging Performer,9.0525,15,45.0,31.931216931216934,4.454860854801801,4.454860854801801,Tier 3,1665.0,1835.0,165.0,27520.0
SIPA379,SRI GURU LAKSHMI NARAYANA TRADERS,Kurnool,KOLAKUNTLA,Non-Exclusive,6203936.0,,25.2,AP,Active,73.5,16,14,0,0,0,0,0,0,0,0,0,0,15,15,15,15,20,20,20,20,0,0,0,0,LLHHHH,NNAAAA,Target Not Set,0,0.0,Consistently Strong Performer,2.5016666666666665,0,34.285714285714285,9.927248677248675,1.2311048776686924,1.2311048776686924,Tier 5,1335.0,1600.0,265.0,0.0
SIPA381,M S TRADERS,Anantapur,PARIGI,Non-Exclusive,6321948.0,70839.0,9.45,AP,Active,42.0,0,9,5,0,0,0,0,0,0,0,0,0,5,12,12,12,10,10,10,10,10,10,0,0,LLLHHH,NNNNAA,Target Not Set,0,0.0,Fluctuating Performer,1.1775,0,22.499999999999996,12.460317460317462,0.5794640879899609,0.5794640879899609,Tier 5,1335.0,1335.0,0.0,0.0
SIPA382,SRI VENKATESWARA TRADERS,Chittoor,SANTHIPURAM,Non-Exclusive,6588204.0,61789.0,33.6,AP,Active,105.0,7,0,0,11,9,20,10,13,12,12,12,10,10,12,15,15,10,10,10,10,12,12,12,12,HHHLLL,NANNAN,Low Achievement,15,0.0011164867882396724,Fluctuating Performer,9.706666666666665,15,32.0,28.888888888888882,4.776785348129557,4.776785348129557,Tier 3,1665.0,1665.0,0.0,24980.0
SIPA384,KUSUMA IRON AND HARDWARES,Nellore,Kavali,Non-Exclusive,4538626.0,67997.0,24.15,AP,Active,262.5,24,7,12,12,10,0,0,13,13,0,0,0,12,15,20,20,15,15,20,10,12,12,12,12,LHHLLL,NAANNN,Target Not Set,0,0.0,Consistently Weak Performer,7.6691666666666665,0,9.2,31.75638371290545,3.774103327509985,3.774103327509985,Tier 4,1500.0,1500.0,0.0,0.0
SIPA385,SRI SAI ENTERPRISES,Cuddapah,SIMHADRIPURAM,Non-Exclusive,4111686.0,36545.0,15.75,AP,Active,52.5,0,12,9,0,12,0,11,6,10,0,12,12,12,12,12,12,10,10,10,10,10,12,12,12,HLHLHH,ANANAA,Moderate Achievement,15,0.0011164867882396724,Consistently Strong Performer,6.994166666666666,15,30.0,44.4074074074074,3.441926461783256,3.441926461783256,Tier 4,1500.0,1800.0,300.0,27000.0
SIPA386,GIRI TRADERS,Nellore,SANGAM,Non-Exclusive,4538626.0,55433.0,17.85,AP,Active,52.5,12,0,11,0,13,13,0,11,13,0,12,0,10,5,10,10,10,10,10,10,12,12,12,15,LHHLHL,NAANNN,Low Achievement,15,0.0011164867882396724,Fluctuating Performer,7.091666666666666,15,34.0,39.729225023342664,3.4899075646104505,3.4899075646104505,Tier 4,1500.0,1500.0,0.0,22500.0
SIPA387,SRI SRINIVASA STEEL SYNDICATE,Krishna,NUZVID,Non-Exclusive,6097627.0,,17.85,AP,Active,136.5,27,13,0,12,12,13,11,13,12,15,13,14,10,12,10,10,10,10,10,10,15,15,15,15,LHHHHH,AANANN,Moderate Achievement,20,0.00148864905098623,Emerging Performer,12.99666666666667,20,13.076923076923078,72.81045751633988,6.395839997375393,6.395839997375393,Tier 3,1665.0,1835.0,165.0,36700.0
SIPA389,SRI SAI RAM BRAHMAIAH CUNTRY WOOD DEPOT,Nellore,PODALAKUR,Non-Exclusive,4538626.0,84810.0,17.85,AP,Active,147.0,25,0,24,0,25,20,25,0,16,20,0,25,20,20,25,20,20,20,20,20,25,15,15,20,HLHHLH,ANNANA,Moderate Achievement,25,0.0018608113137327876,Emerging Performer,15.011666666666665,25,12.142857142857144,84.09897292250231,7.387449455804072,7.387449455804072,Tier 2,1835.0,2015.0,185.0,50380.0
SIPA390,HANUMAN TRADERS,Anantapur,KOTHACHERUVU,Non-Exclusive,6321948.0,53610.0,23.1,AP,Active,63.0,0,0,7,0,0,0,11,0,0,0,0,6,5,6,6,6,10,10,10,10,10,10,10,10,HLLLLH,ANNNNN,Low Achievement,10,0.000744324525493115,Consistently Weak Performer,1.9808333333333337,10,36.66666666666667,8.575036075036076,0.9747955676943646,0.9747955676943646,Tier 5,1335.0,1335.0,0.0,13350.0
SIPA391,SRI SRINIVASA STEELS,Cuddapah,PULIVENDLA,Non-Exclusive,4111686.0,,0.0,AP,Active,630.0,48,30,26,20,29,0,54,0,0,39,22,24,55,50,55,60,60,60,50,50,0,0,25,25,HLLHHH,ANAANN,Low Achievement,35,0.0026051358392259025,Emerging Performer,24.340833333333332,35,0.0,100.0,11.978461816064236,11.978461816064236,Tier 1,2000.0,2200.0,200.0,77000.0
SIPA392,BABA TRADERS,Chittoor,KALAKADA,Non-Exclusive,6588204.0,45787.0,28.35,AP,Active,105.0,0,12,0,9,0,0,12,0,0,0,0,0,10,12,12,12,15,15,10,10,12,12,10,10,HLLLLL,ANNNNN,Target Not Set,0,0.0,Consistently Weak Performer,2.7450000000000006,0,27.0,9.682539682539684,1.350852587288699,1.350852587288699,Tier 5,1335.0,1335.0,0.0,0.0
SIPA393,LAKSHMI STEELS,Nellore,VINJAMUR,Non-Exclusive,4538626.0,62031.0,32.55,AP,Active,94.5,24,0,12,0,12,12,0,13,12,11,12,6,24,24,24,20,30,30,20,20,24,12,12,15,LHHHHL,NNNNNN,No Achievement,10,0.000744324525493115,Emerging Performer,9.541666666666668,10,34.44444444444444,29.31387608806964,4.6955865587296906,4.6955865587296906,Tier 3,1665.0,1835.0,165.0,18350.0
SIPA394,MADHURA MEENAKSHI STEEL CORPORATION,Guntur,MACHERLA,Non-Exclusive,6629265.0,55758.0,31.5,AP,Inactive,315.0,0,0,0,0,0,0,0,0,0,0,,,0,0,0,0,0,0,0,0,0,0,0,0,HHHHHH,AAAAAA,Target Not Set,0,0.0,Consistently Strong Performer,0.0,0,10.0,0.0,0.0,0.0,Tier 6,1165.0,1400.0,235.0,0.0
SIPA395,M S ENTERPRISES,Kurnool,Nandyal,Non-Exclusive,6203936.0,68852.0,50.4,AP,Active,1050.0,95,30,49,12,56,25,27,25,26,15,24,36,60,65,70,55,65,65,50,50,55,55,50,50,LLLLLH,NNNNNN,No Achievement,25,0.0018608113137327876,Consistently Weak Performer,35.04083333333333,25,4.8,69.52546296296296,17.24408028017683,17.24408028017683,Tier 1,2000.0,2000.0,0.0,50000.0
SIPA396,SRI SAI LAKSHMI TRADERS,Chittoor,Madanapally,Non-Exclusive,6588204.0,97284.0,82.95,AP,Active,682.5,21,15,25,0,25,25,0,21,20,5,20,19,25,25,30,30,20,20,20,20,25,20,20,20,LHHLHH,NANNNN,Low Achievement,20,0.00148864905098623,Emerging Performer,16.43166666666667,20,12.153846153846153,19.809121961020697,8.086251158518081,8.086251158518081,Tier 2,1835.0,2015.0,185.0,40300.0
SIPA397,R V ASSOCIATES,Nellore,Rajupalem,Non-Exclusive,4538626.0,688.0,31.5,AP,Inactive,105.0,0,0,0,0,0,0,0,0,0,0,,,10,12,12,12,0,0,0,0,0,0,0,0,HHHHHH,AAAAAA,Target Not Set,0,0.0,Consistently Strong Performer,0.0,0,30.0,0.0,0.0,0.0,Tier 6,1165.0,1400.0,235.0,0.0
SIPA400,Sree Paavana Traders,Cuddapah,JAMMALAMADUGU,Non-Exclusive,4111686.0,32257.0,73.5,AP,Active,241.5,39,12,12,25,39,39,38,25,41,24,24,26,30,30,30,30,35,35,35,35,40,30,30,30,HLHLLL,ANANNN,Low Achievement,30,0.002232973576479345,Consistently Weak Performer,28.689999999999994,30,30.434782608695656,39.03401360544217,14.118747078073863,14.118747078073863,Tier 1,2000.0,2000.0,0.0,60000.0
SIPA401,SRI NARAYANA ENTERPRISES,Prakasam,BESTHAVARIPETA,Non-Exclusive,5954328.0,58668.0,4.2,AP,Inactive,73.5,0,0,0,0,0,0,0,0,0,0,,,0,0,0,0,0,0,0,0,0,0,0,0,HHHHHH,AAAAAA,Target Not Set,0,0.0,Consistently Strong Performer,0.0,0,5.714285714285714,0.0,0.0,0.0,Tier 6,1165.0,1400.0,235.0,0.0
SIPA402,S V Agencies,Chittoor,Punganur,Non-Exclusive,6588204.0,54956.0,42.0,AP,Active,262.5,10,15,16,0,20,16,21,19,20,20,20,23,12,15,15,15,15,15,20,20,20,20,20,20,HHHHHH,ANNANA,Moderate Achievement,25,0.0018608113137327876,Emerging Performer,16.562499999999996,25,16.0,39.4345238095238,8.15063605718363,8.15063605718363,Tier 2,1835.0,2015.0,185.0,50380.0
SIPA403,Sri Venkata Lakshmi Padmavathi Agencies,Prakasam,Darsi,Non-Exclusive,5954328.0,120120.0,31.5,AP,Active,168.0,37,0,12,0,20,13,12,20,12,20,11,12,12,20,24,20,15,15,20,20,20,15,15,20,LHLHLL,NANANN,Low Achievement,20,0.00148864905098623,Consistently Weak Performer,14.035833333333334,20,18.75,44.558201058201064,6.907228332636173,6.907228332636173,Tier 2,1835.0,1835.0,0.0,36700.0
SIPA404,Sree Lakshmi Prasanna Steel Mart Allagadda,Kurnool,Allagadda,Non-Exclusive,6203936.0,108915.0,88.2,AP,Active,178.5,44,23,22,32,36,0,0,0,24,24,0,24,30,30,30,30,35,35,20,20,24,20,20,20,LLHHLH,NNNANA,Low Achievement,30,0.002232973576479345,Fluctuating Performer,18.915833333333335,30,49.411764705882355,21.44652305366591,9.308744043371636,9.308744043371636,Tier 2,1835.0,1835.0,0.0,55050.0
SIPA406,VISHNU STEEL AND CEMENT,Cuddapah,Kodur,Non-Exclusive,4111686.0,95190.0,4.2,AP,Active,210.0,26,0,24,20,0,20,30,0,8,26,32,20,20,20,20,20,25,25,20,20,25,15,15,15,HLLHHH,ANNAAA,Moderate Achievement,35,0.0026051358392259025,Consistently Strong Performer,17.211666666666666,35,2.0,100.0,8.470099981135634,8.470099981135634,Tier 2,1835.0,2200.0,365.0,77000.0
SIPA407,SREE VENKATA MARUTHI TRADERS,Guntur,Mangalagiri,Non-Exclusive,6629265.0,86690.0,18.9,AP,Active,367.5,0,12,13,12,13,13,10,10,12,12,12,12,10,12,12,12,10,10,10,10,12,12,12,15,LLLHHH,AANNNN,Low Achievement,15,0.0011164867882396724,Fluctuating Performer,10.838333333333333,15,5.142857142857142,57.345679012345684,5.333694216841776,5.333694216841776,Tier 3,1665.0,1665.0,0.0,24980.0
SIPA408,SRI RAGHAVENDRA TRADERS,Prakasam,Addanki,Non-Exclusive,5954328.0,89769.0,32.55,AP,Active,420.0,20,21,0,11,13,0,23,20,0,20,22,0,20,20,25,25,20,20,20,20,20,20,20,24,HHLHHL,ANNNAN,Low Achievement,25,0.0018608113137327876,Emerging Performer,12.521666666666668,25,7.75,38.469022017409124,6.162085906678806,6.162085906678806,Tier 3,1665.0,1835.0,165.0,45880.0
SIPA409,SRI BHAVANI TRADERS,Prakasam,Addanki,Non-Exclusive,5954328.0,89769.0,33.6,AP,Active,420.0,0,12,0,11,13,0,0,0,0,0,0,0,12,12,12,12,15,15,10,10,12,0,0,0,LLLLLH,NNNAAA,Target Not Set,0,0.0,Fluctuating Performer,3.015,0,8.0,8.973214285714286,1.4837233335793902,1.4837233335793902,Tier 5,1335.0,1335.0,0.0,0.0
SIPA410,Vasavi Steels,Guntur,Narasaraopet,Non-Exclusive,6629265.0,95698.0,84.0,AP,Active,682.5,32,0,12,0,14,16,19,21,18,20,22,40,12,15,17,20,15,15,20,20,20,15,15,30,HHHHHH,NANAAA,Moderate Achievement,35,0.0026051358392259025,Consistently Strong Performer,17.831666666666667,35,12.307692307692308,21.228174603174605,8.775210583729075,8.775210583729075,Tier 2,1835.0,2200.0,365.0,77000.0
SIPA413,Sri Lalithananda Iron & Cement,Prakasam,Chirala,Non-Exclusive,5954328.0,85626.0,81.9,AP,Active,336.0,26,25,12,12,12,27,36,20,49,31,51,49,24,24,30,24,30,30,35,20,24,30,30,30,HLHHHH,AAAAAA,High Achievement,55,0.004093784890212133,Consistently Strong Performer,29.131666666666664,55,24.375000000000004,35.56980056980056,14.336097372932095,14.336097372932095,Tier 1,2000.0,2400.0,400.0,132000.0
SIPA414,Sri Lakshmi Narasimha Traders (M),East Godavari,Mummidivaram,Non-Exclusive,8274560.0,92318.0,86.1,AP,Active,420.0,0,20,0,15,20,21,13,20,0,26,25,40,25,10,30,15,20,20,20,20,25,12,15,31,HHLHHH,NANAAA,Moderate Achievement,35,0.0026051358392259025,Consistently Strong Performer,16.670833333333334,35,20.5,19.362175764614793,8.203948393658292,8.203948393658292,Tier 2,1835.0,2200.0,365.0,77000.0
SIPA418,Sreenidhi Steels,Anantapur,Anantapur,Non-Exclusive,6321948.0,127019.0,248.85,AP,Active,2100.0,80,65,56,63,57,52,52,50,50,25,50,55,60,90,90,80,50,50,50,50,60,60,60,60,LLLLHH,AANNNN,Low Achievement,50,0.003721622627465575,Consistently Weak Performer,54.52666666666668,50,11.85,21.911459379813817,26.83332923238438,26.83332923238438,Tier 1,2000.0,2000.0,0.0,100000.0
SIPA419,Sai Ranganatha Steels Private Limited,Anantapur,Anantapur,Non-Exclusive,6321948.0,127019.0,86.1,AP,Active,2100.0,48,30,10,14,44,45,30,0,20,25,20,30,50,60,60,60,45,45,50,50,50,30,30,30,LLLLLH,NNNNNA,Low Achievement,30,0.002232973576479345,Consistently Weak Performer,26.422499999999996,30,4.1,30.688153310104525,13.00287886616963,13.00287886616963,Tier 1,2000.0,2000.0,0.0,60000.0
SIPA420,Mubarak Agencies,Chittoor,Piler,Non-Exclusive,6588204.0,73016.0,22.05,AP,Active,157.5,14,0,9,0,16,15,20,20,20,10,20,12,12,12,15,15,15,15,20,20,20,12,12,12,HHHLHL,NANNAA,Moderate Achievement,20,0.00148864905098623,Emerging Performer,12.925000000000002,20,14.000000000000002,58.61678004535148,6.360571836322926,6.360571836322926,Tier 3,1665.0,1835.0,165.0,36700.0
SIPA421,Sri Satyanarayana Traders,Srikakulam,Narasannapeta,Non-Exclusive,4798722.0,77321.0,107.1,AP,Active,420.0,20,13,18,23,0,0,20,12,0,0,12,17,15,25,15,12,10,10,10,10,15,11,11,15,HHLLHH,AANNAA,Moderate Achievement,20,0.00148864905098623,Consistently Strong Performer,11.3025,20,25.5,10.553221288515408,5.562117073890898,5.562117073890898,Tier 3,1665.0,2000.0,335.0,40000.0
SIPA422,Kanaka Durga Traders,West Godavari,Palangi,Non-Exclusive,6422436.0,5352.0,31.5,AP,Active,735.0,0,0,12,0,0,0,0,0,26,0,14,13,10,10,10,12,10,10,10,10,12,10,10,17,LLHLHH,NNANAN,Low Achievement,25,0.0018608113137327876,Fluctuating Performer,5.364166666666667,25,4.285714285714286,17.02910052910053,2.6397808452875995,2.6397808452875995,Tier 4,1500.0,1500.0,0.0,37500.0
SIPA424,Nagarjuna Traders Markapur,Prakasam,Markapur,Non-Exclusive,5954328.0,51892.0,63.0,AP,Active,336.0,15,12,13,0,10,13,0,0,0,0,0,0,12,15,20,20,15,15,20,20,15,10,10,0,LLLLLL,NNNNNA,Target Not Set,0,0.0,Consistently Weak Performer,5.324166666666667,0,18.75,8.451058201058201,2.620096290281571,2.620096290281571,Tier 4,1500.0,1500.0,0.0,0.0
SIPA425,Maturu Rama Rao Steel India Private Limited,Srikakulam,Srikakulam,Non-Exclusive,4798722.0,94393.0,538.65,AP,Active,1575.0,24,74,0,0,32,26,49,67,0,52,0,0,30,60,50,60,25,25,25,50,70,30,35,0,HHLHLL,AANANA,Moderate Achievement,65,0.004838109415705247,Target-Oriented Performer,26.924166666666668,65,34.199999999999996,4.998452922429531,13.249755993536905,13.249755993536905,Tier 1,2000.0,2100.0,100.0,136500.0
SIPA426,Sri Sai Ganesh Agencies,Chittoor,Chittoor,Non-Exclusive,6588204.0,59060.0,60.9,AP,Active,735.0,41,30,16,16,20,30,41,21,10,10,20,18,15,30,25,25,25,25,35,35,40,30,30,30,HLLLLL,ANNNNN,Low Achievement,20,0.00148864905098623,Consistently Weak Performer,22.790000000000003,20,8.285714285714285,37.422003284072254,11.215275214684679,11.215275214684679,Tier 2,1835.0,1835.0,0.0,36700.0
SIPA427,SRI VIGNESWARA STEELS,Krishna,Avanigadda,Non-Exclusive,6097627.0,64723.0,19.95,AP,Active,126.0,12,11,0,12,14,16,16,22,25,13,0,24,12,12,12,12,15,15,20,20,20,12,12,12,HHHLLH,NAAANA,Moderate Achievement,25,0.0018608113137327876,Consistently Strong Performer,13.746666666666668,25,15.833333333333332,68.90559732664997,6.764925403738426,6.764925403738426,Tier 2,1835.0,2200.0,365.0,55000.0
SIPA428,SRI SURYA MARKETING,Kurnool,Kurnool,Non-Exclusive,6203936.0,110700.0,172.2,AP,Active,2625.0,104,95,62,91,108,122,114,123,94,91,96,98,100,120,110,110,110,110,110,110,110,110,110,110,HHLLLL,AANNNN,Low Achievement,100,0.00744324525493115,Consistently Weak Performer,99.71916666666668,100,6.559999999999999,57.90892373209447,49.073185535132836,49.073185535132836,Tier 1,2000.0,2000.0,0.0,200000.0
SIPA429,Satya Sri Traders,Prakasam,Tripuranthakam,Non-Exclusive,5954328.0,73019.0,14.7,AP,Active,63.0,24,0,0,10,0,6,0,12,0,0,12,0,12,12,12,12,15,15,10,10,12,12,10,10,LHLLHL,NANNAN,Low Achievement,15,0.0011164867882396724,Consistently Weak Performer,5.375,15,23.333333333333332,36.564625850340136,2.6451120789350653,2.6451120789350653,Tier 4,1500.0,1500.0,0.0,22500.0
SIPA430,Balaji Steels & Cements,Nellore,Naidupeta,Non-Exclusive,4538626.0,79648.0,33.6,AP,Active,262.5,15,14,0,31,13,13,31,25,0,20,0,0,25,25,30,30,30,30,35,20,24,20,20,20,HHLHLL,NANNNN,Low Achievement,30,0.002232973576479345,Fluctuating Performer,13.454166666666666,30,12.8,40.04216269841269,6.620982095256841,6.620982095256841,Tier 2,1835.0,1835.0,0.0,55050.0
SIPA431,Svn Siri Enterprises,Visakhapatnam,Anakapalle,Non-Exclusive,4845879.0,100418.0,491.4,AP,Active,840.0,20,10,0,0,0,0,11,10,0,15,12,16,20,15,25,10,20,20,20,10,12,12,12,15,HHLHHH,NANAAA,Moderate Achievement,20,0.00148864905098623,Consistently Strong Performer,7.890833333333333,20,58.5,1.6057861891195224,3.8831885698350597,3.8831885698350597,Tier 4,1500.0,1800.0,300.0,36000.0
SIPA432,Sri Mangal Enterprises,East Godavari,Sunkarapalem,Non-Exclusive,8274560.0,3756.0,49.35,AP,Active,262.5,0,13,0,0,0,0,2,12,14,2,5,24,10,12,20,12,10,10,10,10,10,12,12,6,HHHLHH,NAANNA,Moderate Achievement,20,0.00148864905098623,Emerging Performer,6.074166666666667,20,18.8,12.308341776426882,2.989181696644603,2.989181696644603,Tier 4,1500.0,1650.0,150.0,33000.0
SIPA433,Siva Agencies,Kurnool,Velgode,Non-Exclusive,6203936.0,70898.0,9.45,AP,Active,63.0,0,13,0,12,0,12,0,10,13,6,11,5,10,10,12,10,10,10,10,10,10,10,10,10,LHHLHL,NAANAN,Moderate Achievement,15,0.0011164867882396724,Fluctuating Performer,6.8500000000000005,15,15.0,72.4867724867725,3.370980044782362,3.370980044782362,Tier 4,1500.0,1500.0,0.0,22500.0
SIPA434,Vijay Traders,Cuddapah,Rayachoti,Non-Exclusive,4111686.0,33331.0,2.1,AP,Active,682.5,0,11,10,3,11,0,0,0,0,12,0,0,12,12,15,15,10,10,10,10,10,10,10,10,LLLHLL,NNNANN,Low Achievement,15,0.0011164867882396724,Consistently Weak Performer,3.9150000000000005,15,0.3076923076923077,100.0,1.9266258212150291,1.9266258212150291,Tier 5,1335.0,1335.0,0.0,20020.0
SIPA435,SHREE LAKSHMI SREENIVASA STEELS,Chittoor,Tirupathi,Non-Exclusive,6588204.0,237195.0,55.65,AP,Active,2310.0,31,30,0,16,15,26,20,23,0,29,25,36,30,35,30,30,25,25,20,20,25,25,25,25,HHLHHH,AANANA,Moderate Achievement,35,0.0026051358392259025,Consistently Strong Performer,20.9075,35,2.409090909090909,37.5696316262354,10.288870844713466,10.288870844713466,Tier 2,1835.0,2200.0,365.0,77000.0
SIPA436,Sri Bhavani Steels,East Godavari,Tuni,Non-Exclusive,8274560.0,84654.0,31.5,AP,Inactive,630.0,0,0,0,0,0,0,0,0,0,0,,,0,0,0,0,0,0,0,0,0,0,0,0,HHHHHH,AAAAAA,Target Not Set,0,0.0,Consistently Strong Performer,0.0,0,5.0,0.0,0.0,0.0,Tier 6,1165.0,1400.0,235.0,0.0
SIPA437,Venkata Ramana General Stores,Nellore,Duttalur,Non-Exclusive,4538626.0,33800.0,8.4,AP,Inactive,31.5,0,0,0,0,0,0,0,0,0,0,,,0,0,0,0,0,0,0,0,0,0,0,0,HHHHHH,AAAAAA,Target Not Set,0,0.0,Consistently Strong Performer,0.0,0,26.666666666666668,0.0,0.0,0.0,Tier 6,1165.0,1400.0,235.0,0.0
SIPA438,Vinayaka Traders (Huf),Cuddapah,Rayachoti,Non-Exclusive,4111686.0,33331.0,81.9,AP,Active,682.5,101,13,53,89,121,122,0,110,103,0,0,30,100,100,100,100,120,120,110,110,110,90,90,90,LHHLLL,NNNNNN,No Achievement,80,0.00595459620394492,Consistently Weak Performer,61.824999999999996,80,12.000000000000002,75.48840048840047,30.424940331192634,30.424940331192634,Tier 1,2000.0,2000.0,0.0,160000.0
SIPA439,Sri Kanaka Durga Enterprises,West Godavari,Bhimavaram,Non-Exclusive,6422436.0,84313.0,84.0,AP,Inactive,1470.0,0,0,0,0,0,0,0,0,0,0,,,0,0,0,0,0,0,0,0,0,0,0,0,HHHHHH,AAAAAA,Target Not Set,0,0.0,Consistently Strong Performer,0.0,0,5.714285714285714,0.0,0.0,0.0,Tier 6,1165.0,1400.0,235.0,0.0
SIPA440,Sri Venkata Lakshmi Narasimha Steel And Cement,Nellore,Gudur,Non-Exclusive,4538626.0,55705.0,22.05,AP,Active,231.0,32,0,31,25,26,0,36,25,0,29,0,25,20,25,25,25,22,22,20,20,25,20,25,15,HHLHLH,AANANA,Moderate Achievement,35,0.0026051358392259025,Consistently Strong Performer,19.139999999999997,35,9.545454545454547,86.80272108843535,9.419059570384585,9.419059570384585,Tier 2,1835.0,2200.0,365.0,77000.0
SIPA441,Sri Venkateswara Iron And Cements,Nellore,Nellore,Non-Exclusive,4538626.0,132216.0,55.65,AP,Active,2520.0,10,12,16,12,15,15,21,0,11,12,0,13,10,12,15,15,15,15,20,20,20,15,15,15,HLLLLH,ANNNNN,Low Achievement,15,0.0011164867882396724,Consistently Weak Performer,11.429166666666667,15,2.2083333333333335,20.53758610362384,5.624451498076654,5.624451498076654,Tier 3,1665.0,1665.0,0.0,24980.0
SIPA442,M G B Traders,Nellore,Udayagiri,Non-Exclusive,4538626.0,36378.0,15.75,AP,Active,63.0,0,12,0,13,0,0,11,12,0,13,13,0,0,12,12,12,10,10,10,10,12,12,12,12,HHLHHL,AANAAN,Moderate Achievement,15,0.0011164867882396724,Consistently Strong Performer,6.105833333333333,15,25.0,38.767195767195766,3.0047653026910424,3.0047653026910424,Tier 4,1500.0,1800.0,300.0,27000.0
SIPA443,Sri Prasanna Traders,Prakasam,East Gangavaram,Non-Exclusive,5954328.0,2101.0,13.65,AP,Active,63.0,0,0,0,0,12,12,0,0,0,5,5,17,12,12,12,12,10,10,10,10,10,5,5,6,LLLHHH,NNNAAA,Moderate Achievement,10,0.000744324525493115,Momentum Gainer,4.195,10,21.666666666666668,30.732600732600734,2.064417706257228,2.064417706257228,Tier 5,1335.0,1400.0,65.0,14000.0
SIPA444,Sri Sai Balaji Cement & Iron Traders,Prakasam,Pamuru,Non-Exclusive,5954328.0,63017.0,21.0,AP,Active,210.0,21,12,0,0,14,15,16,14,0,12,8,14,15,15,20,20,20,20,20,20,20,20,20,12,HHLHLH,NNNNNA,Low Achievement,15,0.0011164867882396724,Emerging Performer,10.521666666666667,15,10.0,50.10317460317461,5.177858156377385,5.177858156377385,Tier 3,1665.0,1835.0,165.0,27520.0
SIPA445,Balaji Steels And Cements,Nellore,Buchireddypalem,Non-Exclusive,4538626.0,78470.0,44.1,AP,Active,105.0,20,20,19,21,12,22,13,19,20,20,20,20,20,20,20,20,20,20,35,20,20,20,20,25,LHHHHH,NNNNNN,No Achievement,20,0.00148864905098623,Emerging Performer,18.809166666666666,20,42.00000000000001,42.65117157974301,9.256251896688893,9.256251896688893,Tier 2,1835.0,2015.0,185.0,40300.0
SIPA446,Mahalakshmi Steel Traders,Prakasam,Addanki,Non-Exclusive,5954328.0,89769.0,57.75,AP,Active,420.0,67,45,33,43,50,52,51,55,55,30,51,0,40,45,50,50,50,50,50,50,50,50,50,55,HHHLHL,AAANAN,Moderate Achievement,55,0.004093784890212133,Consistently Strong Performer,44.39166666666667,55,13.750000000000002,76.86868686868688,21.845755107731932,21.845755107731932,Tier 1,2000.0,2400.0,400.0,132000.0
SIPA447,Sri Vijayalakshmi Traders,Chittoor,V Kota,Non-Exclusive,6588204.0,101124.0,22.05,AP,Active,210.0,16,15,30,0,19,0,20,12,14,19,17,14,15,15,20,20,20,20,20,20,20,15,15,15,HLLHHH,ANNAAN,Moderate Achievement,20,0.00148864905098623,Emerging Performer,14.738333333333335,20,10.500000000000002,66.84051398337112,7.252938329929546,7.252938329929546,Tier 2,1835.0,2015.0,185.0,40300.0
SIPA448,Sri Sai Balaji Agencies (M),Prakasam,Marrichetlapalem,Non-Exclusive,5954328.0,,22.05,AP,Active,131.25,14,17,15,16,20,0,19,20,11,0,27,19,12,12,12,12,15,15,20,20,20,15,15,20,HHLLHH,NANNAN,Low Achievement,25,0.0018608113137327876,Emerging Performer,14.945,25,16.8,67.77777777777779,7.354641864127359,7.354641864127359,Tier 2,1835.0,2015.0,185.0,50380.0
SIPA449,Balaji Building Materials,Krishna,Kaikaluru,Non-Exclusive,6097627.0,98946.0,8.4,AP,Active,84.0,5,0,5,12,0,0,0,0,0,0,0,7,5,10,10,10,10,10,10,10,12,10,10,10,LLLLHH,NNNNNN,No Achievement,10,0.000744324525493115,Consistently Weak Performer,2.44,10,10.0,29.047619047619044,1.200757855367732,1.200757855367732,Tier 5,1335.0,1335.0,0.0,13350.0
SIPA450,TULASI STEELS & CEMENT,Vizianagaram,Cheepurupalle,Non-Exclusive,3662958.0,,43.05,AP,Active,262.5,0,0,0,0,0,0,0,0,0,0,0,0,0,0,0,0,0,0,0,0,0,0,0,0,HHHHHH,AAAAAA,Target Not Set,0,0.0,Consistently Strong Performer,0.0,0,16.4,0.0,0.0,0.0,Tier 6,1165.0,1400.0,235.0,0.0
SIPA451,JAYASHANKAR IRON AND PAINTS,Srikakulam,Palasa,Exclusive,4798722.0,40044.0,179.55,AP,Active,525.0,50,33,0,10,40,40,24,77,31,50,0,0,40,60,60,70,40,40,40,40,60,35,40,0,LHLHLL,NANANA,Low Achievement,55,0.004093784890212133,Fluctuating Performer,29.655000000000005,55,34.2,16.516290726817044,14.593636967594303,14.593636967594303,Tier 1,2000.0,2000.0,0.0,110000.0
SIPA452,Sri Sankar Steels,Guntur,Repalle,Non-Exclusive,6629265.0,61123.0,54.6,AP,Active,315.0,23,16,5,4,10,0,19,12,12,11,12,12,15,15,20,20,15,15,20,10,12,12,12,15,HHHHHH,NANNAN,Low Achievement,15,0.0011164867882396724,Emerging Performer,11.30833333333333,15,17.333333333333336,20.711233211233203,5.564987738162609,5.564987738162609,Tier 3,1665.0,1835.0,165.0,27520.0
SIPA453,Khasim Cement & Steel Corporation,Guntur,Prathipadu,Non-Exclusive,6629265.0,63695.0,42.0,AP,Active,84.0,24,0,12,0,12,13,0,0,0,0,0,0,10,12,12,12,10,10,10,10,12,7,7,0,LLLLLL,NNNNNA,Target Not Set,0,0.0,Consistently Weak Performer,5.112500000000001,0,50.0,12.17261904761905,2.5159321867080044,2.5159321867080044,Tier 4,1500.0,1500.0,0.0,0.0
SIPA454,SRI BHAVANI IRON STORES,Guntur,Dachepalli,Exclusive,6629265.0,94275.0,157.5,AP,Active,294.0,42,21,26,25,50,56,0,20,30,30,30,30,40,40,40,40,50,50,50,20,30,30,30,30,LLHLLH,NNANNN,Low Achievement,35,0.0026051358392259025,Consistently Weak Performer,29.964166666666667,35,53.57142857142857,19.024867724867725,14.745782173995062,14.745782173995062,Tier 1,2000.0,2000.0,0.0,70000.0
SIPA455,SRINIVASA STEEL AGENCIES,Guntur,Narasaraopet,Non-Exclusive,6629265.0,95698.0,90.3,AP,Active,682.5,0,0,12,0,0,0,0,0,0,0,0,0,12,12,12,12,10,10,10,10,12,10,10,0,LLLHHH,NNNNNA,Target Not Set,0,0.0,Fluctuating Performer,0.9983333333333334,0,13.23076923076923,1.105574012550757,0.49129368535879203,0.49129368535879203,Tier 6,1165.0,1165.0,0.0,0.0
SIPA456,Vallabha Cements,Guntur,Gurazala,Non-Exclusive,6629265.0,92260.0,27.3,AP,Inactive,42.0,0,0,0,0,0,0,0,0,0,0,,,0,0,0,0,0,0,0,0,0,0,0,0,HHHHHH,AAAAAA,Target Not Set,0,0.0,Consistently Strong Performer,0.0,0,65.0,0.0,0.0,0.0,Tier 6,1165.0,1400.0,235.0,0.0
SIPA457,SRI VIJAYALAKSHMI STEEL ENTERPRISES,Visakhapatnam,Gajuwaka,Non-Exclusive,4845879.0,,3154.2,AP,Active,525.0,31,0,22,0,0,0,0,0,0,0,0,0,50,50,25,12,15,15,15,10,12,10,10,0,LLLHHH,NNNNNA,Target Not Set,0,0.0,Fluctuating Performer,4.400833333333334,0,100.0,0.13952296409020779,2.1657111455590825,2.1657111455590825,Tier 5,1335.0,1335.0,0.0,0.0
SIPA458,Devi Sree Enterprises,Visakhapatnam,Pendurthi,Non-Exclusive,4845879.0,32380.0,105.0,AP,Active,,,,,,,,,,,2,0,4,0,0,0,0,0,0,0,0,0,5,5,0,HHHHLH,AAANNA,No Achievement,0,0.0,Consistently Strong Performer,0.5,0,0.0,0.4761904761904762,0.2460569375753549,0.2460569375753549,Tier 6,1165.0,1400.0,235.0,0.0
SIPA459,LAKSHMI NARASIMHA AGENCIES (NEW),West Godavari,Ganapavaram,Non-Exclusive,6422436.0,81207.0,73.5,AP,Active,262.5,5,0,0,0,0,0,0,0,0,11,12,10,5,12,10,5,10,10,10,10,12,0,5,15,LHHHHH,NNNAAN,Low Achievement,15,0.0011164867882396724,Emerging Performer,3.1475000000000004,15,28.000000000000004,4.282312925170069,1.5489284220368593,1.5489284220368593,Tier 5,1335.0,1465.0,135.0,21980.0
SIPA460,SRI GANESH STEEL & CEMENTS,Chittoor,Kanipakam,Non-Exclusive,6588204.0,4960.0,32.55,AP,Active,63.0,0,0,6,0,0,5,0,2,0,0,0,5,0,6,6,6,10,10,10,10,10,10,10,10,LHLLLH,NNNNNN,No Achievement,5,0.0003721622627465575,Consistently Weak Performer,1.5941666666666665,5,51.66666666666666,4.897593445980543,0.7845115359694232,0.7845115359694232,Tier 5,1335.0,1335.0,0.0,6680.0
SIPA461,Manjunatha Traders,Kurnool,Guduru,Non-Exclusive,6203936.0,,24.15,AP,Active,63.0,15,24,14,0,25,14,0,24,25,14,0,15,10,15,15,15,10,10,10,10,15,15,15,15,LHHLLH,NAANNA,Moderate Achievement,25,0.0018608113137327876,Fluctuating Performer,14.117500000000001,25,38.33333333333333,58.45755693581781,6.947417632440148,6.947417632440148,Tier 2,1835.0,1835.0,0.0,45880.0
SIPA463,BHASKAR TRADERS,Chittoor,Srikalahasti,Non-Exclusive,6588204.0,57581.0,,AP,Active,315.0,10,9,4,10,9,14,10,12,13,12,10,9,10,12,12,12,10,10,10,10,10,10,10,10,HHHHLL,AAAANN,Moderate Achievement,15,0.0011164867882396724,Consistently Strong Performer,10.202500000000002,15,0.0,0.0,5.020791811225118,5.020791811225118,Tier 3,1665.0,2000.0,335.0,30000.0
SIPA464,Sri Vasudeva Traders,East Godavari,Seethanagaram,Non-Exclusive,8274560.0,80526.0,145.95,AP,Active,315.0,0,0,12,0,0,0,0,12,0,0,0,0,10,15,20,12,0,10,10,10,10,10,10,0,LHLLLL,NANNNA,Target Not Set,0,0.0,Consistently Weak Performer,2.0241666666666664,0,46.33333333333333,1.386890487609912,0.9961205022842284,0.9961205022842284,Tier 5,1335.0,1335.0,0.0,0.0
SIPA465,R S Steel Syndicate,Krishna,Vijayawada,Exclusive,6097627.0,141039.0,737.1,AP,Active,2100.0,36,42,25,20,20,0,42,40,34,20,43,30,24,30,40,24,25,25,35,20,30,30,30,30,HHHLHH,AAANAA,High Achievement,40,0.00297729810197246,Consistently Strong Performer,29.36666666666667,40,35.1,3.9840817618595397,14.451744133592515,14.451744133592515,Tier 1,2000.0,2400.0,400.0,96000.0
SIPA467,Bakshu Traders,Chittoor,Gurramkonda,Non-Exclusive,6588204.0,53414.0,47.25,AP,Active,84.0,10,8,16,0,10,10,12,11,0,5,10,0,10,10,10,10,10,10,10,10,10,10,10,10,HHLLHL,AANNNN,Low Achievement,15,0.0011164867882396724,Fluctuating Performer,7.567500000000002,15,56.25,16.01587301587302,3.7240717502029974,3.7240717502029974,Tier 4,1500.0,1500.0,0.0,22500.0
SIPA468,Supraja Steels (New),Guntur,Sattenapalli,Non-Exclusive,6629265.0,73887.0,118.65,AP,Active,210.0,0,13,0,0,0,0,0,10,0,0,0,12,5,12,12,12,10,10,10,10,12,12,12,12,LHLLLH,NANNNN,Low Achievement,15,0.0011164867882396724,Consistently Weak Performer,2.9408333333333334,15,56.50000000000001,2.478578452029779,1.447224887839046,1.447224887839046,Tier 5,1335.0,1335.0,0.0,20020.0
SIPA469,Balaji Agencies,Cuddapah,Cuddapah,Non-Exclusive,4111686.0,,47.25,AP,Active,1575.0,0,0,25,30,51,0,35,36,35,24,25,50,0,0,0,20,20,20,35,35,35,25,25,25,HHHLLH,AANNAA,Moderate Achievement,40,0.00297729810197246,Consistently Strong Performer,26.009166666666662,40,3.0,55.0458553791887,12.799471797774,12.799471797774,Tier 1,2000.0,2400.0,400.0,96000.0
SIPA470,Yelukuru Steels,Kurnool,Kurnool,Non-Exclusive,6203936.0,110700.0,59.85,AP,Active,2625.0,30,30,35,0,0,0,0,0,34,0,0,0,20,30,25,25,20,20,35,35,25,10,10,10,LLHLLL,NNANNN,Target Not Set,0,0.0,Consistently Weak Performer,10.730000000000002,0,2.2800000000000002,17.928153717627403,5.280381880367117,5.280381880367117,Tier 3,1665.0,1665.0,0.0,0.0
SIPA471,Sri Manikanta Paints Iron & Hardware,Kurnool,Atmakur,Non-Exclusive,6203936.0,121731.0,14.7,AP,Active,157.5,5,5,0,0,5,12,0,18,10,10,11,10,10,10,12,10,10,10,10,10,10,10,10,10,LHHHHL,NAAAAN,Moderate Achievement,15,0.0011164867882396724,Consistently Strong Performer,7.148333333333333,15,9.333333333333332,48.628117913832206,3.5177940175356572,3.5177940175356572,Tier 4,1500.0,1800.0,300.0,27000.0
SIPA472,G S K Tarading Company,Cuddapah,Rly.Kodur,Non-Exclusive,4111686.0,20471.0,12.6,AP,Active,210.0,0,25,25,0,0,0,25,36,0,0,0,0,20,25,25,25,20,20,20,20,20,12,12,12,HHLLLL,AANNNN,Target Not Set,0,0.0,Consistently Weak Performer,9.238333333333332,0,6.0,73.32010582010581,4.546312016600639,4.546312016600639,Tier 3,1665.0,1665.0,0.0,0.0
SIPA473,Srinivasa Enterprises,Prakasam,Addanki,Non-Exclusive,5954328.0,89769.0,58.8,AP,Active,420.0,37,0,24,0,20,23,21,19,21,21,14,20,20,24,25,25,20,20,20,20,20,20,20,20,HHHHLH,ANAANN,Moderate Achievement,25,0.0018608113137327876,Emerging Performer,18.0775,25,13.999999999999998,30.74404761904762,8.896188578036957,8.896188578036957,Tier 2,1835.0,2015.0,185.0,50380.0
SIPA474,Karthikeya Traders,Guntur,Macherla,Non-Exclusive,6629265.0,55758.0,94.5,AP,Active,315.0,31,20,20,20,16,20,20,19,25,12,19,20,20,20,20,20,15,15,20,20,24,20,20,20,LHHLHH,ANANNA,Moderate Achievement,20,0.00148864905098623,Emerging Performer,20.27416666666667,20,30.0,21.45414462081129,9.977198723784685,9.977198723784685,Tier 2,1835.0,2015.0,185.0,40300.0
SIPA475,S.A.R. Steel Traders,Prakasam,Martur,Non-Exclusive,5954328.0,95296.0,13.65,AP,Active,94.5,5,0,0,5,10,11,0,0,11,12,6,6,5,7,7,7,10,10,10,10,10,5,5,6,LLHHLL,NNAAAN,Moderate Achievement,10,0.000744324525493115,Fluctuating Performer,5.465,10,14.444444444444446,40.03663003663004,2.689402327698629,2.689402327698629,Tier 4,1500.0,1500.0,0.0,15000.0
SIPA477,Pavan Traders,West Godavari,Bhimavaram,Non-Exclusive,6422436.0,84313.0,109.2,AP,Active,1470.0,12,30,0,12,0,35,30,41,20,20,21,19,10,20,20,25,10,10,10,10,20,20,20,26,HHHLLL,AANAAN,Moderate Achievement,25,0.0018608113137327876,Target-Oriented Performer,19.96,25,7.428571428571429,18.27838827838828,9.822592948008168,9.822592948008168,Tier 2,1835.0,1925.0,90.0,48120.0
SIPA478,Yelukuru Steel Traders,Kurnool,Kurnool,Non-Exclusive,6203936.0,110700.0,16.8,AP,Active,2625.0,0,30,34,0,0,0,32,0,35,0,0,0,20,30,25,25,20,20,35,35,25,15,15,15,HLHLLL,NNANNN,Target Not Set,0,0.0,Consistently Weak Performer,10.905833333333332,0,0.64,64.9156746031746,5.366911903414449,5.366911903414449,Tier 3,1665.0,1665.0,0.0,0.0
SIPA479,Ramesh Enterprises,Kurnool,Veldurthy,Non-Exclusive,6203936.0,81010.0,26.25,AP,Active,63.0,0,0,12,0,13,0,0,0,11,0,0,0,10,15,15,15,10,10,10,10,10,10,10,10,LLHLLL,NNANNN,Target Not Set,0,0.0,Consistently Weak Performer,2.9466666666666668,0,41.66666666666667,11.225396825396826,1.4500955521107584,1.4500955521107584,Tier 5,1335.0,1335.0,0.0,0.0
SIPA480,Slv Enterprises & Borewells,Chittoor,B Kothakota,Non-Exclusive,6588204.0,85656.0,23.1,AP,Active,84.0,0,8,0,0,9,0,0,12,0,10,0,5,5,6,6,6,10,10,10,10,10,10,10,10,LHLHLH,NANNNN,Low Achievement,10,0.000744324525493115,Fluctuating Performer,3.7291666666666665,10,27.500000000000004,16.143578643578643,1.8351746594161888,1.8351746594161888,Tier 5,1335.0,1335.0,0.0,13350.0
SIPA481,Vardhan Traders,Krishna,Challapalli,Non-Exclusive,6097627.0,70607.0,105.0,AP,Active,210.0,16,0,20,0,13,12,0,10,0,12,0,12,12,15,20,20,10,10,10,10,12,12,12,12,LHLHLH,NANANN,Low Achievement,15,0.0011164867882396724,Fluctuating Performer,7.980833333333333,15,50.0,7.600793650793651,3.9274788185986234,3.9274788185986234,Tier 4,1500.0,1500.0,0.0,22500.0
SIPA482,Sri Lakshmi Kanakadurga Traders,Krishna,Koduru,Non-Exclusive,6097627.0,68398.0,21.0,AP,Active,84.0,0,14,0,13,0,0,0,0,0,0,0,0,10,12,12,12,10,10,10,10,12,10,10,10,LLLLHH,NNNNNN,Target Not Set,0,0.0,Consistently Weak Performer,2.283333333333333,0,25.0,10.873015873015872,1.123660014927454,1.123660014927454,Tier 5,1335.0,1335.0,0.0,0.0
SIPA483,Sri Venkateswara Iron And Cements,Anantapur,Yadiki,Non-Exclusive,6321948.0,80140.0,55.65,AP,Active,31.5,6,9,0,0,0,0,9,0,0,0,5,10,5,5,5,5,10,10,10,10,10,10,10,10,HLLLHH,NNNNNN,No Achievement,10,0.000744324525493115,Fluctuating Performer,3.2616666666666667,10,100.0,5.861036238394729,1.6051114227832322,1.6051114227832322,Tier 5,1335.0,1335.0,0.0,13350.0
SIPA484,Sri Ramabhakta Steels,Guntur,Guntur,Non-Exclusive,6629265.0,131781.0,107.1,AP,Active,1260.0,0,0,0,0,0,0,0,0,0,0,0,0,5,5,6,6,10,10,10,10,12,10,10,0,HHHHHH,NNNNNA,Target Not Set,0,0.0,Emerging Performer,0.0,0,8.5,0.0,0.0,0.0,Tier 6,1165.0,1285.0,115.0,0.0
SIPA485,Lakshmi Venkateswara Traders Angallu,Chittoor,Angallu,Non-Exclusive,6588204.0,8681.0,38.85,AP,Active,94.5,12,0,8,8,0,11,0,11,10,10,10,13,5,6,6,6,10,10,10,10,10,12,10,10,LHHHHH,NANNNA,Low Achievement,15,0.0011164867882396724,Emerging Performer,7.658333333333332,15,41.111111111111114,19.712569712569707,3.7687720938625193,3.7687720938625193,Tier 4,1500.0,1650.0,150.0,24750.0
SIPA486,Sree Venkataramana Traders,Anantapur,Kalluru,Non-Exclusive,6321948.0,4863.0,11.55,AP,Inactive,36.75,0,0,0,0,0,0,0,0,0,0,,,5,0,0,0,0,0,0,0,0,0,0,0,HHHHHH,AAAAAA,Target Not Set,0,0.0,Consistently Strong Performer,0.0,0,31.428571428571427,0.0,0.0,0.0,Tier 6,1165.0,1400.0,235.0,0.0
SIPA487,Sri Lakshmi Venkateswara Traders,Cuddapah,Mydukur,Non-Exclusive,4111686.0,105862.0,80.85,AP,Active,168.0,19,25,0,22,20,0,0,11,0,12,0,0,20,25,20,20,15,15,20,20,20,12,12,12,LHLHLL,NNNNNN,No Achievement,15,0.0011164867882396724,Consistently Weak Performer,9.085833333333332,15,48.12499999999999,11.237889095031951,4.4712646506401565,4.4712646506401565,Tier 3,1665.0,1665.0,0.0,24980.0
SIPA488,Lakshmi Venkateswara Traders,Guntur,Cherukupalli,Non-Exclusive,6629265.0,60385.0,32.55,AP,Active,105.0,6,0,0,0,0,0,5,0,11,9,0,0,6,6,6,6,10,10,10,10,10,10,10,0,HLHHLL,NNANNA,Low Achievement,15,0.0011164867882396724,Fluctuating Performer,2.5583333333333336,15,31.0,7.8597030209933445,1.2589913305938993,1.2589913305938993,Tier 5,1335.0,1335.0,0.0,20020.0
SIPA489,Rajyalakshmi Agencies,Guntur,Mangalagiri,Non-Exclusive,6629265.0,86690.0,52.5,AP,Active,367.5,20,20,20,20,20,20,22,0,20,19,20,23,15,20,20,20,10,10,20,20,20,20,20,25,HLHHHH,ANANAN,Moderate Achievement,25,0.0018608113137327876,Emerging Performer,18.701666666666664,25,14.285714285714285,35.62222222222221,9.203349655110191,9.203349655110191,Tier 2,1835.0,2015.0,185.0,50380.0
SIPA490,Ananda Traders,Chittoor,Chittoor,Non-Exclusive,6588204.0,59060.0,140.7,AP,Active,735.0,0,20,0,19,20,0,0,20,0,0,0,0,15,20,20,25,15,15,20,20,20,12,12,12,LHLLLL,NANNNN,Target Not Set,0,0.0,Consistently Weak Performer,6.640833333333333,0,19.142857142857142,4.7198531153755034,3.2680462258966725,3.2680462258966725,Tier 4,1500.0,1500.0,0.0,0.0
SIPA491,Parvathi Parameswara Agencies,Krishna,Hanuman Jn,Non-Exclusive,6097627.0,100145.0,122.85,AP,Active,157.5,11,5,4,3,2,6,10,0,12,0,0,0,5,10,10,10,10,10,10,10,12,12,12,12,HLHLLL,NNANNN,Target Not Set,0,0.0,Consistently Weak Performer,4.433333333333334,0,77.99999999999999,3.608736942070276,2.1817048465014803,2.1817048465014803,Tier 5,1335.0,1335.0,0.0,0.0
SIPA492,Sri Krishna Enterprises,Kurnool,Bethamcherla,Non-Exclusive,6203936.0,88726.0,22.05,AP,Active,105.0,12,11,12,0,10,15,0,0,0,0,0,0,10,12,12,10,10,10,10,10,10,5,5,5,LLLLLL,NNNNNN,Target Not Set,0,0.0,Consistently Weak Performer,5.109166666666667,0,21.000000000000004,23.1708238851096,2.5142918071241684,2.5142918071241684,Tier 4,1500.0,1500.0,0.0,0.0
SIPA493,Sivakumar Cements,Nellore,Rapur,Non-Exclusive,4538626.0,58901.0,36.75,AP,Inactive,73.5,0,0,0,0,0,0,0,0,0,0,,,0,0,0,0,0,0,0,0,0,0,0,0,HHHHHH,AAAAAA,Target Not Set,0,0.0,Consistently Strong Performer,0.0,0,50.0,0.0,0.0,0.0,Tier 6,1165.0,1400.0,235.0,0.0
SIPA494,Sree Venkataramana Traders (D),Nellore,Dagadarthi,Non-Exclusive,4538626.0,42962.0,10.5,AP,Inactive,26.25,0,0,0,0,0,0,0,0,0,0,,,0,0,0,0,0,0,0,0,0,0,0,0,HHHHHH,AAAAAA,Target Not Set,0,0.0,Consistently Strong Performer,0.0,0,40.0,0.0,0.0,0.0,Tier 6,1165.0,1400.0,235.0,0.0
SIPA495,Chandana Steels And Cements,Anantapur,Anantapur,Non-Exclusive,6321948.0,127019.0,25.2,AP,Active,2100.0,0,0,0,0,0,0,0,0,0,0,0,0,10,10,10,10,0,0,0,0,0,0,0,0,HHHHHH,AAAAAA,Target Not Set,0,0.0,Consistently Strong Performer,0.0,0,1.2,0.0,0.0,0.0,Tier 6,1165.0,1400.0,235.0,0.0
SIPA496,Jai Shankar Steel ,Nellore,Kavali,Non-Exclusive,4538626.0,67997.0,57.75,AP,Active,262.5,13,0,12,0,18,17,20,0,13,7,13,15,5,10,12,12,12,12,20,20,20,12,12,15,HLHLHH,ANNNAN,Low Achievement,15,0.0011164867882396724,Emerging Performer,10.559166666666668,15,22.0,18.284271284271288,5.196312426695537,5.196312426695537,Tier 3,1665.0,1835.0,165.0,27520.0
SIPA497,Sri Srinivasa Steels,Vizianagaram,S Kota,Non-Exclusive,3662958.0,,55.65,AP,Active,105.0,10,0,0,5,0,0,6,0,12,0,10,10,10,10,10,12,10,10,10,10,10,10,10,13,HLHLHH,NNANAN,Low Achievement,15,0.0011164867882396724,Emerging Performer,4.455,15,53.0,8.005390835579515,2.1923673137964124,2.1923673137964124,Tier 4,1500.0,1650.0,150.0,24750.0
SIPA498,Sri Lakshmi Ganapathi Steels,West Godavari,Koyyalagudem,Non-Exclusive,6422436.0,75694.0,120.75,AP,Active,315.0,0,11,0,0,13,12,6,0,0,0,0,0,10,10,10,12,10,10,10,10,12,12,12,0,HLLLLL,NNNNNA,Target Not Set,0,0.0,Consistently Weak Performer,3.483333333333334,0,38.333333333333336,2.884748102139407,1.714196665108306,1.714196665108306,Tier 5,1335.0,1335.0,0.0,0.0
SIPA499,Sri Guru Narasimha Traders,Cuddapah,Porumamilla,Non-Exclusive,4111686.0,74138.0,23.1,AP,Active,157.5,30,19,18,15,23,36,24,13,14,25,28,49,15,12,12,15,10,10,10,10,25,25,25,25,HLLHHH,AANNAA,Moderate Achievement,40,0.00297729810197246,Consistently Strong Performer,24.76,40,14.666666666666666,100.0,12.184739548731576,12.184739548731576,Tier 1,2000.0,2400.0,400.0,96000.0
SIPA500,Basheer Traders,Chittoor,Baireddipalli,Non-Exclusive,6588204.0,63763.0,19.95,AP,Active,42.0,4,0,5,0,0,0,0,0,0,0,0,0,5,5,5,5,10,10,10,10,10,10,10,10,LLLHHH,NNNNNN,Target Not Set,0,0.0,Fluctuating Performer,0.7450000000000001,0,47.5,3.7343358395989985,0.3666248369872789,0.3666248369872789,Tier 6,1165.0,1165.0,0.0,0.0
SIPA501,Sree Srinivasa Enterprises,Anantapur,Gorantla,Non-Exclusive,6321948.0,101857.0,21.0,AP,Inactive,105.0,0,0,0,0,0,0,0,0,0,0,,,0,0,0,0,0,0,0,0,0,0,0,0,HHHHHH,AAAAAA,Target Not Set,0,0.0,Consistently Strong Performer,0.0,0,20.0,0.0,0.0,0.0,Tier 6,1165.0,1400.0,235.0,0.0
SIPA502,Vijaya Hardwares And Paints,Chittoor,Chandragiri,Non-Exclusive,6588204.0,77585.0,29.4,AP,Active,63.0,7,5,5,6,12,14,10,10,0,0,10,10,5,6,6,6,12,12,10,10,10,10,10,10,HHLLHH,NANNAA,Moderate Achievement,15,0.0011164867882396724,Emerging Performer,7.399166666666667,15,46.666666666666664,25.167233560090708,3.641232581219294,3.641232581219294,Tier 4,1500.0,1650.0,150.0,24750.0
SIPA503,Madeena Hardwares,Chittoor,Thamballapalle,Non-Exclusive,6588204.0,48330.0,16.8,AP,Active,52.5,8,8,0,11,0,0,0,0,0,0,0,0,5,6,6,6,10,10,10,10,10,10,10,10,LLLLHH,NNNNNN,Target Not Set,0,0.0,Consistently Weak Performer,2.2016666666666667,0,32.0,13.105158730158731,1.0834707151234795,1.0834707151234795,Tier 5,1335.0,1335.0,0.0,0.0
SIPA504,Sri Lakshmi Prasanna Enterprises,Guntur,Nekarikallu,Non-Exclusive,6629265.0,74127.0,44.1,AP,Active,52.5,0,15,0,10,12,0,0,0,12,0,0,0,10,10,12,12,10,10,10,10,12,10,10,0,LLHLLL,NNANNA,Target Not Set,0,0.0,Consistently Weak Performer,4.172499999999999,0,84.00000000000001,9.461451247165531,2.0533451440663364,2.0533451440663364,Tier 5,1335.0,1335.0,0.0,0.0
SIPA505,DGM Sreenivasrao Steel & Cement,Srikakulam,Ranasthalam,Non-Exclusive,4798722.0,91569.0,39.9,AP,Active,105.0,0,0,0,0,0,0,0,0,0,0,0,,10,0,0,5,10,10,10,0,0,0,0,0,HHHHHH,NAAAAA,Target Not Set,0,0.0,Consistently Strong Performer,0.0,0,38.0,0.0,0.0,0.0,Tier 6,1165.0,1400.0,235.0,0.0
SIPA506,Ganesh Hardware,Anantapur,Agali,Non-Exclusive,6321948.0,43869.0,18.9,AP,Active,105.0,0,0,0,0,0,0,0,0,0,0,0,0,0,20,20,20,10,10,10,10,0,0,0,0,HHHHHH,NNAAAA,Target Not Set,0,0.0,Consistently Strong Performer,0.0,0,18.0,0.0,0.0,0.0,Tier 6,1165.0,1400.0,235.0,0.0
SIPA507,Kiran Traders,Kurnool,Nandikotkur,Non-Exclusive,6203936.0,83748.0,22.05,AP,Active,147.0,5,5,5,0,0,15,0,0,0,0,11,10,5,5,5,5,10,10,10,10,10,5,5,5,LLLLHH,NNNNAA,Low Achievement,15,0.0011164867882396724,Consistently Weak Performer,4.218333333333333,15,15.0,19.1307634164777,2.0759003633440773,2.0759003633440773,Tier 5,1335.0,1335.0,0.0,20020.0
SIPA508,Sri Vinayaka Agencies,Chittoor,Yerpedu,Non-Exclusive,6588204.0,59588.0,12.6,AP,Active,42.0,4,0,6,6,11,11,10,0,10,5,6,6,5,5,5,5,12,12,10,10,10,10,10,10,HLHLLL,ANANNN,Low Achievement,10,0.000744324525493115,Consistently Weak Performer,6.350833333333333,10,30.0,50.40343915343916,3.1253332021029667,3.1253332021029667,Tier 4,1500.0,1500.0,0.0,15000.0
SIPA509,Sri Seetharam Traders,Prakasam,Markapur,Non-Exclusive,5954328.0,51892.0,129.15,AP,Active,336.0,0,0,0,0,0,0,0,0,0,0,0,0,5,5,5,5,10,10,10,10,10,10,0,0,HHHHHH,NNNNAA,Target Not Set,0,0.0,Emerging Performer,0.0,0,38.4375,0.0,0.0,0.0,Tier 6,1165.0,1285.0,115.0,0.0
SIPA511,Adiprakash Traders,Anantapur,Gorintla,Non-Exclusive,6321948.0,,43.05,AP,Active,105.0,0,0,10,0,0,0,0,0,0,0,0,0,5,5,5,5,10,10,10,10,10,10,10,10,LLLHHH,NNNNNN,Target Not Set,0,0.0,Fluctuating Performer,0.7966666666666667,0,41.0,1.8505613627564852,0.39205072053673223,0.39205072053673223,Tier 6,1165.0,1165.0,0.0,0.0
SIPA512,Sai Traders,Chittoor,Kothapallimitta,Non-Exclusive,6588204.0,,154.35,AP,Active,94.5,0,4,5,0,0,0,0,0,0,0,0,0,5,5,5,5,12,12,10,10,5,5,5,5,LLLHHH,NNNNNN,Target Not Set,0,0.0,Fluctuating Performer,0.7575,0,100.0,0.4907677356656948,0.3727762604266627,0.3727762604266627,Tier 6,1165.0,1165.0,0.0,0.0
SIPA514,L R K Enterprises,Anantapur,Anantapur,Non-Exclusive,6321948.0,127019.0,32.55,AP,Active,2100.0,13,0,0,0,11,0,10,0,10,0,10,0,5,5,5,5,10,10,10,10,10,10,10,10,HLHLHL,ANNNAN,Low Achievement,15,0.0011164867882396724,Fluctuating Performer,4.540833333333334,15,1.5499999999999998,13.950332821300568,2.2346070880801823,2.2346070880801823,Tier 4,1500.0,1500.0,0.0,22500.0
SIPA515,Vijayalakshmi Iron Stores,Krishna,Gudivada,Non-Exclusive,6097627.0,49571.0,214.2,AP,Active,420.0,17,21,0,21,12,13,11,0,12,12,0,12,12,20,24,24,10,10,10,10,12,12,12,12,LLHHLH,ANAANN,Moderate Achievement,15,0.0011164867882396724,Fluctuating Performer,10.855833333333331,15,51.0,5.068082788671023,5.342306209656914,5.342306209656914,Tier 3,1665.0,1665.0,0.0,24980.0
SIPA516,Sai Rama Steel Corporation,Guntur,Pedanandipadu,Non-Exclusive,6629265.0,48070.0,40.95,AP,Active,84.0,15,11,12,0,12,12,30,16,17,15,0,18,8,10,12,12,10,10,10,10,15,15,15,0,HHHHLH,AAANNA,Moderate Achievement,20,0.00148864905098623,Consistently Strong Performer,13.210833333333332,20,48.75000000000001,32.26088726088726,6.5012343856368355,6.5012343856368355,Tier 3,1665.0,2000.0,335.0,40000.0
SIPA517,Sri Bhavanisankar Steel And Cement,Cuddapah,Jammalamadugu,Non-Exclusive,4111686.0,32257.0,64.05,AP,Inactive,241.5,0,0,0,0,0,0,0,0,0,0,,,12,0,0,0,0,0,0,0,0,0,0,0,HHHHHH,AAAAAA,Target Not Set,0,0.0,Consistently Strong Performer,0.0,0,26.521739130434778,0.0,0.0,0.0,Tier 6,1165.0,1400.0,235.0,0.0
SIPA518,Sri Kanakadurga Steel Traders,Prakasam,Kondepi,Non-Exclusive,5954328.0,,30.45,AP,Active,63.0,21,0,0,7,0,8,0,9,10,0,8,0,10,7,7,7,10,10,10,10,10,10,6,8,LHHLHL,NNNNAN,Low Achievement,10,0.000744324525493115,Fluctuating Performer,5.275833333333334,10,48.333333333333336,17.326217843459226,2.5963107863159536,2.5963107863159536,Tier 4,1500.0,1500.0,0.0,15000.0
SIPA519,Padmaja Enterprises,Krishna,Vuyyuru,Non-Exclusive,6097627.0,123193.0,85.05,AP,Active,210.0,10,5,0,0,5,0,0,4,0,0,0,0,5,5,5,5,10,10,10,10,12,12,12,12,LHLLLL,NNNNNN,Target Not Set,0,0.0,Consistently Weak Performer,1.9325,0,40.5,2.272192827748383,0.9510100637287469,0.9510100637287469,Tier 5,1335.0,1335.0,0.0,0.0
SIPA520,Vamsadhara Steel Profiles,Srikakulam,Srikakulam,Non-Exclusive,4798722.0,94393.0,161.7,AP,Active,1575.0,16,13,14,0,6,0,0,0,0,0,0,0,20,15,10,12,10,10,10,10,10,10,10,0,LLLLLH,NNNNNA,Target Not Set,0,0.0,Consistently Weak Performer,4.0633333333333335,0,10.266666666666666,2.5128839414553705,1.9996227126957176,1.9996227126957176,Tier 5,1335.0,1335.0,0.0,0.0
SIPA521,Bhagavan Traders,Chittoor,Ramasamudram,Non-Exclusive,6588204.0,57712.0,17.85,AP,Active,52.5,0,5,6,8,10,9,0,5,9,0,11,10,5,6,6,6,10,10,10,10,10,10,10,10,LLHLHH,NNNNAA,Low Achievement,15,0.0011164867882396724,Fluctuating Performer,6.139166666666667,15,34.0,34.39309056956116,3.0211690985293997,3.0211690985293997,Tier 4,1500.0,1500.0,0.0,22500.0
SIPA522,Sri Srinivasa Trading,East Godavari,Rajahmundry,Non-Exclusive,8274560.0,,108.15,AP,Active,1575.0,0,12,0,13,27,28,29,23,25,25,29,37,20,12,20,12,20,20,20,20,25,25,25,36,HHHHHH,AAAAAA,High Achievement,40,0.00297729810197246,Consistently Strong Performer,20.770833333333332,40,6.866666666666667,19.205578671598087,10.221615281776202,10.221615281776202,Tier 2,1835.0,2200.0,365.0,88000.0
SIPA523,Sri Lakshmi Durga Agencies,West Godavari,Eluru,Non-Exclusive,6422436.0,115625.0,111.3,AP,Active,735.0,0,12,10,5,16,21,13,3,0,2,14,0,12,12,10,12,10,10,10,10,12,12,12,18,HLLLHL,ANNNAN,Low Achievement,20,0.00148864905098623,Consistently Weak Performer,7.939999999999999,20,15.14285714285714,7.1338724168912835,3.9073841686966357,3.9073841686966357,Tier 4,1500.0,1500.0,0.0,30000.0
SIPA524,Yamani Steel And Cements,Anantapur,Kadiri,Non-Exclusive,6321948.0,35944.0,49.35,AP,Active,231.0,5,5,0,0,10,10,0,11,7,10,0,0,5,5,5,5,10,10,10,10,10,10,10,10,LHHHLL,NANNNN,Low Achievement,15,0.0011164867882396724,Fluctuating Performer,4.811666666666666,15,21.363636363636367,9.750084430935493,2.3678879292668316,2.3678879292668316,Tier 4,1500.0,1500.0,0.0,22500.0
SIPA525,Heman Steels,Nellore,Gudur,Non-Exclusive,4538626.0,55705.0,46.2,AP,Active,231.0,0,20,0,19,12,20,0,13,12,12,0,12,12,12,20,20,12,12,20,20,20,12,12,12,LHHLLH,NNNNNA,Low Achievement,15,0.0011164867882396724,Fluctuating Performer,10.049166666666666,15,20.0,21.751443001443,4.945334350368675,4.945334350368675,Tier 3,1665.0,1665.0,0.0,24980.0
SIPA526,Surya Bhagavan Agencies,Visakhapatnam,Ravikamatham,Non-Exclusive,4845879.0,75438.0,31.5,AP,Active,105.0,0,0,0,0,0,0,0,0,0,0,0,0,0,0,10,0,0,0,0,0,0,0,0,0,HHHHHH,AAAAAA,Target Not Set,0,0.0,Consistently Strong Performer,0.0,0,30.0,0.0,0.0,0.0,Tier 6,1165.0,1400.0,235.0,0.0
SIPA527,Siddeshwara Hardware,Anantapur,Rolla,Non-Exclusive,6321948.0,50984.0,95.55,AP,Active,21.0,0,0,0,0,0,0,0,0,0,0,0,0,5,12,10,10,10,10,10,10,10,0,0,0,HHHHHH,NNNAAA,Target Not Set,0,0.0,Emerging Performer,0.0,0,100.0,0.0,0.0,0.0,Tier 6,1165.0,1285.0,115.0,0.0
SIPA528,Sri Maha Ganapathi Steel Corporation,West Godavari,Eluru,Non-Exclusive,6422436.0,115625.0,,AP,Active,735.0,0,0,0,0,0,0,0,0,11,0,0,0,0,0,0,0,0,0,0,0,0,0,5,0,HHHLLL,AAAANA,Target Not Set,0,0.0,Target-Oriented Performer,0.9025,0,0.0,0.0,0.4441327723235156,0.4441327723235156,Tier 6,1165.0,1225.0,60.0,0.0
SIPA535,Sri Dhanalakshmi Traders,Krishna,Pamarru,Non-Exclusive,6097627.0,76029.0,5.25,AP,Inactive,157.5,0,0,0,0,0,0,0,0,0,0,,,5,5,5,5,0,10,0,0,0,0,0,0,HHHHHH,AAAAAA,Target Not Set,0,0.0,Consistently Strong Performer,0.0,0,3.3333333333333335,0.0,0.0,0.0,Tier 6,1165.0,1400.0,235.0,0.0
SIPA536,Sri Sai Raghavendra Agencies,Prakasam,Donakonda,Non-Exclusive,5954328.0,50176.0,13.65,AP,Active,84.0,12,0,0,0,12,12,12,11,12,12,12,7,6,6,6,6,10,10,10,10,12,12,10,12,HHHHLL,AANAAN,Moderate Achievement,15,0.0011164867882396724,Consistently Strong Performer,8.500833333333333,15,16.25,62.277167277167266,4.183378033676992,4.183378033676992,Tier 3,1665.0,2000.0,335.0,30000.0
SIPA537,Varalakshmi Traders,East Godavari,Kothapeta,Non-Exclusive,8274560.0,102398.0,13.65,AP,Active,157.5,0,0,5,5,0,0,9,0,0,0,7,0,12,10,10,5,10,10,10,10,10,10,10,9,HLLLHL,NNNNNN,No Achievement,10,0.000744324525493115,Consistently Weak Performer,2.1475,10,8.666666666666668,15.732600732600732,1.0568145468861494,1.0568145468861494,Tier 5,1335.0,1335.0,0.0,13350.0
SIPA538,Siva Enterprises,Anantapur,Muddigubba,Non-Exclusive,6321948.0,,10.5,AP,Active,52.5,0,0,0,6,7,0,0,11,0,10,0,10,5,5,5,5,10,10,10,10,10,10,10,10,LHLHLH,NANNNA,Low Achievement,15,0.0011164867882396724,Fluctuating Performer,3.6325000000000003,15,20.0,34.595238095238095,1.7876036514849536,1.7876036514849536,Tier 5,1335.0,1335.0,0.0,20020.0
SIPA539,Nagaraju Enterprises,Cuddapah,Yerraguntla,Non-Exclusive,4111686.0,77072.0,21.0,AP,Active,73.5,14,0,0,0,0,0,0,0,0,0,0,0,12,12,12,12,0,10,0,0,0,0,0,0,LHHHHH,AAAAAA,Target Not Set,0,0.0,Consistently Strong Performer,1.1341666666666665,0,28.57142857142857,5.40079365079365,0.5581391534000967,0.5581391534000967,Tier 6,1165.0,1400.0,235.0,0.0
SIPA540,Arunodaya Steel Profiles,Vizianagaram,Vizianagaram,,,,,AP,Active,1470.0,0,0,0,0,16,0,0,0,0,0,99,0,10,500,300,400,10,10,10,20,25,10,10,124,LLLLHL,NNNNAN,Low Achievement,105,0.007815407517677708,Consistently Weak Performer,9.605,105,0.0,0.0,4.726753770822569,4.726753770822569,Tier 3,1665.0,1665.0,0.0,174820.0
SIPA541,Sama Agencies,East Godavari,Kakinda,,,,,AP,Active,1260.0,0,0,0,0,0,0,8,0,0,0,0,0,10,0,10,5,10,10,10,10,10,10,10,0,HLLLLL,NNNNNA,Target Not Set,0,0.0,Consistently Weak Performer,0.6775000000000001,0,0.0,0.0,0.33340715041460595,0.33340715041460595,Tier 6,1165.0,1165.0,0.0,0.0
SIPA542,Vamsi Krishna Fertilizers,Krishna,Movva,,,,,AP,Active,105.0,0,12,0,0,0,0,0,0,0,0,0,0,5,5,5,5,10,10,10,10,12,10,10,10,LLHHHH,NNNNNN,Target Not Set,0,0.0,Emerging Performer,0.9891666666666666,0,0.0,0.0,0.4867826415032438,0.4867826415032438,Tier 6,1165.0,1285.0,115.0,0.0
SIPA543,Steel Yard,Guntur,Guntur,,,,,AP,Active,1260.0,0,8,0,0,13,12,12,14,12,20,16,25,8,10,10,10,10,10,10,10,12,12,12,20,HHHHHH,AAAAAA,High Achievement,30,0.002232973576479345,Consistently Strong Performer,11.0375,30,0.0,0.0,5.431706896975959,5.431706896975959,Tier 3,1665.0,2000.0,335.0,60000.0
SIPA544,A S PETA STEELS & CEMENTS,Nellore,A.s.peta,,,,,AP,Active,210.0,0,24,0,12,0,12,0,13,0,12,0,0,12,10,12,12,12,12,10,10,10,10,10,10,LHLHLL,NANANN,Low Achievement,15,0.0011164867882396724,Consistently Weak Performer,6.056666666666666,15,0.0,0.0,2.9805697038294654,2.9805697038294654,Tier 4,1500.0,1500.0,0.0,22500.0
SIPA545,Vishnusri Traders,East Godavari,Kothapeta Taluk,,,,,AP,Inactive,157.5,0,0,0,0,0,0,0,0,0,0,,,10,0,0,0,0,0,0,0,0,0,0,0,HHHHHH,AAAAAA,Target Not Set,0,0.0,Consistently Strong Performer,0.0,0,0.0,0.0,0.0,0.0,Tier 6,1165.0,1400.0,235.0,0.0
SIPA546,Abhignaa Enterprises ,Anantapur,Bathalapalli,,,,,AP,Inactive,,0,0,0,0,0,0,0,0,0,0,,,5,0,0,0,0,0,0,0,0,0,0,0,HHHHHH,AAAAAA,Target Not Set,0,0.0,Consistently Strong Performer,0.0,0,0.0,0.0,0.0,0.0,Tier 6,1165.0,1400.0,235.0,0.0
SIPA547,Sri Sai Charan Paints,Anantapur,Anantapur,,,,,AP,Inactive,2100.0,0,0,0,0,0,0,0,0,0,0,,,5,0,0,0,0,0,0,0,0,0,0,0,HHHHHH,AAAAAA,Target Not Set,0,0.0,Consistently Strong Performer,0.0,0,0.0,0.0,0.0,0.0,Tier 6,1165.0,1400.0,235.0,0.0
SIPA548,Sri Sampath Steel Traders,Visakhapatnam,Maddilapalem,,,,,AP,Inactive,420.0,,6,0,6,3,2,0,0,0,0,,,0,5,10,12,10,10,0,0,0,0,0,0,LLLLLL,AAAAAA,Target Not Set,0,0.0,Target-Oriented Performer,1.4075,0,0.0,0.0,0.6926502792746241,0.6926502792746241,Tier 5,1335.0,1400.0,65.0,0.0
SIPA549,A R Wire Products Pvt Ltd,Visakhapatnam,Auto Nagar,,,,,AP,Active,420.0,,0,0,0,0,3,15,0,0,0,0,0,0,10,30,25,0,10,10,10,10,10,10,0,HLLLLL,ANNNNA,Target Not Set,0,0.0,Consistently Weak Performer,1.4216666666666669,0,0.0,0.0,0.699621892505926,0.699621892505926,Tier 5,1335.0,1335.0,0.0,0.0
SIPA550,A S Steel Traders Vsp Private Limited,Visakhapatnam,Visakhapatnam,,,,,AP,Active,630.0,,0,0,0,0,0,0,0,0,0,0,0,0,10,30,100,0,10,10,10,10,10,10,0,HHHHHH,NNNNNA,Target Not Set,0,0.0,Emerging Performer,0.0,0,0.0,0.0,0.0,0.0,Tier 6,1165.0,1285.0,115.0,0.0
SIPA551,Sri Vijayalakshmi Enterprises J R Puram,Srikakulam,Ranasthalam,,,,,AP,Active,105.0,,5,0,0,0,0,0,0,0,0,0,0,0,5,5,5,10,10,10,10,10,10,10,0,LLHHHH,NNNNNA,Target Not Set,0,0.0,Emerging Performer,0.45083333333333336,0,0.0,0.0,0.22186133871377836,0.22186133871377836,Tier 6,1165.0,1285.0,115.0,0.0
SIPA552,Srinivas Kamisetti,West Godavari,Veeravasaram,,,,,AP,Active,577.5,,5,5,12,12,0,6,12,12,0,13,11,0,5,10,10,10,10,10,10,12,12,12,16,HHHLHH,NAANAN,Moderate Achievement,15,0.0011164867882396724,Emerging Performer,7.389166666666667,15,0.0,0.0,3.636311442467787,3.636311442467787,Tier 4,1500.0,1650.0,150.0,24750.0
SIPA553,Sri Siva Durga Padalamma Agencies,East Godavari,Kakarapalli,,,,,AP,Active,262.5,,5,0,0,0,0,0,0,0,0,5,0,0,0,10,12,10,10,10,0,0,0,0,6,LLHHHL,NAAAAN,No Achievement,0,0.0,Target-Oriented Performer,0.8291666666666666,0,0.0,0.0,0.40804442147913017,0.40804442147913017,Tier 6,1165.0,1225.0,60.0,0.0
SIPA554,Sri Krishna Teja General Stores,East Godavari,Chagallu,,,,,AP,Inactive,210.0,,5,0,0,0,0,0,0,0,0,,,0,0,0,5,0,10,0,0,0,0,0,0,LLHHHH,AAAAAA,Target Not Set,0,0.0,Consistently Strong Performer,0.37999999999999995,0,0.0,0.0,0.18700327255726973,0.18700327255726973,Tier 6,1165.0,1400.0,235.0,0.0
SIPA555,Sreenidhi Steels (Gooty),Anantapur,Gooty,,,,,AP,Inactive,231.0,,31,20,0,0,0,0,0,0,0,,,0,5,20,20,20,20,0,0,0,0,0,0,LLLHHH,AAAAAA,Target Not Set,0,0.0,Target-Oriented Performer,4.216666666666666,0,0.0,0.0,2.0750801735521596,2.0750801735521596,Tier 5,1335.0,1400.0,65.0,0.0
SIPA556,Venkateswara Hardware Stores,Krishna,Lakshmipuram,,,,,AP,Active,73.5,,,12,0,0,10,0,0,0,0,0,0,0,0,5,5,10,10,10,10,12,5,5,5,LLLLLL,NNNNNN,Target Not Set,0,0.0,Consistently Weak Performer,1.8158333333333332,0,0.0,0.0,0.8935967782944972,0.8935967782944972,Tier 5,1335.0,1335.0,0.0,0.0
SIPA557,Kalyan Steels,Krishna,Vijayawada,,,,,AP,Active,2100.0,,,12,0,13,13,0,0,0,0,0,3,0,0,5,5,10,10,10,10,12,5,5,5,LLLLLH,NNNNNN,No Achievement,0,0.0,Consistently Weak Performer,3.4066666666666667,0,0.0,0.0,1.676467934680085,1.676467934680085,Tier 5,1335.0,1335.0,0.0,0.0
SIPA558,Lakshmi Enterprises,Cuddapah,Muddanur,,,,,AP,Active,52.5,,,13,0,11,0,0,0,12,0,0,7,0,0,10,10,10,10,10,10,10,10,10,10,LLHLLH,NNANNN,Low Achievement,15,0.0011164867882396724,Consistently Weak Performer,3.579166666666667,15,0.0,0.0,1.7613575781435826,1.7613575781435826,Tier 5,1335.0,1335.0,0.0,20020.0
SIPA559,Vijaya Krishna Iron & Cement Agencies,Guntur,Vinukonda,,,,,AP,Active,367.5,,,5,0,12,13,0,11,12,0,0,0,0,0,10,10,10,10,10,10,12,12,12,0,LHHLLL,NANNNA,Target Not Set,0,0.0,Consistently Weak Performer,4.429166666666666,0,0.0,0.0,2.1796543720216857,2.1796543720216857,Tier 5,1335.0,1335.0,0.0,0.0
SIPA560,Sri Lakshmi Ganesh Steels,East Godavari,Chagallu,,,,,AP,Active,210.0,,,,11,0,7,0,12,0,0,0,10,0,0,10,5,10,10,10,10,10,10,10,0,LHLLLH,NANNNA,Low Achievement,15,0.0011164867882396724,Consistently Weak Performer,3.2908333333333335,15,0.0,0.0,1.6194647441417944,1.6194647441417944,Tier 5,1335.0,1335.0,0.0,20020.0
SIPA561,Vizag Steel Shoppee,Krishna,Vijayawada,,,,,AP,Active,2100.0,,,,,,,5,0,0,0,0,0,0,0,5,0,0,0,10,10,12,12,12,12,HLLLLL,NNNNNN,Target Not Set,0,0.0,Consistently Weak Performer,0.4116666666666667,0,0.0,0.0,0.2025868786037089,0.2025868786037089,Tier 6,1165.0,1165.0,0.0,0.0
SIPA562,Rampuram Traders,Anantapur,Gudibanda,,,,,AP,Active,52.5,,,,6,0,0,0,0,0,0,0,0,0,0,5,0,10,10,10,10,10,10,10,10,LLLLHH,NNNNNN,Target Not Set,0,0.0,Consistently Weak Performer,0.5008333333333334,0,0.0,0.0,0.24646703247131388,0.24646703247131388,Tier 6,1165.0,1165.0,0.0,0.0
SIPA563,Sri Bramaramba Traders,Prakasam,Peda  Araveedu,,,,,AP,Active,31.5,,,,3,0,0,5,0,0,6,6,0,0,0,5,5,10,10,10,10,10,10,5,6,HLLHHL,NNNNAN,Low Achievement,10,0.000744324525493115,Fluctuating Performer,1.5741666666666667,10,0.0,0.0,0.7746692584664091,0.7746692584664091,Tier 5,1335.0,1335.0,0.0,13350.0
SIPA565,Malli Enterprises K,Guntur,Kakumanu,,,,,AP,Active,105.0,,,,,8,5,14,0,8,12,15,12,0,0,5,0,10,10,10,10,10,10,10,19,HLHHHH,ANNAAN,Moderate Achievement,15,0.0011164867882396724,Emerging Performer,6.095833333333334,15,0.0,0.0,2.9998441639395357,2.9998441639395357,Tier 4,1500.0,1650.0,150.0,24750.0
SIPA566,Dhanalaxmi Iron And General Stores ,West Godavari,Undi,,,,,AP,Active,525.0,,,,5,0,0,6,0,0,0,10,0,0,0,5,5,10,10,10,10,12,12,10,13,HLLLHL,NNNNAN,Low Achievement,10,0.000744324525493115,Consistently Weak Performer,1.7850000000000001,10,0.0,0.0,0.8784232671440172,0.8784232671440172,Tier 5,1335.0,1335.0,0.0,13350.0
SIPA571,Sree Ganesh Traders,Kurnool,Yemmiganuru,,,,,AP,Active,420.0,,,,18,0,16,13,20,13,13,20,30,0,0,0,5,10,10,10,10,15,10,10,10,HHHLHH,AANAAA,High Achievement,30,0.002232973576479345,Consistently Strong Performer,11.918333333333335,30,0.0,0.0,5.865177202004544,5.865177202004544,Tier 3,1665.0,2000.0,335.0,60000.0
SIPA572,B.P.R Enterprises,Kurnool,C Belagala,,,,,AP,Active,31.5,,,,8,0,0,0,6,0,0,0,0,0,0,0,5,10,10,10,10,10,10,10,10,LHLLLL,NNNNNN,Target Not Set,0,0.0,Consistently Weak Performer,1.0991666666666668,0,0.0,0.0,0.540915167769822,0.540915167769822,Tier 6,1165.0,1165.0,0.0,0.0
SIPA573,Sri Lakshmi Venkateswara Fertilisers,Cuddapah,Pullampet,,,,,AP,Active,26.25,,,,10,12,0,12,13,0,18,12,14,0,0,0,10,10,10,10,10,10,10,10,10,HHLHHH,AANAAA,High Achievement,20,0.00148864905098623,Consistently Strong Performer,7.568333333333332,20,0.0,0.0,3.724481845098955,3.724481845098955,Tier 4,1500.0,1800.0,300.0,36000.0
SIPA574,Shanvi Trdaers,Chittoor,Madanapalle,,,,,AP,Active,682.5,,,,,10,0,0,0,0,0,0,0,0,0,0,6,10,10,10,10,10,10,10,10,LLLLLH,NNNNNN,Target Not Set,0,0.0,Consistently Weak Performer,0.8058333333333333,0,0.0,0.0,0.39656176439228036,0.39656176439228036,Tier 6,1165.0,1165.0,0.0,0.0
SIPA577,Sree Balaji Iron & Hardware,Anantapur,Tadipatri,,,,,AP,Active,315.0,,,,,19,10,13,13,10,21,20,10,0,0,0,0,10,10,10,10,10,10,20,20,HHHHHL,AANANN,Moderate Achievement,20,0.00148864905098623,Emerging Performer,9.565,20,0.0,0.0,4.7070692158165395,4.7070692158165395,Tier 3,1665.0,1835.0,165.0,36700.0
SIPA578,Sri Siva Bala Enterprises,Krishna,Surampalli,,,,,AP,Active,31.5,,,,,5,0,0,0,0,0,2,0,0,0,0,0,10,10,10,10,12,12,12,12,LLLLHL,NNNNNN,No Achievement,0,0.0,Consistently Weak Performer,0.5683333333333334,0,0.0,0.0,0.2796847190439868,0.2796847190439868,Tier 6,1165.0,1165.0,0.0,0.0
SIPA579,Image Traders,Chittoor,Damalacheruvu,,,,,AP,Active,52.5,,,,,8,3,0,10,5,0,10,0,0,0,0,0,10,10,10,10,10,10,10,10,LHHLHL,NANNNN,Low Achievement,10,0.000744324525493115,Fluctuating Performer,3.0241666666666673,10,0.0,0.0,1.4882343774349387,1.4882343774349387,Tier 5,1335.0,1335.0,0.0,13350.0
SIPA580,Noor Traders,Chittoor,Sambepalli,,,,,AP,Active,31.5,,,,,8,12,0,7,15,9,10,10,0,0,0,0,10,10,10,10,10,10,10,10,LHHHHH,NNANAA,Moderate Achievement,15,0.0011164867882396724,Emerging Performer,5.906666666666666,15,0.0,0.0,2.906752622556859,2.906752622556859,Tier 4,1500.0,1650.0,150.0,24750.0
SIPA581,Vigneswara Enterprises,Nellore,Venkatagiri,,,,,AP,Active,178.5,,,,,14,12,10,0,12,0,10,7,0,0,0,0,10,10,10,10,10,10,10,10,HLHLHL,NNANAN,Low Achievement,15,0.0011164867882396724,Fluctuating Performer,5.427499999999999,15,0.0,0.0,2.6709480573804774,2.6709480573804774,Tier 4,1500.0,1500.0,0.0,22500.0
SIPA582,Swathi Hardwares & Cements,Cuddapah,Obulavaripalli,,,,,AP,Active,105.0,,,,,11,0,0,8,0,12,12,6,0,0,0,0,10,10,10,10,10,10,10,10,LHLHHH,NNNAAN,Low Achievement,15,0.0011164867882396724,Emerging Performer,4.0024999999999995,15,0.0,0.0,1.969685785290716,1.969685785290716,Tier 5,1335.0,1465.0,135.0,21980.0
SIPA584,Dhanalakshmi Enterprises (New),East Godavari,Mandapeta,,,,,AP,Active,367.5,,,,,12,0,0,32,0,0,10,,0,0,0,0,10,10,10,10,20,10,10,0,LHLLHL,NANNAA,Low Achievement,25,0.0018608113137327876,Fluctuating Performer,4.496666666666666,25,0.0,0.0,2.212872058594358,2.212872058594358,Tier 4,1500.0,1500.0,0.0,37500.0
SIPA590,Labbaik Steels,Anantapur,Hindupur,,,,,AP,Active,682.5,,,,,,30,0,0,0,0,0,0,0,0,0,0,0,10,10,10,20,10,10,10,LLLLLL,NNNNNN,Target Not Set,0,0.0,Consistently Weak Performer,2.5225,0,0.0,0.0,1.2413572500676655,1.2413572500676655,Tier 5,1335.0,1335.0,0.0,0.0
SIPA591,GVR Traders,Guntur,Sattenapalli,,,,,AP,Active,210.0,,,,,,14,11,0,12,0,13,12,0,0,0,0,0,10,10,10,12,12,12,12,HLHLHH,ANANAA,Moderate Achievement,15,0.0011164867882396724,Consistently Strong Performer,5.141666666666667,15,0.0,0.0,2.5302855080665663,2.5302855080665663,Tier 4,1500.0,1800.0,300.0,27000.0
SIPA592,R K Agencies,Kurnool,Nandyal,,,,,AP,Active,1050.0,,,,,,15,0,10,5,9,11,30,0,0,0,0,0,10,10,10,10,10,10,10,LHHHHH,NNNNAA,Low Achievement,20,0.00148864905098623,Emerging Performer,6.688333333333333,20,0.0,0.0,3.291421634966331,3.291421634966331,Tier 4,1500.0,1650.0,150.0,33000.0
SIPA593,Venkatalakshmi Traders,Cuddapah,Mydukur,,,,,AP,Active,168.0,,,,,,13,5,10,0,0,7,12,0,0,0,0,0,10,10,10,10,10,10,10,HHLLHH,NANNNA,Low Achievement,15,0.0011164867882396724,Emerging Performer,3.8458333333333337,15,0.0,0.0,1.8925879448504386,1.8925879448504386,Tier 5,1335.0,1465.0,135.0,21980.0
SIPA594,Sri Sambasiva Enterprises,Guntur,Bapatla,,,,,AP,Active,210.0,,,,,,5,0,5,6,5,4,8,0,0,0,0,0,10,10,10,10,10,10,6,LHHHHH,NNNNNA,Low Achievement,10,0.000744324525493115,Emerging Performer,2.716666666666667,10,0.0,0.0,1.3369093608260951,1.3369093608260951,Tier 5,1335.0,1465.0,135.0,14650.0
SIPA595,Sandeep Enterprises,West Godavari,Akividu,,,,,AP,Active,105.0,,,,,,10,0,0,8,0,0,0,0,0,0,0,0,10,10,10,12,12,10,0,LLHLLL,NNNNNA,Target Not Set,0,0.0,Consistently Weak Performer,1.4583333333333333,0,0.0,0.0,0.7176660679281185,0.7176660679281185,Tier 5,1335.0,1335.0,0.0,0.0
SIPA596,Sree Lakshmi Devi Traders,Krishna,Avanigadda,,,,,AP,Active,126.0,,,,,,12,9,12,12,0,0,13,0,0,0,0,0,10,10,10,12,12,12,12,HHHLLH,NANNNA,Low Achievement,15,0.0011164867882396724,Emerging Performer,4.8025,15,0.0,0.0,2.3633768854112844,2.3633768854112844,Tier 4,1500.0,1650.0,150.0,24750.0
SIPA597,Suramma Steel & Cement,Vizianagaram,Bobbili,,,,,AP,Active,315.0,,,,,,20,0,0,20,0,18,0,0,0,0,0,0,10,10,10,12,12,12,23,LLHLHL,NNANAN,Low Achievement,25,0.0018608113137327876,Consistently Weak Performer,4.9125,25,0.0,0.0,2.417509411677862,2.417509411677862,Tier 4,1500.0,1500.0,0.0,37500.0
SIPA598,Sai Baba Traders,Prakasam,Ongole,,,,,AP,Active,525.0,,,,,,20,20,12,12,0,15,0,0,0,0,0,0,10,10,10,10,15,15,15,HHHLHL,AAANAN,Moderate Achievement,15,0.0011164867882396724,Consistently Strong Performer,6.655833333333334,15,0.0,0.0,3.2754279340239334,3.2754279340239334,Tier 4,1500.0,1800.0,300.0,27000.0
SIPA599,New Anantapurr Steels and Cements,Anantapur,Anantapur,,,,,AP,Active,2100.0,,,,,,13,0,17,0,24,16,28,0,0,0,0,0,10,10,10,10,10,15,15,LHLHHH,NANAAA,Moderate Achievement,30,0.002232973576479345,Consistently Strong Performer,8.1875,30,0.0,0.0,4.029182352796437,4.029182352796437,Tier 4,1500.0,1800.0,300.0,54000.0
SIPA600,Sri Lakshmi Srinivasa Agencies,Guntur,Krosuru,,,,,AP,Active,105.0,,,,,,,,5,0,0,0,0,0,0,0,0,0,10,0,10,12,12,12,0,HHLLLL,ANNNNA,Target Not Set,0,0.0,Consistently Weak Performer,0.39166666666666666,0,0.0,0.0,0.1927446011006947,0.1927446011006947,Tier 6,1165.0,1165.0,0.0,0.0
SIPA601,D S R Cement Marketing,Kurnool,Kurnool,,,,,AP,Active,2625.0,,,,,,8,41,22,26,51,52,61,0,0,0,0,0,10,10,10,20,10,25,25,HHHHHH,AAAAAA,High Achievement,65,0.004838109415705247,Consistently Strong Performer,21.820833333333336,65,0.0,0.0,10.73833485068445,10.73833485068445,Tier 2,1835.0,2200.0,365.0,143000.0
SIPA602,Sri Mukesh Traders,Visakhapatnam,Pinagadi,,,,,AP,Active,420.0,,,,,,6,4,0,10,0,0,0,0,0,0,0,0,0,10,10,10,10,10,0,HLHLLL,NNANNA,Target Not Set,0,0.0,Consistently Weak Performer,1.7208333333333332,0,0.0,0.0,0.8468459601551798,0.8468459601551798,Tier 5,1335.0,1335.0,0.0,0.0
SIPA603,Sri Kanaka Mahalakshmi Enterprises,Vizianagaram,S Kota,,,,,AP,Active,105.0,,,,,,5,0,0,0,0,0,0,0,0,0,0,0,0,10,10,12,10,0,0,LLLLLL,NNNNAA,Target Not Set,0,0.0,Consistently Weak Performer,0.44,0,0.0,0.0,0.21653010506631232,0.21653010506631232,Tier 6,1165.0,1165.0,0.0,0.0
SIPA604,Sri Balaji Traders,Anantapur,Hindupur,,,,,AP,Active,682.5,,,,,,,35,0,20,20,25,25,0,0,0,0,0,0,10,10,20,10,25,25,HLHHHH,ANAANN,Moderate Achievement,30,0.002232973576479345,Emerging Performer,10.365,30,0.0,0.0,5.100760315937108,5.100760315937108,Tier 3,1665.0,1835.0,165.0,55050.0
SIPA605,Sri Sapthagiri Enterprises,Anantapur,Hindupur,,,,,AP,Active,682.5,,,,,,,41,15,10,10,14,15,0,0,0,0,0,0,10,10,20,10,25,25,HHHLHL,AANNNN,Low Achievement,15,0.0011164867882396724,Emerging Performer,8.740833333333335,15,0.0,0.0,4.301485363713164,4.301485363713164,Tier 3,1665.0,1835.0,165.0,27520.0
SIPA606,Sri Vijayawada Steels & Cements,East Godavari,Tuni,,,,,AP,Active,630.0,,,,,,,6,0,0,0,0,6,0,0,0,0,0,0,10,10,10,10,10,0,HLLLLH,NNNNNA,No Achievement,5,0.0003721622627465575,Consistently Weak Performer,0.995,5,0.0,0.0,0.48965330577495625,0.48965330577495625,Tier 6,1165.0,1165.0,0.0,5820.0
SIPA607,SSV Steel Corporation,Guntur,Nallacheruvu,,,,,AP,Active,52.5,,,,,,,11,0,12,13,13,0,0,0,0,0,0,0,10,10,12,12,12,16,HLHHHL,ANNAAN,Moderate Achievement,15,0.0011164867882396724,Emerging Performer,4.071666666666666,15,0.0,0.0,2.003723661655307,2.003723661655307,Tier 5,1335.0,1465.0,135.0,21980.0
SIPA608,Sri Vijayalakshmi Steels,Vizianagaram,Parvathipuram,,,,,AP,Active,525.0,,,,,,,,13,0,15,15,0,0,0,0,0,0,0,0,10,10,10,10,19,HHLHHL,AANAAN,Moderate Achievement,20,0.00148864905098623,Consistently Strong Performer,3.6008333333333336,20,0.0,0.0,1.7720200454385147,1.7720200454385147,Tier 5,1335.0,1600.0,265.0,32000.0
SIPA609,Sri Leelaram Steel Traders,Guntur,Guntur,,,,,AP,Active,1260.0,,,,,,,14,14,15,12,12,12,0,0,0,0,0,0,10,10,12,12,12,15,HHHHHH,AAAANN,Moderate Achievement,15,0.0011164867882396724,Consistently Strong Performer,6.5616666666666665,15,0.0,0.0,3.229087210780574,3.229087210780574,Tier 4,1500.0,1800.0,300.0,27000.0
SIPA610,Uma Dhana Lakshmi Building Materials,Visakhapatnam,Madhurawada -Vskp,,,,,AP,Active,420.0,,,,,,,7,7,6,5,8,4,0,0,0,0,0,0,10,10,10,10,10,10,HHHHHL,NNNNNN,No Achievement,10,0.000744324525493115,Emerging Performer,3.098333333333333,10,0.0,0.0,1.5247328231752826,1.5247328231752826,Tier 5,1335.0,1465.0,135.0,14650.0
SIPA611,Sri Vijaya Ganapathi Traders,Nellore,Nadidupet,,,,,AP,Active,262.5,,,,,,,20,0,10,10,0,0,0,0,0,0,0,0,10,10,10,10,10,10,HLHHLL,ANNNNN,Low Achievement,15,0.0011164867882396724,Fluctuating Performer,3.3083333333333336,15,0.0,0.0,1.6280767369569318,1.6280767369569318,Tier 5,1335.0,1335.0,0.0,20020.0
SIPA612,Sri Srinivasa Steel And Cement,Anantapur,Kokkanti,,,,,AP,Active,84.0,,,,,,,9,0,0,9,0,10,0,0,0,0,0,0,10,10,10,10,10,10,HLLHLH,NNNNNN,No Achievement,10,0.000744324525493115,Fluctuating Performer,2.325833333333333,10,0.0,0.0,1.1445748546213592,1.1445748546213592,Tier 5,1335.0,1335.0,0.0,13350.0
SIPA613,Sri Nagarangam Traders,Kurnool,Kurnool,,,,,AP,Active,2625.0,,,,,,,,6,0,0,6,0,0,0,0,0,0,0,0,10,10,10,10,10,HHLLHL,ANNNNN,No Achievement,5,0.0003721622627465575,Fluctuating Performer,0.9175,5,0.0,0.0,0.4515144804507763,0.4515144804507763,Tier 6,1165.0,1165.0,0.0,5820.0
SIPA614,Jai Sriram Nareshkumar Industries Llp,Chittoor,Madanapalli,,,,,AP,Active,682.5,,,,,,,,25,12,19,0,29,0,0,0,0,0,0,0,10,20,20,20,20,HHHHLH,AANNNA,Low Achievement,25,0.0018608113137327876,Emerging Performer,7.077500000000001,25,0.0,0.0,3.482935951379149,3.482935951379149,Tier 4,1500.0,1650.0,150.0,41250.0
SIPA615,New Sri Hanuman Iron Mart,Kurnool,Adhoni,,,,,AP,Active,262.5,,,,,,,,17,21,36,30,65,0,0,0,0,0,0,0,10,15,20,30,30,HHHHHH,AAAAAA,High Achievement,55,0.004093784890212133,Consistently Strong Performer,14.1075,55,0.0,0.0,6.9424964936886395,6.9424964936886395,Tier 2,1835.0,2200.0,365.0,121000.0
SIPA616,Achyutha Ramayya Cement And General Stores,East Godavari,Lankalagannavaram,,,,,AP,Active,52.5,,,,,,,,11,23,19,41,40,0,0,0,0,0,0,0,10,10,12,12,51,HHHHHH,AAAAAN,Moderate Achievement,40,0.00297729810197246,Consistently Strong Performer,11.108333333333334,40,0.0,0.0,5.466564963132469,5.466564963132469,Tier 3,1665.0,2000.0,335.0,80000.0
SIPA617,Sri Vasavi Infra,East Godavari,Ravulapalem,,,,,AP,Active,262.5,,,,,,,,11,0,4,0,5,0,0,0,0,0,0,0,10,10,10,10,0,HHLHLH,AANNNA,Low Achievement,15,0.0011164867882396724,Emerging Performer,1.6291666666666667,15,0.0,0.0,0.8017355215996981,0.8017355215996981,Tier 5,1335.0,1465.0,135.0,21980.0
SIPA618,Himalaya Enterprises,Kurnool,Bethamcherla,,,,,AP,Active,105.0,,,,,,,,12,0,0,12,11,0,0,0,0,0,0,0,10,10,10,10,10,HHLLHH,AANNAA,Moderate Achievement,15,0.0011164867882396724,Consistently Strong Performer,2.901666666666667,15,0.0,0.0,1.4279504277289765,1.4279504277289765,Tier 5,1335.0,1600.0,265.0,24000.0
SIPA619,Sri Simhadri Steels,East Godavari,Rajahmundry,,,,,AP,Active,1575.0,,,,,,,,24,22,0,0,0,0,0,0,0,0,0,0,10,25,25,25,0,HHHLLL,AANNNA,Target Not Set,0,0.0,Fluctuating Performer,3.7641666666666667,0,0.0,0.0,1.8523986450464638,1.8523986450464638,Tier 5,1335.0,1335.0,0.0,0.0
SIPA620,Mahadev Steel Traders,Anantapur,Amarapuram,,,,,AP,Active,105.0,,,,,,,,14,0,0,16,0,0,0,0,0,0,0,0,10,10,10,10,10,HHLLHL,AANNAN,Low Achievement,20,0.00148864905098623,Fluctuating Performer,2.4924999999999997,20,0.0,0.0,1.2265938338131441,1.2265938338131441,Tier 5,1335.0,1335.0,0.0,26700.0
SIPA621,Kakinada Steel Corporation,East Godavari,Nadakuduru,,,,,AP,Active,,,,,,,,,12,0,0,6,7,0,0,0,0,0,0,0,10,12,12,12,7,HHLLHH,AANNNA,Low Achievement,10,0.000744324525493115,Emerging Performer,2.12,10,0.0,0.0,1.043281415319505,1.043281415319505,Tier 5,1335.0,1465.0,135.0,14650.0
SIPA623,Kumpatla Venkata Rao Steels,West Godavari,Pengonda,,,,,AP,Active,105.0,,,,,,,,,12,0,0,0,0,0,0,0,0,0,0,0,0,10,10,0,HHHLLL,AAANNA,Target Not Set,0,0.0,Target-Oriented Performer,1.0341666666666667,0,0.0,0.0,0.5089277658850258,0.5089277658850258,Tier 6,1165.0,1225.0,60.0,0.0
SIPA624,Shri Ramdev Steel Traders,Anantapur,Kalyanadurgam,,,,,AP,Active,,,,,,,,,,6,0,0,0,0,0,0,0,0,0,0,0,5,5,10,10,HHHLLL,AAANNN,Target Not Set,0,0.0,Declining Performer,0.48833333333333334,0,0.0,0.0,0.24031560903192997,0.24031560903192997,Tier 6,1165.0,1165.0,0.0,0.0
SIPA625,KSN TRADERS ,Visakhapatnam,Chodavaram,,,,,AP,Active,,,,,,,,,,,0,0,0,0,0,0,0,0,0,0,0,0,0,0,0,HHHHHH,AAAAAA,Target Not Set,0,0.0,Consistently Strong Performer,0.0,0,0.0,0.0,0.0,0.0,Tier 6,1165.0,1400.0,235.0,0.0
SIPA627,Sri Ganapathi Steel Corporation,East Godavari,Venkatayapalem,,,,,AP,Active,262.5,,,,,,,,,26,10,14,25,0,0,0,0,0,0,0,0,12,10,10,18,HHHHHH,AAANAA,Moderate Achievement,20,0.00148864905098623,Consistently Strong Performer,6.2775,20,0.0,0.0,3.089244851258581,3.089244851258581,Tier 4,1500.0,1800.0,300.0,36000.0
SIPA629,Harun Agencies,Chittoor,Sodum,,,,,AP,Active,52.5,,,,,,,,,10,0,10,0,0,0,0,0,0,0,0,0,10,10,6,6,HHHLHL,AANNAN,Low Achievement,15,0.0011164867882396724,Emerging Performer,1.64,15,0.0,0.0,0.8070667552471642,0.8070667552471642,Tier 5,1335.0,1465.0,135.0,21980.0
SIPA630,Godavari Steels,East Godavari,Nidadavole,,,,,AP,Active,157.5,,,,,,,,,12,0,0,0,0,0,0,0,0,0,0,0,25,12,12,0,HHHLLL,AANNNA,Target Not Set,0,0.0,Fluctuating Performer,1.0258333333333334,0,0.0,0.0,0.5048268169254365,0.5048268169254365,Tier 6,1165.0,1165.0,0.0,0.0
SIPA631,Sri Lakshmi Nandhini Electrical & Traders,Cuddapah,Rajupalem,,,,,AP,Active,105.0,,,,,,,,,5,0,0,0,0,0,0,0,0,0,0,0,10,10,10,10,HHHLLL,AANNNN,Target Not Set,0,0.0,Declining Performer,0.41500000000000004,0,0.0,0.0,0.2042272581875446,0.2042272581875446,Tier 6,1165.0,1165.0,0.0,0.0
SIPA632,Naidu Enterprises,Vizianagaram,Pachipenta,,,,,AP,Active,,,,,,,,,,9,10,0,9,0,0,0,0,0,0,0,0,10,10,10,0,HHHHLH,AANNNA,No Achievement,10,0.000744324525493115,Emerging Performer,2.2925,10,0.0,0.0,1.1281710587830023,1.1281710587830023,Tier 5,1335.0,1465.0,135.0,14650.0
SIPA633,Rajahmundry Steels,East Godavari,Rajahmundry,,,,,AP,Active,1575.0,,,,,,,,,51,0,20,24,0,0,0,0,0,0,0,0,50,50,50,25,HHHLHH,AAANNN,Low Achievement,35,0.0026051358392259025,Emerging Performer,7.952500000000001,35,0.0,0.0,3.91353559213602,3.91353559213602,Tier 4,1500.0,1650.0,150.0,57750.0
SIPA634,Vamana Enterprises,Prakasam,Giddalur,,,,,AP,Active,115.5,,,,,,,,,12,0,0,0,0,0,0,0,0,0,0,0,10,12,12,12,HHHLLL,AAANNN,Target Not Set,0,0.0,Declining Performer,1.0341666666666667,0,0.0,0.0,0.5089277658850258,0.5089277658850258,Tier 6,1165.0,1165.0,0.0,0.0
SIPA635,Sri Gowri Sankar Trading Company,Krishna,Kankipadu,,,,,AP,Active,,,,,,,,,,,7,0,2,0,0,0,0,0,0,0,0,0,10,10,10,HHHHLH,AAANNN,No Achievement,10,0.000744324525493115,Emerging Performer,0.7491666666666666,10,0.0,0.0,0.36867531146707344,0.36867531146707344,Tier 6,1165.0,1285.0,115.0,12850.0
SIPA637,Poorna Traders,Guntur,Kanagala,,,,,AP,Active,,,,,,,,,,,4,0,8,0,0,0,0,0,0,0,0,0,5,5,0,HHHHLH,AAANNA,No Achievement,10,0.000744324525493115,Consistently Strong Performer,0.9841666666666667,10,0.0,0.0,0.48432207212749034,0.48432207212749034,Tier 6,1165.0,1400.0,235.0,14000.0
SIPT001,Meghraj Omprakash,Adilabad,Adilabad,Non-Exclusive,708972.0,157910.0,450.45,TG,Active,1000.0,52,42,51,40,35,30,51,30,0,30,30,59,35,40,50,40,45,45,50,50,50,30,30,35,HLLLHH,ANNNNA,Low Achievement,45,0.0033494603647190174,Fluctuating Performer,37.5175,45,45.044999999999995,8.32889332889333,18.462882310966755,18.462882310966755,Tier 1,2000.0,2000.0,0.0,90000.0
SIPT008,Raj Trading Co.,Mancherial,Mancherial,Exclusive,807037.0,86911.0,347.55,TG,Active,800.0,112,67,73,74,87,85,68,31,64,45,60,67,80,100,100,100,100,100,110,110,80,60,60,65,LLLLLH,NNNNAA,Low Achievement,60,0.00446594715295869,Consistently Weak Performer,69.39166666666667,60,43.44375,19.96595214117873,34.14860198649967,34.14860198649967,Tier 1,2000.0,2000.0,0.0,120000.0
SIPT010,Sri Laxmi Narasimhaswamy Iron And Steel,Nirmal,Nirmal,Non-Exclusive,709418.0,32034.0,102.9,TG,Active,800.0,51,68,42,48,42,20,50,51,35,30,75,65,35,40,50,40,40,40,50,50,50,30,30,35,HHLLHH,NANAAA,Moderate Achievement,65,0.004838109415705247,Consistently Strong Performer,48.1,65,12.862500000000002,46.7444120505345,23.670677394749145,23.670677394749145,Tier 1,2000.0,2400.0,400.0,156000.0
SIPT014,Jairaj Steel Distributors,Hyderabad,Balkampet,Non-Exclusive,3943323.0,,0.0,TG,Active,3000.0,105,124,84,84,87,81,43,71,100,52,44,107,120,120,130,130,150,150,150,150,100,100,100,110,LLHLLH,NNANNN,Low Achievement,70,0.005210271678451805,Consistently Weak Performer,81.81833333333331,70,0.0,100.0,40.26393707503915,40.26393707503915,Tier 1,2000.0,2000.0,0.0,140000.0
SIPT017,Dwaraka Steels,Medchal Malkajgiri,Boduppal,Non-Exclusive,2460095.0,,113.4,TG,Active,600.0,0,0,0,0,0,0,0,0,14,29,12,16,0,0,0,0,0,0,0,0,10,10,10,11,HHHHHH,AAAAAA,Moderate Achievement,25,0.0018608113137327876,Consistently Strong Performer,5.9508333333333345,25,18.9,5.2476484420928875,2.928487652042683,2.928487652042683,Tier 4,1500.0,1800.0,300.0,45000.0
SIPT020,Srinivasa Steel Traders (C),Rangareddy,Champapet,Non-Exclusive,2426243.0,369034.0,346.5,TG,Active,600.0,26,25,25,20,30,30,20,0,20,20,20,20,20,20,20,20,30,30,30,30,30,20,20,22,LLLLLH,NNNNNN,No Achievement,20,0.00148864905098623,Consistently Weak Performer,21.299166666666668,20,57.75,6.146945646945647,10.481615445814162,10.481615445814162,Tier 2,1835.0,1835.0,0.0,36700.0
SIPT026,Sri Rama Steel Agencies,Rangareddy,Hayath Nagar,Non-Exclusive,2426243.0,121590.0,108.15,TG,Active,210.0,26,25,27,29,38,30,41,39,50,49,44,41,25,25,40,40,30,30,30,30,35,40,40,55,HHHHHL,AAAAAN,High Achievement,55,0.004093784890212133,Consistently Strong Performer,36.63833333333333,55,51.5,33.87733086762212,18.03023219573009,18.03023219573009,Tier 1,2000.0,2400.0,400.0,132000.0
SIPT031,Srinivasa Steel Traders (H),Medchal Malkajgiri,Kukatpally,Non-Exclusive,2460095.0,254086.0,109.2,TG,Active,2500.0,40,60,58,32,59,51,37,50,54,59,75,79,50,50,60,60,50,50,50,50,50,60,60,70,LHHHHH,NNANAA,Moderate Achievement,80,0.00595459620394492,Emerging Performer,54.45916666666667,80,4.368,49.87103174603175,26.8001115458117,26.8001115458117,Tier 1,2000.0,2200.0,200.0,176000.0
SIPT035,Nagarjuna Steel Enterprises,Rangareddy,Narsingi,Non-Exclusive,2426243.0,57330.0,497.7,TG,Active,800.0,54,40,43,40,36,37,26,15,35,45,41,65,50,60,60,60,60,60,60,60,60,40,40,45,LLHHHH,NNNAAA,Moderate Achievement,55,0.004093784890212133,Emerging Performer,39.82916666666666,55,62.212500000000006,8.002645502645501,19.600485552356812,19.600485552356812,Tier 1,2000.0,2200.0,200.0,121000.0
SIPT036,Nagarjuna Steel Suppliers,Medchal Malkajgiri,Nizampet,Non-Exclusive,2460095.0,48835.0,73.5,TG,Active,300.0,0,10,0,0,0,0,10,0,0,0,0,0,10,10,10,10,10,10,10,10,10,10,10,11,HLLLLL,NNNNNN,Target Not Set,0,0.0,Consistently Weak Performer,1.6775000000000002,0,24.5,2.2823129251700682,0.8255210255653159,0.8255210255653159,Tier 5,1335.0,1335.0,0.0,0.0
SIPT042,Baheti Steels,Rangareddy,Saroornagar,Non-Exclusive,2426243.0,,6.3,TG,Active,210.0,13,40,15,25,12,33,0,18,18,44,0,27,20,20,20,20,30,30,30,30,30,25,25,28,LLHHLH,NNNANN,Low Achievement,35,0.0026051358392259025,Fluctuating Performer,20.523333333333333,35,3.0,100.0,10.099817097676402,10.099817097676402,Tier 2,1835.0,1835.0,0.0,64220.0
SIPT044,Mahalaxmi Steels,Medchal Malkajgiri,Suraram,Exclusive,2460095.0,383654.0,170.1,TG,Active,250.0,27,51,10,21,50,52,28,16,27,14,30,60,50,50,50,40,50,50,50,50,50,30,30,35,LLLLLH,NNNNAA,Low Achievement,40,0.00297729810197246,Consistently Weak Performer,32.115,40,68.04,18.880070546737215,15.804237100465048,15.804237100465048,Tier 1,2000.0,2000.0,0.0,80000.0
SIPT047,Mallikarjuna Steel Traders,Medchal Malkajgiri,Neredmet,Non-Exclusive,2460095.0,,420.0,TG,Active,500.0,78,84,81,81,74,76,52,40,62,42,51,80,120,120,120,120,110,110,110,110,110,90,90,100,LLLLLH,NNNNNN,No Achievement,60,0.00446594715295869,Consistently Weak Performer,66.81166666666667,60,84.0,15.907539682539682,32.87894818861084,32.87894818861084,Tier 1,2000.0,2000.0,0.0,120000.0
SIPT056,Mahalakshmi Iron & Hardware Merchants,Karimnagar,Jammikunta,Exclusive,1162156.0,72666.0,392.7,TG,Active,400.0,0,72,61,31,61,60,50,51,26,40,40,55,60,60,60,60,60,60,50,50,50,50,50,55,HLLLLH,AANNNA,Moderate Achievement,55,0.004093784890212133,Fluctuating Performer,45.73333333333333,55,98.175,11.64587046939988,22.506007890225792,22.506007890225792,Tier 1,2000.0,2000.0,0.0,110000.0
SIPT061,Shiva Sai Iron & Hardware,Peddapalli,Manthani,Non-Exclusive,635391.0,,56.7,TG,Active,2000.0,0,0,0,0,0,0,0,0,12,0,9,11,0,10,10,0,0,0,0,0,0,0,0,0,HHHLHH,AAAAAA,No Achievement,10,0.000744324525493115,Consistently Strong Performer,2.6925000000000003,10,2.835,4.748677248677248,1.3250166088432864,1.3250166088432864,Tier 5,1335.0,1600.0,265.0,16000.0
SIPT067,Ramakrishna Agencies,Rajanna Sircilla,Sircilla,Non-Exclusive,552037.0,92001.0,98.7,TG,Active,400.0,58,20,19,20,27,12,16,31,30,12,13,11,25,25,25,20,30,30,20,20,25,25,20,22,LHHLLL,NAANNN,Low Achievement,15,0.0011164867882396724,Consistently Weak Performer,22.320833333333336,15,24.675,22.614826072272884,10.984391788259803,10.984391788259803,Tier 2,1835.0,1835.0,0.0,27520.0
SIPT071,Sri Kanakadurga Steel Syndicate,Khammam,Kalluru,Non-Exclusive,1401639.0,63828.0,69.3,TG,Active,36.75,0,13,16,0,0,15,15,10,0,10,0,15,10,20,15,10,10,10,10,10,10,10,10,11,HHLHLH,ANNANA,Moderate Achievement,15,0.0011164867882396724,Emerging Performer,7.726666666666667,15,100.0,11.14959114959115,3.8023998753311514,3.8023998753311514,Tier 4,1500.0,1650.0,150.0,24750.0
SIPT073,Sumedha Steels & Generals,Khammam,Khammam,Non-Exclusive,1401639.0,356857.0,69.3,TG,Active,2000.0,46,30,0,12,30,0,0,0,0,0,0,0,20,30,30,15,15,15,10,10,15,0,0,0,LLLLLH,NNNAAA,Target Not Set,0,0.0,Fluctuating Performer,9.83,0,3.465,14.184704184704186,4.837479392731478,4.837479392731478,Tier 3,1665.0,1665.0,0.0,0.0
SIPT077,Kinnera Agencies,Bhadradri Kothagudem,Palvancha,Non-Exclusive,1069261.0,113872.0,75.6,TG,Active,380.0,30,11,0,10,0,20,25,0,0,12,19,30,15,20,20,20,20,20,20,20,20,20,20,22,HLLHHH,ANNNNA,Low Achievement,25,0.0018608113137327876,Emerging Performer,13.11,25,19.894736842105264,17.341269841269842,6.451612903225806,6.451612903225806,Tier 3,1665.0,1835.0,165.0,45880.0
SIPT080,Sri Sri Sri Venkata Sai Rama Iron Syndicate,Khammam,Wyra,Non-Exclusive,1401639.0,54320.0,14.7,TG,Active,65.0,50,15,20,0,23,23,0,20,9,0,0,9,20,20,20,10,22,22,20,20,25,20,20,22,LHLLLH,NANNNN,Low Achievement,15,0.0011164867882396724,Consistently Weak Performer,14.080833333333333,15,22.615384615384613,95.78798185941044,6.929373457017954,6.929373457017954,Tier 2,1835.0,1835.0,0.0,27520.0
SIPT083,Jayalaxmi Cement Hardware & Electricals,Wanaparthy,Atmakur,Exclusive,577758.0,38467.0,50.4,TG,Active,157.5,44,46,25,24,31,32,35,36,36,10,15,30,25,25,25,25,30,30,35,35,35,30,25,25,HHHLLH,NAANNA,Moderate Achievement,25,0.0018608113137327876,Emerging Performer,30.315833333333334,25,32.0,60.15046296296297,14.91884222008973,14.91884222008973,Tier 1,2000.0,2200.0,200.0,55000.0
SIPT087,New Laxmi Agencies,Mahabubnagar,Jadcherla,Non-Exclusive,905660.0,104141.0,69.3,TG,Inactive,315.0,29,0,0,0,0,0,0,0,0,0,,,25,0,0,0,0,0,0,0,0,0,0,0,LHHHHH,AAAAAA,Target Not Set,0,0.0,Consistently Strong Performer,2.38,0,22.0,3.4343434343434343,1.1712310228586895,1.1712310228586895,Tier 5,1335.0,1600.0,265.0,0.0
SIPT089,Balaji Traders (K),Nagarkurnool,Kollapur,Non-Exclusive,861766.0,55466.0,1.05,TG,Active,40.0,0,20,11,0,0,13,0,0,11,0,15,0,10,10,10,10,10,10,10,10,10,15,15,16,LLHLHL,NNANNN,Low Achievement,15,0.0011164867882396724,Consistently Weak Performer,5.770833333333333,15,2.6250000000000004,100.0,2.8399071545155548,2.8399071545155548,Tier 4,1500.0,1500.0,0.0,22500.0
SIPT090,Pragathi Traders,Wanaparthy,Kothakota,Non-Exclusive,577758.0,59331.0,50.4,TG,Active,84.0,6,0,19,0,11,11,10,12,11,10,10,19,15,15,15,15,20,20,10,10,10,10,10,12,HHHHLH,AAANAA,High Achievement,20,0.00148864905098623,Consistently Strong Performer,9.99,20,60.0,19.821428571428573,4.916217612755592,4.916217612755592,Tier 3,1665.0,2000.0,335.0,40000.0
SIPT092,Quadeeriya Traders,Mahabubnagar,Marikal,Non-Exclusive,905660.0,,13.65,TG,Active,80.0,48,35,39,0,35,15,17,17,34,24,25,47,25,30,40,30,40,40,35,35,35,25,25,25,LLHHHH,NNNNNA,Low Achievement,35,0.0026051358392259025,Emerging Performer,28.10083333333333,35,17.0625,100.0,13.828809986630905,13.828809986630905,Tier 1,2000.0,2200.0,200.0,77000.0
SIPT095,Bhagvathi Sanitary & Hardware,Wanaparthy,Pebbair,Exclusive,577758.0,48749.0,19.95,TG,Active,75.0,17,26,20,17,22,13,20,19,14,0,20,17,15,15,20,20,25,25,20,20,20,20,15,16,HLLLHH,ANNNAA,Moderate Achievement,20,0.00148864905098623,Fluctuating Performer,17.098333333333333,20,26.6,85.70593149540517,8.41432707528522,8.41432707528522,Tier 2,1835.0,1835.0,0.0,36700.0
SIPT098,Sohail Iron & Hardware,Mahabubnagar,Shanthinagar,Non-Exclusive,905660.0,,95.55,TG,Active,210.0,12,0,25,27,0,10,0,10,10,20,14,16,20,20,20,25,25,25,20,20,20,20,20,15,LHLHHH,NNNNNA,Low Achievement,20,0.00148864905098623,Emerging Performer,11.951666666666666,20,45.49999999999999,12.508285365428224,5.8815809978429,5.8815809978429,Tier 3,1665.0,1835.0,165.0,36700.0
SIPT099,Shiva Shankar Traders,Wanaparthy,Wanaparthi,Non-Exclusive,577758.0,,77.7,TG,Active,250.0,40,27,0,11,0,0,20,0,5,0,19,0,30,35,40,30,20,20,20,20,22,20,20,22,HLLLHL,NNNNNN,No Achievement,20,0.00148864905098623,Consistently Weak Performer,10.178333333333333,20,31.080000000000002,13.099528099528099,5.008899059242308,5.008899059242308,Tier 3,1665.0,1665.0,0.0,33300.0
SIPT105,Medak Steel Corporation,Medak,Ramachandrapuram,Non-Exclusive,766153.0,,84.0,TG,Active,73.5,34,37,12,27,0,32,6,10,12,12,12,12,20,20,20,20,20,20,20,20,25,20,20,22,LLLLLL,NNNNNN,No Achievement,15,0.0011164867882396724,Consistently Weak Performer,17.085833333333337,15,100.0,20.340277777777782,8.408175651845838,8.408175651845838,Tier 2,1835.0,1835.0,0.0,27520.0
SIPT109,Siddeshwara Traders,Yadadri Bhuvanagiri,Bhongir,Non-Exclusive,770833.0,,90.3,TG,Active,450.0,0,30,30,15,31,30,35,0,31,0,25,29,30,30,25,30,30,30,30,30,35,30,30,33,HLHLHH,ANNNNN,Low Achievement,35,0.0026051358392259025,Emerging Performer,21.374166666666667,35,20.066666666666666,23.67017349575489,10.518523986450464,10.518523986450464,Tier 2,1835.0,2015.0,185.0,70520.0
SIPT111,Jagannadh Traders,Yadadri Bhuvanagiri,Choutuppal,Non-Exclusive,770833.0,73336.0,100.8,TG,Active,400.0,30,30,0,30,41,30,30,10,30,25,38,15,30,30,30,30,40,40,40,40,40,40,40,45,HLHLHL,NNNNNN,No Achievement,30,0.002232973576479345,Fluctuating Performer,25.787499999999998,30,25.2,25.582837301587304,12.69038655544893,12.69038655544893,Tier 1,2000.0,2000.0,0.0,60000.0
SIPT113,Srinivasa Steel Syndicate,Suryapet,Kodad,Non-Exclusive,1099560.0,111940.0,161.7,TG,Active,375.0,0,56,75,51,65,25,31,35,24,0,25,31,20,50,40,50,45,45,35,35,40,30,25,28,LLLLLH,NANNAA,Moderate Achievement,35,0.0026051358392259025,Fluctuating Performer,34.8425,35,43.12,21.547619047619047,17.146477694938607,17.146477694938607,Tier 1,2000.0,2000.0,0.0,70000.0
SIPT116,Maruthi Venkateshwara Traders,Nalgonda,Miryalaguda,Non-Exclusive,1618416.0,175838.0,76.65,TG,Active,450.0,18,21,0,0,0,0,0,11,0,0,0,0,15,15,15,20,15,15,10,10,10,10,10,11,LHLLLL,NANNNN,Target Not Set,0,0.0,Consistently Weak Performer,4.11,0,17.033333333333335,5.362035225048924,2.0225880268694176,2.0225880268694176,Tier 5,1335.0,1335.0,0.0,0.0
SIPT120,Svs Enterprises,Nalgonda,Nalgonda,Non-Exclusive,1618416.0,207076.0,16.8,TG,Active,800.0,31,0,20,15,20,19,0,0,25,0,5,14,20,25,25,30,20,20,20,20,25,10,10,11,LLHLLH,NNANNA,Low Achievement,25,0.0018608113137327876,Consistently Weak Performer,12.434166666666664,25,2.1,74.01289682539681,6.119025942603116,6.119025942603116,Tier 3,1665.0,1665.0,0.0,41620.0
SIPT121,Mathaji Steel Cement Syndicate,Nalgonda,Nalgonda,Exclusive,1618416.0,207076.0,170.1,TG,Active,800.0,61,38,0,30,41,40,30,40,30,0,9,62,30,40,40,25,40,40,35,35,40,30,30,33,LHLLLH,NANNNA,Low Achievement,40,0.00297729810197246,Consistently Weak Performer,31.76666666666667,40,21.2625,18.67528904565942,15.63281743395422,15.63281743395422,Tier 1,2000.0,2000.0,0.0,80000.0
SIPT123,Sri Ramakrishna Enterprises,Suryapet,Suryapet,Exclusive,1099560.0,155422.0,117.6,TG,Active,550.0,100,101,91,74,51,0,0,0,50,30,27,61,70,80,90,85,90,90,50,50,50,50,50,55,LLHHHH,NNNNNA,Low Achievement,45,0.0033494603647190174,Emerging Performer,48.6675,45,21.38181818181818,41.38392857142857,23.949952018897168,23.949952018897168,Tier 1,2000.0,2200.0,200.0,99000.0
SIPT124,SRI VINAYAKA STEELS - S,Suryapet,Suryapet,Non-Exclusive,1099560.0,155422.0,39.9,TG,Active,550.0,15,25,0,23,0,0,0,0,0,15,15,0,20,20,25,20,20,20,20,20,20,0,10,12,LLLHHL,NNNAAN,Low Achievement,20,0.00148864905098623,Consistently Weak Performer,7.808333333333334,20,7.254545454545454,19.569757727652465,3.842589175135126,3.842589175135126,Tier 4,1500.0,1500.0,0.0,30000.0
SIPT126,SRI RAMA TRADERS,Suryapet,Thirumalagiri,Exclusive,1099560.0,38808.0,0.0,TG,Active,120.0,23,37,0,25,25,25,20,20,10,10,11,10,20,20,25,20,25,25,20,20,25,20,20,22,LLLLLL,AANNNN,Low Achievement,15,0.0011164867882396724,Consistently Weak Performer,18.0175,15,0.0,100.0,8.866661745527914,8.866661745527914,Tier 2,1835.0,1835.0,0.0,27520.0
SIPT127,Panduranga Traders,Nizamabad,Armoor,Non-Exclusive,1571022.0,105132.0,23.1,TG,Active,300.0,0,10,15,0,0,0,10,11,0,0,12,0,10,10,15,10,10,10,10,10,10,10,10,12,HHLLHL,NANNAN,Low Achievement,15,0.0011164867882396724,Fluctuating Performer,4.889166666666667,15,7.7,21.165223665223664,2.4060267545910126,2.4060267545910126,Tier 4,1500.0,1500.0,0.0,22500.0
SIPT135,Vasavi Sales Corporation,Medchal Malkajgiri,Ghatkesar,Non-Exclusive,2460095.0,74712.0,15.75,TG,Active,1500.0,29,22,0,0,10,11,15,10,20,12,11,34,35,35,30,30,25,25,25,25,25,15,15,16,HHHHLH,NNNNNA,Low Achievement,25,0.0018608113137327876,Emerging Performer,14.44,25,1.05,91.68253968253967,7.10612435717625,7.10612435717625,Tier 2,1835.0,2015.0,185.0,50380.0
SIPT138,Janatha Building Materials,Vikarabad,Vikarabad,Non-Exclusive,946109.0,89496.0,84.0,TG,Active,300.0,0,12,0,12,10,20,20,16,8,10,0,10,10,10,10,0,10,10,10,10,20,20,15,17,HHLLLL,AANNNN,Low Achievement,15,0.0011164867882396724,Consistently Weak Performer,9.863333333333335,15,28.000000000000004,11.742063492063494,4.853883188569836,4.853883188569836,Tier 3,1665.0,1665.0,0.0,24980.0
SIPT140,Om Sai Steels,Hanamkonda,Hanamkonda,Exclusive,405630.0,365053.0,55.65,TG,Active,800.0,19,41,20,55,25,42,25,16,35,15,25,56,50,50,50,50,55,55,50,50,50,35,35,38,LLHLLH,NNNNNA,Low Achievement,35,0.0026051358392259025,Consistently Weak Performer,31.155833333333334,35,6.95625,55.9853249475891,15.332217875216326,15.332217875216326,Tier 1,2000.0,2000.0,0.0,70000.0
SIPT143,Laxmi Iron Cement & General Merchant,Mahabubabad,Kesamudram,Non-Exclusive,774549.0,52984.0,534.45,TG,Active,1000.0,32,0,25,25,25,26,36,52,25,29,0,34,25,25,25,25,25,25,35,35,35,30,30,33,HHLLLH,AANNNA,Moderate Achievement,35,0.0026051358392259025,Fluctuating Performer,25.855000000000004,35,53.44500000000001,4.8376835999625785,12.723604242021604,12.723604242021604,Tier 1,2000.0,2000.0,0.0,70000.0
SIPT144,Venkateswara Steels,Mahabubabad,Mahaboobabad  ,Exclusive,774549.0,,28.35,TG,Active,250.0,39,15,27,15,12,10,10,13,21,10,26,12,25,25,25,25,30,30,35,35,35,25,25,28,LLHLHL,NNNNAN,Low Achievement,20,0.00148864905098623,Consistently Weak Performer,17.5775,20,11.34,62.00176366843033,8.650131640461604,8.650131640461604,Tier 2,1835.0,1835.0,0.0,36700.0
SIPT145,Sri Sai Ram Iron And Cement,Mahabubabad,Maripeda,Non-Exclusive,774549.0,70036.0,67.2,TG,Active,600.0,10,0,9,8,9,0,14,26,0,0,8,10,10,10,15,15,10,10,10,10,10,10,10,10,HHLLHH,AANNNN,Low Achievement,20,0.00148864905098623,Emerging Performer,7.798333333333333,20,11.200000000000001,11.604662698412698,3.8376680363836186,3.8376680363836186,Tier 4,1500.0,1650.0,150.0,33000.0
SIPT147,SRI VENKATESHWARA IRON & HARDWARE MERCHANT,Warangal,Narsampet  ,Non-Exclusive,737148.0,76637.0,21.0,TG,Active,1000.0,37,24,0,25,12,12,35,26,24,14,24,39,30,25,25,25,30,30,35,35,40,30,25,28,HHHLHH,NNNNNA,Low Achievement,30,0.002232973576479345,Emerging Performer,22.82083333333333,30,2.1,100.0,11.230448725835156,11.230448725835156,Tier 2,1835.0,2015.0,185.0,60450.0
SIPT149,Venkataramana Iron & Hardware,Mahabubabad,Thorrur,Non-Exclusive,774549.0,68400.0,112.35,TG,Active,600.0,10,25,15,10,16,0,0,15,5,19,16,0,15,20,20,15,15,15,20,20,20,20,20,22,LHLHHL,NNNNNN,No Achievement,15,0.0011164867882396724,Fluctuating Performer,10.893333333333333,15,18.725,9.695890817386145,5.360760479975066,5.360760479975066,Tier 3,1665.0,1665.0,0.0,24980.0
SIPT150,Maha Lakshmi Steels,Warangal,Warangal,Exclusive,737148.0,26877.0,170.1,TG,Active,1000.0,137,0,25,25,0,50,0,51,0,0,0,,60,60,60,50,80,80,80,35,35,0,0,0,LHLLLL,NANAAA,Target Not Set,0,0.0,Target-Oriented Performer,24.031666666666666,0,17.01,14.127963942778758,11.826316609663476,11.826316609663476,Tier 1,2000.0,2100.0,100.0,0.0
SIPT151,Padmalaya Enterprises,Warangal,Warangal,Exclusive,737148.0,26877.0,657.3,TG,Active,1000.0,73,50,51,55,22,25,30,41,76,10,51,24,50,50,50,50,85,85,110,80,75,50,50,55,LHHLHL,NNANAN,Low Achievement,35,0.0026051358392259025,Fluctuating Performer,42.49666666666667,35,65.73,6.465337998884325,20.913199314321336,20.913199314321336,Tier 1,2000.0,2000.0,0.0,70000.0
SIPT159,Swastik Vishaka Steel Pvt Ltd.,Hyderabad,Bowenpally,Non-Exclusive,3943323.0,,182.7,TG,Active,300.0,73,37,24,0,31,0,30,56,40,19,16,19,50,70,50,50,50,50,50,50,40,40,40,44,HHHLLL,NAANNN,Low Achievement,25,0.0018608113137327876,Declining Performer,28.772500000000008,25,60.9,15.748494800218943,14.159346472773803,14.159346472773803,Tier 1,2000.0,2000.0,0.0,50000.0
SIPT162,Baheti Steel Industries,Hyderabad,Nacharam,Non-Exclusive,3943323.0,,256.2,TG,Active,1000.0,24,23,10,15,12,15,15,18,0,10,0,16,20,20,20,20,30,30,30,30,30,25,25,28,LHLLLH,NNNNNN,No Achievement,15,0.0011164867882396724,Consistently Weak Performer,13.194999999999999,15,25.619999999999997,5.1502732240437155,6.493442582613616,6.493442582613616,Tier 3,1665.0,1665.0,0.0,24980.0
SIPT164,Sri Rama Traders (E),Khammam,Enkoor,Non-Exclusive,1401639.0,35342.0,66.15,TG,Active,120.0,0,16,17,15,0,17,17,0,12,13,0,13,15,15,15,15,18,18,20,20,20,13,13,14,HLHHLH,NNNNNN,No Achievement,15,0.0011164867882396724,Emerging Performer,10.014166666666666,15,55.125,15.138573948097756,4.9281103647384,4.9281103647384,Tier 3,1665.0,1835.0,165.0,27520.0
SIPT165,Priyanka Enterprises,Hyderabad,Kondapur,Non-Exclusive,3943323.0,,65.1,TG,Inactive,,0,0,0,0,0,0,0,0,0,0,,,20,20,20,20,0,0,0,0,0,0,0,0,HHHHHH,AAAAAA,Target Not Set,0,0.0,Consistently Strong Performer,0.0,0,0.0,0.0,0.0,0.0,Tier 6,1165.0,1400.0,235.0,0.0
SIPT167,Sri Srinivasa Traders (N),Medak,Narsapur,Non-Exclusive,766153.0,,91.35,TG,Active,472.5,0,0,5,0,8,7,0,10,10,0,0,7,10,10,10,10,10,10,10,10,10,10,10,11,LHHLLH,NANNNN,Low Achievement,10,0.000744324525493115,Fluctuating Performer,3.855,10,19.333333333333332,4.220032840722497,1.8970989887059864,1.8970989887059864,Tier 5,1335.0,1335.0,0.0,13350.0
SIPT179,WAHAB SAAB AGENCIES,Jogulamba Gadwal,Gadwal,Non-Exclusive,574969.0,114390.0,49.35,TG,Active,350.0,30,24,0,25,30,0,30,0,39,12,26,41,40,40,40,25,30,30,20,20,25,30,25,25,HLHLHH,ANANAA,Moderate Achievement,35,0.0026051358392259025,Consistently Strong Performer,21.438333333333333,35,14.100000000000001,43.44140493076663,10.550101293439301,10.550101293439301,Tier 2,1835.0,2200.0,365.0,77000.0
SIPT180,Sri Laxmi Narasimha Steel Traders,Vikarabad,Tandur,Non-Exclusive,946109.0,118776.0,159.6,TG,Active,190.0,11,12,10,21,19,19,25,10,16,15,15,17,15,15,15,0,20,20,10,10,15,15,15,17,HLLLLH,AAANNN,Moderate Achievement,20,0.00148864905098623,Fluctuating Performer,15.741666666666665,20,84.0,9.863199665831244,7.74669258466409,7.74669258466409,Tier 2,1835.0,1835.0,0.0,36700.0
SIPT185,RAVI STEEL TRADERS (K),Karimnagar,Karimnagar,Non-Exclusive,1162156.0,363106.0,105.0,TG,Active,210.0,20,0,20,21,20,20,21,20,21,0,19,21,50,50,40,30,40,40,35,35,35,25,20,22,HHHLHH,NNNNNN,No Achievement,20,0.00148864905098623,Emerging Performer,16.954166666666666,20,50.0,16.146825396825395,8.343380658284326,8.343380658284326,Tier 2,1835.0,2015.0,185.0,40300.0
SIPT187,Sri Ramalingeshwara Fertilizers,Medak,Medak,Non-Exclusive,766153.0,74275.0,226.8,TG,Active,500.0,0,30,30,15,0,25,0,20,20,27,20,23,30,30,30,30,25,25,20,20,20,20,20,22,LHHHHH,NANANA,Moderate Achievement,30,0.002232973576479345,Emerging Performer,17.491666666666667,30,45.36,7.712375073486184,8.607891866177834,8.607891866177834,Tier 2,1835.0,2015.0,185.0,60450.0
SIPT191,Venkata Sai Traders,Rangareddy,Turkayamjal,Non-Exclusive,2426243.0,,223.65,TG,Active,700.0,40,40,12,39,33,14,0,24,66,54,55,74,40,40,40,40,55,55,55,55,55,55,55,70,LHHHHH,NNANAA,Moderate Achievement,70,0.005210271678451805,Emerging Performer,37.6775,70,31.95,16.84663536776213,18.541620530990873,18.541620530990873,Tier 1,2000.0,2200.0,200.0,154000.0
SIPT192,Vittal And Sons,Sangareddy,Sangareddy,Non-Exclusive,1528903.0,106500.0,55.65,TG,Active,1100.0,0,0,0,3,14,16,10,4,5,0,0,2,0,0,0,0,10,10,10,10,20,10,10,11,HLLLLL,ANNNNN,Low Achievement,10,0.000744324525493115,Consistently Weak Performer,4.511666666666668,10,5.059090909090909,8.107217729859242,2.2202537667216196,2.2202537667216196,Tier 4,1500.0,1500.0,0.0,15000.0
SIPT193,Sri Mahalaxmi Cement Traders,Nagarkurnool,Nagarkurnool,Non-Exclusive,861766.0,,71.4,TG,Active,2625.0,0,15,20,0,10,20,0,20,21,20,20,18,15,20,20,25,20,20,20,20,22,25,25,20,LHHHHH,NNNNNN,No Achievement,20,0.00148864905098623,Emerging Performer,13.575000000000001,20,2.72,19.012605042016805,6.680445855170887,6.680445855170887,Tier 2,1835.0,2015.0,185.0,40300.0
SIPT194,Sai Chaitanya Steel Agencies,Mahabubnagar,Jadcherla,Non-Exclusive,905660.0,104141.0,132.3,TG,Active,315.0,15,14,15,10,25,19,47,26,55,38,25,30,15,20,20,25,20,20,20,20,30,40,40,30,HHHHLL,AAANNN,Moderate Achievement,35,0.0026051358392259025,Emerging Performer,26.564166666666665,35,42.00000000000001,20.078735197782812,13.072594998482648,13.072594998482648,Tier 1,2000.0,2200.0,200.0,77000.0
SIPT195,MALLIKARJUNA TILES & STONES,Peddapalli,Peddapali,Exclusive,635391.0,,171.15,TG,Active,500.0,51,50,0,25,24,20,0,0,30,25,22,24,60,60,50,50,60,60,50,50,30,22,22,24,LLHHHH,NNNANA,Low Achievement,30,0.002232973576479345,Emerging Performer,22.554166666666664,30,34.23,13.178011490894924,11.099218359128301,11.099218359128301,Tier 2,1835.0,2015.0,185.0,60450.0
SIPT197,ANJANEYA IRON & HARDWARE,Peddapalli,Sultanabad,Non-Exclusive,635391.0,63454.0,332.85,TG,Active,150.0,25,25,25,25,25,0,20,21,23,25,25,29,25,25,25,25,25,25,20,20,22,20,25,28,LHHHHH,AAAANA,High Achievement,35,0.0026051358392259025,Consistently Strong Performer,22.323333333333327,35,100.0,6.706724750888786,10.985622072947676,10.985622072947676,Tier 2,1835.0,2200.0,365.0,77000.0
SIPT198,LAKSHMI TRADERS (K),Khammam,Khammam,Non-Exclusive,1401639.0,356857.0,118.65,TG,Active,2000.0,0,36,31,30,38,0,0,9,15,22,0,34,30,40,40,50,45,45,35,35,35,15,20,22,LLLHLH,NNNANA,Low Achievement,30,0.002232973576479345,Consistently Weak Performer,17.953333333333337,30,5.9325,15.131338671161682,8.835084438539079,8.835084438539079,Tier 2,1835.0,1835.0,0.0,55050.0
SIPT201,NEELIMA TRADERS,Nirmal,NIRMAL,Non-Exclusive,709418.0,32034.0,460.95,TG,Active,800.0,16,0,31,0,25,20,25,21,22,26,21,4,30,30,20,20,20,20,20,20,20,20,20,22,HHHHLL,AAAAAN,High Achievement,30,0.002232973576479345,Consistently Strong Performer,17.716666666666665,30,57.61875,3.8435115883863036,8.718617488086743,8.718617488086743,Tier 2,1835.0,2200.0,365.0,66000.0
SIPT202,MBP HARDWARE,Mahabubnagar,MAKTHAL,Exclusive,905660.0,,107.1,TG,Active,120.0,25,21,25,21,27,26,22,20,16,20,21,22,20,20,25,20,30,30,20,20,25,20,20,22,LLLLLH,AANNAN,Moderate Achievement,25,0.0018608113137327876,Fluctuating Performer,22.125833333333336,25,89.25,20.659041394335514,10.888429582605417,10.888429582605417,Tier 2,1835.0,1835.0,0.0,45880.0
SIPT205,Sri Rama Steel And Cement,Medchal Malkajgiri,Narapally,Non-Exclusive,2460095.0,,155.4,TG,Active,650.0,54,104,53,61,51,69,69,94,71,68,50,83,100,100,100,70,75,75,75,75,75,70,80,88,HHHLLH,NANNNN,Low Achievement,70,0.005210271678451805,Emerging Performer,69.00999999999999,70,23.907692307692308,44.407979407979404,33.960778524150484,33.960778524150484,Tier 1,2000.0,2200.0,200.0,154000.0
SIPT206,CHARMINAR TRADERS,Nizamabad,Nizamabad,Non-Exclusive,1571022.0,52895.0,157.5,TG,Active,1000.0,0,15,11,10,15,0,0,10,22,15,10,0,25,25,25,20,25,25,20,20,20,20,20,22,LHHHLL,NNANNN,Low Achievement,20,0.00148864905098623,Fluctuating Performer,8.976666666666667,20,15.75,5.699470899470899,4.417542219269539,4.417542219269539,Tier 3,1665.0,1665.0,0.0,33300.0
SIPT207,Swastik Steel Udyog,Medchal Malkajgiri,Dulapally,Non-Exclusive,2460095.0,63194.0,475.65,TG,Active,300.0,0,0,12,0,15,12,4,0,0,10,6,12,10,10,10,10,10,10,10,10,10,10,10,11,LLLHLH,NNNNNA,Low Achievement,10,0.000744324525493115,Consistently Weak Performer,5.920000000000001,10,100.0,1.2446126353411124,2.9133141408922025,2.9133141408922025,Tier 4,1500.0,1500.0,0.0,15000.0
SIPT209,TAWAKKAL TRADERS,Narayanpet,Narayanapet,Exclusive,562148.0,,159.6,TG,Active,90.0,49,25,21,20,26,15,20,21,25,23,20,30,25,25,20,20,30,30,20,20,25,20,20,22,LLHHLH,NAAANA,Moderate Achievement,30,0.002232973576479345,Target-Oriented Performer,24.478333333333335,30,100.0,15.337301587301589,12.04612747389746,12.04612747389746,Tier 1,2000.0,2100.0,100.0,63000.0
SIPT210,ATHIDHI TRADERS,Mahabubnagar,Devakadra,Exclusive,905660.0,,44.1,TG,Active,130.0,57,39,29,26,10,27,31,35,36,21,34,56,25,25,25,25,30,30,20,20,35,30,30,33,HHHLHH,AAANAA,High Achievement,45,0.0033494603647190174,Consistently Strong Performer,33.35666666666666,45,33.92307692307692,75.6386999244142,16.415278495443843,16.415278495443843,Tier 1,2000.0,2400.0,400.0,108000.0
SIPT211,BHAVANI TRADERS,Warangal,Hanumakonda  ,Non-Exclusive,737148.0,,38.85,TG,Active,800.0,30,29,30,25,23,53,50,31,30,50,34,54,50,60,60,50,60,60,50,50,50,50,50,55,HLLHLH,ANNNNN,Low Achievement,50,0.003721622627465575,Fluctuating Performer,36.627500000000005,50,4.85625,94.2792792792793,18.024900962082626,18.024900962082626,Tier 1,2000.0,2000.0,0.0,100000.0
SIPT212,Sri Sainath Agencies,Jagitial,Jagtial,Non-Exclusive,988913.0,,141.75,TG,Inactive,,0,0,0,0,0,0,0,0,0,0,,,0,0,0,0,0,0,0,0,0,0,0,0,HHHHHH,AAAAAA,Target Not Set,0,0.0,Consistently Strong Performer,0.0,0,0.0,0.0,0.0,0.0,Tier 6,1165.0,1400.0,235.0,0.0
SIPT213,Bhaargavi Steels,Sangareddy,Madinaguda,Non-Exclusive,1528903.0,,174.3,TG,Active,300.0,0,27,0,14,26,25,20,0,25,0,0,14,25,25,25,25,25,25,25,25,25,25,20,22,HLHLLH,NNANNN,Low Achievement,25,0.0018608113137327876,Fluctuating Performer,12.615000000000002,25,58.10000000000001,7.237521514629949,6.208016535026205,6.208016535026205,Tier 3,1665.0,1665.0,0.0,41620.0
SIPT214,SRI VENKATESHWARA TRADERS (U),Mancherial,UTHKUR CHOWRASTHA,Non-Exclusive,807037.0,,63.0,TG,Active,250.0,20,49,21,30,50,46,50,50,25,0,41,50,40,50,40,30,45,45,50,50,50,40,40,45,HHLLHH,AANNAA,Moderate Achievement,45,0.0033494603647190174,Consistently Strong Performer,36.089166666666664,45,25.2,57.28439153439153,17.75997965929316,17.75997965929316,Tier 1,2000.0,2400.0,400.0,108000.0
SIPT217,Baheti Steel Traders Llp,Hyderabad,Chaderghat,Non-Exclusive,3943323.0,,126.0,TG,Active,2800.0,55,50,53,26,53,52,25,26,24,25,27,50,50,65,65,65,80,80,80,80,80,50,50,55,LLLLLH,NNNNNN,No Achievement,35,0.0026051358392259025,Consistently Weak Performer,38.812916666666666,35,4.5,30.803902116402114,19.100374826734907,19.100374826734907,Tier 1,2000.0,2000.0,0.0,70000.0
SIPT220,SAHITHI TRADERS,Nalgonda,Chityala,Non-Exclusive,1618416.0,55600.0,54.6,TG,Active,336.0,13,0,20,0,21,22,23,20,25,19,20,9,20,20,20,20,22,22,20,20,25,20,20,22,HHHHLL,AAANNN,Moderate Achievement,20,0.00148864905098623,Emerging Performer,16.054166666666664,20,16.25,29.403235653235647,7.900478170648687,7.900478170648687,Tier 2,1835.0,2015.0,185.0,40300.0
SIPT221,SREE YASHODA ENTERPRISES,Peddapalli,KAMANPUR,Non-Exclusive,635391.0,25005.0,88.2,TG,Active,50.0,10,20,15,0,13,0,10,10,10,0,0,11,15,15,15,15,10,10,10,10,10,10,10,11,HHHLLH,ANANNN,Low Achievement,15,0.0011164867882396724,Emerging Performer,8.274166666666666,15,100.0,9.381141345427059,4.071832221976165,4.071832221976165,Tier 4,1500.0,1650.0,150.0,24750.0
SIPT222,Sri Vyshnavi Steel Traders,Medchal Malkajgiri,Old Alwal,Non-Exclusive,2460095.0,,59.85,TG,Active,600.0,0,0,30,0,0,0,0,0,10,0,0,0,15,15,0,0,0,0,0,0,0,0,0,0,LLHLLL,AAAAAA,Target Not Set,0,0.0,Target-Oriented Performer,3.375833333333333,0,9.975000000000001,5.640490114174324,1.6612944235296043,1.6612944235296043,Tier 5,1335.0,1400.0,65.0,0.0
SIPT230,Sri Venkataramana Traders Skzr,Kumarambheem,Kaghaznagar,Non-Exclusive,,,53.55,TG,Active,210.0,0,0,0,0,0,0,0,0,0,0,0,0,0,0,20,0,0,0,0,0,0,0,0,0,HHHHHH,AAAAAA,Target Not Set,0,0.0,Consistently Strong Performer,0.0,0,25.5,0.0,0.0,0.0,Tier 6,1165.0,1400.0,235.0,0.0
SIPT231,Dathatreya Traders,Mancherial,Bellampalli,Non-Exclusive,807037.0,82780.0,157.5,TG,Active,200.0,0,0,20,0,0,20,0,0,11,10,0,10,10,0,10,10,10,10,10,10,10,0,0,0,LLHHLH,NNAAAA,Low Achievement,15,0.0011164867882396724,Target-Oriented Performer,5.889166666666665,15,78.75,3.7391534391534385,2.898140629741721,2.898140629741721,Tier 4,1500.0,1575.0,75.0,23620.0
SIPT234,SARASWATHI MARKETINGS,Siddipet,Gajwel,Non-Exclusive,1012065.0,77881.0,158.55,TG,Active,250.0,0,31,21,18,7,20,20,20,10,0,10,21,20,20,20,20,20,20,20,20,20,20,20,22,HHLLLH,AANNNN,Low Achievement,20,0.00148864905098623,Fluctuating Performer,14.941666666666668,20,63.42000000000001,9.423946178913067,7.353001484543524,7.353001484543524,Tier 2,1835.0,1835.0,0.0,36700.0
SIPT235,Shankar Iron And Electrical Stores,Rajanna Sircilla,Yellareddypet,Non-Exclusive,552037.0,46270.0,112.35,TG,Active,150.0,15,0,10,6,10,10,10,10,10,10,10,10,15,10,10,10,10,10,10,10,10,10,10,11,HHHHLH,AAANNN,Moderate Achievement,15,0.0011164867882396724,Emerging Performer,9.309166666666664,15,74.9,8.285862631657022,4.581170082757149,4.581170082757149,Tier 3,1665.0,1835.0,165.0,27520.0
SIPT236,Sri Srinivasa Iron Hardware & General Stores,Khammam,MADHIRA,Non-Exclusive,1401639.0,68548.0,39.9,TG,Active,150.0,15,11,15,12,0,10,0,12,0,0,0,0,15,15,15,15,15,15,10,10,15,10,10,11,LHLLLL,NANNNN,Target Not Set,0,0.0,Consistently Weak Performer,6.333333333333333,0,26.6,15.873015873015872,3.116721209287829,3.116721209287829,Tier 4,1500.0,1500.0,0.0,0.0
SIPT237,Sri Harsha Traders,Kumarambheem,Komaram Bheem,Non-Exclusive,,,26.25,TG,Active,80.0,0,0,0,0,0,0,0,0,0,0,0,0,10,10,10,0,0,0,0,0,0,0,0,0,HHHHHH,AAAAAA,Target Not Set,0,0.0,Consistently Strong Performer,0.0,0,32.8125,0.0,0.0,0.0,Tier 6,1165.0,1400.0,235.0,0.0
SIPT239,Sri Krishna Iron & Cement,Warangal,Kazipet,Non-Exclusive,737148.0,,97.65,TG,Active,250.0,51,51,43,36,51,15,51,53,103,75,78,105,40,50,50,35,50,50,50,50,50,50,50,55,HHHHHH,AAAAAA,High Achievement,100,0.00744324525493115,Consistently Strong Performer,59.40083333333333,100,39.06,60.83034647550776,29.23197427884812,29.23197427884812,Tier 1,2000.0,2400.0,400.0,240000.0
SIPT245,SIDDIPET STEEL TRADERS SIDDIPET,Siddipet,Siddipet,Non-Exclusive,1012065.0,168105.0,277.2,TG,Active,600.0,52,24,20,40,70,71,50,50,51,40,30,55,50,50,60,40,70,70,50,50,50,50,50,55,HHHLLH,ANANNN,Low Achievement,45,0.0033494603647190174,Emerging Performer,45.98916666666667,45,46.199999999999996,16.590608465608465,22.631907023285187,22.631907023285187,Tier 1,2000.0,2200.0,200.0,99000.0
SIPT246,SAINATH ENTERPRISES,Warangal,Warangal,Non-Exclusive,737148.0,26877.0,178.5,TG,Active,1000.0,40,10,25,0,32,30,25,52,51,27,26,26,25,25,25,25,30,30,50,50,50,25,25,28,HHHLLL,NAAAAN,Moderate Achievement,35,0.0026051358392259025,Target-Oriented Performer,28.70583333333333,35,17.849999999999998,16.081699346405227,14.126538881097083,14.126538881097083,Tier 1,2000.0,2100.0,100.0,73500.0
SIPT247,Srinivasa Steels,Hyderabad,Hayath Nagar,Non-Exclusive,3943323.0,,12.6,TG,Active,210.0,0,0,0,0,0,0,0,0,0,0,0,0,0,0,0,0,0,0,0,0,0,0,0,0,HHHHHH,AAAAAA,Target Not Set,0,0.0,Consistently Strong Performer,0.0,0,6.0,0.0,0.0,0.0,Tier 6,1165.0,1400.0,235.0,0.0
SIPT248,Jai Ram Steels,Hyderabad,Badangpet,Non-Exclusive,3943323.0,,107.1,TG,Active,700.0,0,16,0,5,0,0,10,0,0,0,0,0,20,20,20,20,20,20,20,20,25,10,0,0,HLLLLL,NNNNAA,Target Not Set,0,0.0,Consistently Weak Performer,2.5766666666666667,0,15.299999999999999,2.4058512293806413,1.2680134183049956,1.2680134183049956,Tier 5,1335.0,1335.0,0.0,0.0
SIPT251,Venkata Sai Iron Cement And General,Mahabubabad,Maripeda,Non-Exclusive,774549.0,70036.0,370.65,TG,Active,600.0,0,0,0,0,0,0,0,0,0,0,0,0,10,0,12,0,0,0,0,0,0,0,0,0,HHHHHH,AAAAAA,Target Not Set,0,0.0,Consistently Strong Performer,0.0,0,61.77499999999999,0.0,0.0,0.0,Tier 6,1165.0,1400.0,235.0,0.0
SIPT252,Chaitanya Steels,Rangareddy,Chintalkunta,Non-Exclusive,2426243.0,179970.0,89.25,TG,Active,350.0,39,0,21,12,10,9,22,11,0,0,24,9,30,30,30,30,30,30,30,30,30,20,20,31,HLLLHL,NNNNAN,Low Achievement,20,0.00148864905098623,Consistently Weak Performer,13.214166666666669,20,25.5,14.805788982259575,6.502874765220673,6.502874765220673,Tier 3,1665.0,1665.0,0.0,33300.0
SIPT254,Sri Srinivasa Steel Traders (A),Rangareddy,Alamasguda,Non-Exclusive,2426243.0,,101.85,TG,Active,400.0,0,0,0,0,0,0,0,0,0,0,0,0,0,0,0,0,0,0,0,0,0,0,0,0,HHHHHH,AAAAAA,Target Not Set,0,0.0,Consistently Strong Performer,0.0,0,25.4625,0.0,0.0,0.0,Tier 6,1165.0,1400.0,235.0,0.0
SIPT255,Sri Sai Teja Cement Traders,Yadadri Bhuvanagiri,Bibinagar,Non-Exclusive,770833.0,48498.0,113.4,TG,Active,210.0,35,0,10,2,0,0,8,15,11,6,0,14,15,15,20,20,10,10,10,10,10,10,10,11,LHHHLH,NAANNA,Moderate Achievement,15,0.0011164867882396724,Emerging Performer,8.421666666666665,15,54.0,7.426513815402702,4.144419018560893,4.144419018560893,Tier 3,1665.0,1835.0,165.0,27520.0
SIPT257,NEW SRI SAI KRISHNA STEEL SYNDICATE,Suryapet,Kodad,Non-Exclusive,1099560.0,111940.0,33.6,TG,Active,375.0,50,26,0,24,23,0,10,19,20,22,22,27,30,20,25,25,25,25,20,20,20,20,20,22,LHHHHH,NNNAAA,Moderate Achievement,30,0.002232973576479345,Emerging Performer,20.231666666666666,30,8.959999999999999,60.213293650793645,9.956283884090777,9.956283884090777,Tier 2,1835.0,2015.0,185.0,60450.0
SIPT258,SUGUNA IRON & CEMENT,Jogulamba Gadwal,Allampur,Non-Exclusive,574969.0,,12.6,TG,Active,50.0,26,12,17,12,0,15,0,10,6,14,10,13,15,15,17,15,20,20,20,20,20,15,15,16,LHLHHH,NNNNNN,No Achievement,15,0.0011164867882396724,Emerging Performer,11.277500000000002,15,25.2,89.50396825396827,5.5498142270121305,5.5498142270121305,Tier 3,1665.0,1835.0,165.0,27520.0
SIPT259,Sai Steel Traders (Knr),Karimnagar,Kothapally,Non-Exclusive,1162156.0,,13.65,TG,Active,94.5,0,0,0,0,0,0,0,0,0,0,0,0,25,0,0,0,0,0,0,0,0,0,0,0,HHHHHH,AAAAAA,Target Not Set,0,0.0,Consistently Strong Performer,0.0,0,14.444444444444446,0.0,0.0,0.0,Tier 6,1165.0,1400.0,235.0,0.0
SIPT260,Indhu Iron & Hardware,Jogulamba Gadwal,Ieeja,Non-Exclusive,574969.0,85303.0,17.85,TG,Active,200.0,19,0,0,0,0,0,0,0,0,0,0,0,0,15,0,0,0,0,0,0,0,10,0,0,LHHHHH,AAANAA,Target Not Set,0,0.0,Consistently Strong Performer,1.5858333333333334,0,8.925,8.88422035480859,0.7804105870098341,0.7804105870098341,Tier 5,1335.0,1600.0,265.0,0.0
SIPT263,MOHAMMAD AZGAR & SONS,Nalgonda,NAKREKAL,Non-Exclusive,1618416.0,60758.0,75.6,TG,Active,180.0,25,30,30,32,31,30,0,30,34,20,29,30,20,30,30,30,30,30,35,35,35,30,30,30,LHHLHH,NNNNNN,No Achievement,30,0.002232973576479345,Emerging Performer,26.826666666666668,30,42.0,35.48500881834216,13.20177489070971,13.20177489070971,Tier 1,2000.0,2200.0,200.0,66000.0
SIPT264,Sri Ganesh Steel And Cements Kompally,Medchal Malkajgiri,Kompally,Non-Exclusive,2460095.0,,36.75,TG,Active,300.0,29,22,11,17,18,10,13,31,36,18,21,33,30,30,25,25,35,35,35,35,35,35,30,33,LHHLHH,NNANNA,Low Achievement,30,0.002232973576479345,Emerging Performer,21.544999999999998,30,12.25,58.625850340136054,10.602593440122043,10.602593440122043,Tier 2,1835.0,2015.0,185.0,60450.0
SIPT266,S. R. BUILDING MATERIALS,Nizamabad,NIZAMABAD,Non-Exclusive,1571022.0,52895.0,85.05,TG,Active,1000.0,0,20,26,22,0,30,0,35,20,0,0,0,30,20,25,25,30,30,35,35,35,35,30,33,LHHLLL,NANNNN,Target Not Set,0,0.0,Consistently Weak Performer,12.7425,0,8.505,14.982363315696649,6.27076105410792,6.27076105410792,Tier 3,1665.0,1665.0,0.0,0.0
SIPT267,SRI RAJARAJESHWARA STEEL TRADERS,Siddipet,Husnabad,Non-Exclusive,1012065.0,42696.0,129.15,TG,Active,150.0,21,30,25,25,26,0,20,10,10,0,20,42,20,20,25,25,30,30,20,20,20,20,20,22,LLLLHH,ANNNNA,Low Achievement,30,0.002232973576479345,Consistently Weak Performer,19.051666666666666,30,86.1,14.751580849141824,9.37558951141294,9.37558951141294,Tier 2,1835.0,1835.0,0.0,55050.0
SIPT269,VAMAN IRON HARDWARE AND CEMENT,Warangal,Narsampet  ,Non-Exclusive,737148.0,76637.0,3.15,TG,Active,1000.0,15,0,0,14,16,0,0,14,0,0,14,28,20,20,25,10,17,17,20,20,20,20,10,12,LHLLHH,NNNNAA,Low Achievement,25,0.0018608113137327876,Fluctuating Performer,8.3725,25,0.315,100.0,4.120223419699318,4.120223419699318,Tier 4,1500.0,1500.0,0.0,37500.0
SIPT271,Deeba Steel Trading Company,Sangareddy,Sangareddy,Non-Exclusive,1528903.0,106500.0,44.1,TG,Inactive,,0,0,0,0,0,0,0,0,0,0,,,0,0,0,0,0,0,0,0,0,0,0,0,HHHHHH,AAAAAA,Target Not Set,0,0.0,Consistently Strong Performer,0.0,0,0.0,0.0,0.0,0.0,Tier 6,1165.0,1400.0,235.0,0.0
SIPT273,OM STEELS MNCL,Mancherial,Mancherial,Non-Exclusive,807037.0,86911.0,21.0,TG,Active,800.0,25,20,26,24,25,25,20,21,23,20,10,10,25,25,25,20,25,25,20,20,22,20,20,22,LLLLLL,AAANNN,Moderate Achievement,15,0.0011164867882396724,Fluctuating Performer,20.639999999999997,15,2.625,98.28571428571428,10.15723038311065,10.15723038311065,Tier 2,1835.0,1835.0,0.0,27520.0
SIPT274,CHILUPURI STEELS,Warangal,Warangal,Non-Exclusive,737148.0,26877.0,90.3,TG,Active,1000.0,0,10,20,22,30,32,25,17,0,24,32,10,30,25,25,20,30,30,50,50,50,25,25,28,HLLHHL,NNNNAN,Low Achievement,25,0.0018608113137327876,Fluctuating Performer,18.659999999999997,25,9.03,20.664451827242523,9.182844910312243,9.182844910312243,Tier 2,1835.0,1835.0,0.0,45880.0
SIPT275,LAXMI AGENCIES,Warangal,Hanumakonda  ,Non-Exclusive,737148.0,,107.1,TG,Active,800.0,0,0,28,20,28,0,14,20,43,33,21,28,25,25,25,20,25,25,20,20,20,20,20,22,HHHHLH,NAAAAA,High Achievement,35,0.0026051358392259025,Consistently Strong Performer,19.5825,35,13.3875,18.284313725490197,9.636819960138775,9.636819960138775,Tier 2,1835.0,2200.0,365.0,77000.0
SIPT276,SRI MAHA LAKSHMI AGENCIES,Warangal,Warangal,Exclusive,737148.0,26877.0,187.95,TG,Active,1000.0,31,12,14,10,18,20,21,20,20,19,15,11,25,25,20,20,20,20,20,20,20,25,25,28,HHHHLL,ANANNN,Low Achievement,20,0.00148864905098623,Emerging Performer,17.616666666666664,20,18.794999999999998,9.373060211049037,8.66940610057167,8.66940610057167,Tier 2,1835.0,2015.0,185.0,40300.0
SIPT277,Sri Srinivasa Traders,Mahabubnagar,Chinnachinthakunta,Non-Exclusive,905660.0,,80.85,TG,Active,15.0,0,0,10,0,0,5,0,6,0,0,6,6,10,10,10,10,10,10,10,10,10,10,10,11,LHLLHH,NNNNNN,No Achievement,5,0.0003721622627465575,Fluctuating Performer,2.6975000000000002,5,100.0,3.3364254792826222,1.3274771782190398,1.3274771782190398,Tier 5,1335.0,1335.0,0.0,6680.0
SIPT279,Sree Mahalaxmi Cement,Suryapet,Nuthanakal,Non-Exclusive,1099560.0,,5.25,TG,Inactive,,0,0,0,0,0,0,0,0,0,0,,,0,0,0,0,0,0,0,0,0,0,0,0,HHHHHH,AAAAAA,Target Not Set,0,0.0,Consistently Strong Performer,0.0,0,0.0,0.0,0.0,0.0,Tier 6,1165.0,1400.0,235.0,0.0
SIPT282,Srk Enterprises,Khammam,Sathupally,Non-Exclusive,1401639.0,,63.0,TG,Inactive,,0,0,0,0,0,0,0,0,0,0,,,0,0,0,0,0,0,0,0,0,0,0,0,HHHHHH,AAAAAA,Target Not Set,0,0.0,Consistently Strong Performer,0.0,0,0.0,0.0,0.0,0.0,Tier 6,1165.0,1400.0,235.0,0.0
SIPT283,M SRINIVASULU GUPTA,Mahabubnagar,Shadnagar,Non-Exclusive,905660.0,,113.4,TG,Active,210.0,10,10,11,11,28,20,21,10,15,0,24,12,20,20,15,10,20,20,10,10,15,15,15,25,HLLLHL,AANNAN,Moderate Achievement,20,0.00148864905098623,Fluctuating Performer,14.21,20,54.0,12.530864197530864,6.992938165891588,6.992938165891588,Tier 2,1835.0,1835.0,0.0,36700.0
SIPT284,MAHALAXMI IRON AND HARDWARE,Karimnagar,HUZURABAD,Non-Exclusive,1162156.0,74721.0,54.6,TG,Active,150.0,10,0,12,0,0,6,0,5,0,0,0,0,10,10,10,10,10,10,10,10,10,10,0,0,LHLLLL,NNNNAA,Target Not Set,0,0.0,Consistently Weak Performer,2.8191666666666664,0,36.4,5.163308913308913,1.3873510330290428,1.3873510330290428,Tier 5,1335.0,1335.0,0.0,0.0
SIPT285,RAJA RAJESHWARI TRADERS,Wanaparthy,Wanaparthy,Non-Exclusive,577758.0,108521.0,35.7,TG,Active,250.0,10,16,0,11,0,0,14,0,10,0,9,22,12,15,15,10,10,10,10,10,10,10,10,11,HLHLHH,ANNNNA,Low Achievement,20,0.00148864905098623,Emerging Performer,7.71,20,14.280000000000001,21.596638655462183,3.7941979774119727,3.7941979774119727,Tier 4,1500.0,1650.0,150.0,33000.0
SIPT286,KUMAR ENTERPRISES,Mulug,MALLAMPALLY,Non-Exclusive,294671.0,,12.6,TG,Active,250.0,15,20,15,10,0,0,20,23,15,20,20,10,15,20,20,20,20,20,20,20,20,20,20,22,HHHHHL,AANANN,Moderate Achievement,20,0.00148864905098623,Emerging Performer,14.1175,20,5.04,100.0,6.947417632440146,6.947417632440146,Tier 2,1835.0,2015.0,185.0,40300.0
SIPT287,NANI IRON HARDWARE AND CEMENT AGENCIES,Jagitial,Korutla,Non-Exclusive,988913.0,108297.0,86.1,TG,Active,250.0,10,10,0,10,0,10,10,10,11,0,0,10,20,10,10,10,10,10,10,10,10,10,10,11,HHHLLH,ANANNN,Low Achievement,15,0.0011164867882396724,Emerging Performer,6.79,15,34.44,7.886178861788619,3.3414532122733194,3.3414532122733194,Tier 4,1500.0,1650.0,150.0,24750.0
SIPT288,Affan Traders,Sangareddy,Zaheerabad,Non-Exclusive,1528903.0,133006.0,100.8,TG,Active,500.0,18,24,0,21,8,10,0,0,10,0,8,11,20,20,20,20,10,10,10,10,10,10,10,11,LLHLHH,NNANNA,Low Achievement,15,0.0011164867882396724,Fluctuating Performer,9.121666666666668,15,20.16,9.04927248677249,4.488898731166392,4.488898731166392,Tier 3,1665.0,1665.0,0.0,24980.0
SIPT289,AM TRADERS,Khammam,Kusumanchi,Non-Exclusive,1401639.0,60020.0,2.1,TG,Active,60.0,22,21,0,9,10,0,0,0,11,16,0,7,10,10,10,15,10,10,10,10,10,10,10,11,LLHHLH,NNAANN,Low Achievement,15,0.0011164867882396724,Fluctuating Performer,8.09,15,3.5000000000000004,100.0,3.9812012499692426,3.9812012499692426,Tier 4,1500.0,1500.0,0.0,22500.0
SIPT290,Sri Vaishnavi Steels,Rangareddy,Peddamberpet,Non-Exclusive,2426243.0,105605.0,0.0,TG,Active,385.0,48,50,44,47,29,36,30,36,35,35,35,16,20,20,30,30,30,30,30,30,40,40,40,44,LLLLHL,AANNNN,Low Achievement,35,0.0026051358392259025,Consistently Weak Performer,36.75416666666666,35,0.0,100.0,18.08723538626838,18.08723538626838,Tier 1,2000.0,2000.0,0.0,70000.0
SIPT291,THIRUMALA TRADERS,Warangal,Bhupalapally,Non-Exclusive,737148.0,56189.0,63.0,TG,Active,180.0,17,33,20,22,20,0,25,23,20,0,15,34,20,25,20,20,25,25,20,20,24,20,20,22,HHHLHH,AANNNA,Moderate Achievement,30,0.002232973576479345,Emerging Performer,19.139166666666668,30,35.0,30.379629629629633,9.418649475488628,9.418649475488628,Tier 2,1835.0,2015.0,185.0,60450.0
SIPT292,Mittal Steels,Hyderabad,L B Nagar,Non-Exclusive,3943323.0,,89.25,TG,Active,2000.0,39,25,20,0,0,0,0,0,0,0,0,0,20,20,20,20,22,22,22,22,22,0,0,0,LLLHHH,NNNAAA,Target Not Set,0,0.0,Momentum Gainer,7.0683333333333325,0,4.4624999999999995,7.919701213818859,3.4784249075236002,3.4784249075236002,Tier 4,1500.0,1575.0,75.0,0.0
SIPT293,NEW BHARAT TRADERS,Narayanpet,Jagklair,Non-Exclusive,562148.0,,6.3,TG,Active,30.0,0,12,0,12,0,11,0,10,0,10,0,0,10,10,10,12,10,10,10,10,10,10,10,11,LHLHLL,NANNNN,Low Achievement,15,0.0011164867882396724,Consistently Weak Performer,4.511666666666667,15,21.0,71.61375661375662,2.220253766721619,2.220253766721619,Tier 4,1500.0,1500.0,0.0,22500.0
SIPT294,SRI LAXMI NARASIMHA CEMENT IRON & HARDWARE,Suryapet,ARVAPALLY,Non-Exclusive,1099560.0,,58.8,TG,Active,130.0,30,15,15,15,16,15,20,20,20,14,15,17,10,15,15,15,15,15,20,20,20,15,15,16,HHHLLL,ANNNAA,Moderate Achievement,20,0.00148864905098623,Fluctuating Performer,17.755,20,45.230769230769226,30.19557823129252,8.737481853300853,8.737481853300853,Tier 2,1835.0,1835.0,0.0,36700.0
SIPT295,Sree Venkata Sai Steel Traders,Medchal Malkajgiri,Pragathinagar,Non-Exclusive,2460095.0,,108.15,TG,Active,210.0,17,12,0,19,15,28,3,0,15,15,15,28,20,20,20,20,20,20,20,20,20,15,15,16,LLHHHH,NNNANA,Low Achievement,25,0.0018608113137327876,Emerging Performer,13.978333333333333,25,51.5,12.924949915241177,6.878931784815006,6.878931784815006,Tier 2,1835.0,2015.0,185.0,50380.0
SIPT296,Jai Bhavani Trading Co,Sangareddy,Sadasivpet,Non-Exclusive,1528903.0,94337.0,84.0,TG,Inactive,,0,0,0,0,0,0,0,0,0,0,,,0,0,0,0,0,0,0,0,0,0,0,0,HHHHHH,AAAAAA,Target Not Set,0,0.0,Consistently Strong Performer,0.0,0,0.0,0.0,0.0,0.0,Tier 6,1165.0,1400.0,235.0,0.0
SIPT297,"EASHWARI TRADERS CEMENT, SANITERY & GENERAL MERCHANT",Jagitial,RAIKAL,Non-Exclusive,988913.0,63907.0,6.3,TG,Active,80.0,0,10,0,10,0,0,0,0,9,0,10,0,15,10,10,10,10,10,10,10,10,10,10,11,LLHLHL,NNNNNN,No Achievement,10,0.000744324525493115,Consistently Weak Performer,3.295833333333334,10,7.875,52.314814814814824,1.6219253135175482,1.6219253135175482,Tier 5,1335.0,1335.0,0.0,13350.0
SIPT299,KANAKADURGA IRON CEMENT MERCHANTS,Warangal,Warangal,Non-Exclusive,737148.0,26877.0,238.35,TG,Active,1000.0,31,61,60,50,75,71,30,50,30,60,61,59,0,50,60,50,70,70,80,80,80,60,60,60,LLLHHH,NNNNAN,Low Achievement,65,0.004838109415705247,Fluctuating Performer,53.0325,65,23.835,22.249842668344872,26.09802908393002,26.09802908393002,Tier 1,2000.0,2000.0,0.0,130000.0
SIPT301,SRI VENKATESWARA STEEL SYNDICATE,Bhadradri Kothagudem,KOTHAGUDEM,Non-Exclusive,1069261.0,79819.0,149.1,TG,Active,180.0,15,0,0,10,12,15,0,24,0,10,12,0,10,15,10,10,10,10,10,10,10,10,10,12,LHLLHL,NANNAN,Low Achievement,20,0.00148864905098623,Consistently Weak Performer,8.101666666666667,20,82.83333333333333,5.433713391459871,3.986942578512667,3.986942578512667,Tier 4,1500.0,1500.0,0.0,30000.0
SIPT302,YAMANI TRADERS,Narayanpet,Marikal,Non-Exclusive,562148.0,37650.0,0.0,TG,Active,80.0,21,25,15,11,15,15,10,15,15,0,14,24,15,15,15,10,15,15,10,10,15,15,15,16,LLHLHH,NANNNA,Low Achievement,25,0.0018608113137327876,Fluctuating Performer,15.015,25,0.0,100.0,7.389089835387909,7.389089835387909,Tier 2,1835.0,1835.0,0.0,45880.0
SIPT303,Mallikarjuna Enterprises & Traders,Wanaparthy,Chinambavi,Non-Exclusive,577758.0,,32.55,TG,Active,25.0,0,11,10,0,10,0,0,10,15,0,0,0,10,10,10,10,10,10,10,10,10,10,10,11,LHHLLL,NAANNN,Target Not Set,0,0.0,Consistently Weak Performer,4.675,0,100.0,14.36251920122888,2.3006323663295682,2.3006323663295682,Tier 4,1500.0,1500.0,0.0,0.0
SIPT304,NATRAJ ENTERPRISES,Medak,TOOPRAN,Non-Exclusive,766153.0,38637.0,59.85,TG,Active,200.0,8,1,9,0,0,11,17,0,6,22,10,7,20,20,20,20,20,20,20,20,20,20,20,22,HLHHHL,NNNANN,Low Achievement,15,0.0011164867882396724,Emerging Performer,7.56,15,29.925,12.631578947368421,3.7203808961393663,3.7203808961393663,Tier 4,1500.0,1650.0,150.0,24750.0
SIPT305,CHANDANA TRADERS,Nalgonda,Chandur,Non-Exclusive,1618416.0,40211.0,106.05,TG,Active,60.0,9,9,0,10,10,10,10,0,0,12,12,12,10,10,10,10,10,10,10,10,10,10,10,12,HLLHHH,NNNAAN,Low Achievement,15,0.0011164867882396724,Emerging Performer,7.8116666666666665,15,100.0,7.366022316517366,3.8442295547189613,3.8442295547189613,Tier 4,1500.0,1650.0,150.0,24750.0
SIPT306,Nagarjuna Steel Mart,Medchal Malkajgiri,Rampally,Non-Exclusive,2460095.0,71301.0,121.8,TG,Active,775.0,63,55,26,26,41,41,23,39,40,25,38,25,20,20,40,40,30,30,30,30,40,50,50,55,LHHLHL,NANNNN,Low Achievement,35,0.0026051358392259025,Fluctuating Performer,36.75833333333333,35,15.716129032258063,30.179255610290095,18.089285860748173,18.089285860748173,Tier 1,2000.0,2000.0,0.0,70000.0
SIPT307,Madina Steel Traders,Siddipet,Siddipet,Non-Exclusive,1012065.0,168105.0,71.4,TG,Active,600.0,30,40,26,0,13,20,10,39,30,30,30,29,30,30,25,0,0,10,20,20,22,10,15,16,LHHHHH,NAAAAA,High Achievement,40,0.00297729810197246,Consistently Strong Performer,24.7175,40,11.9,34.61834733893557,12.163824709037671,12.163824709037671,Tier 1,2000.0,2400.0,400.0,96000.0
SIPT308,Sri Ganesh Steel Traders,Hyderabad,Kushaiguda,Non-Exclusive,3943323.0,,70.35,TG,Active,290.0,14,18,0,10,25,23,24,0,0,0,0,0,20,20,20,20,22,22,22,22,22,20,10,11,HLLLLL,ANNNNN,Target Not Set,0,0.0,Consistently Weak Performer,9.46,0,24.25862068965517,13.447050461975838,4.655397258925715,4.655397258925715,Tier 3,1665.0,1665.0,0.0,0.0
SIPT309,SRI VIGNESWARA TRADERS,Nalgonda,NARKETPALLY,Non-Exclusive,1618416.0,50864.0,94.5,TG,Active,200.0,30,25,0,21,25,15,25,20,19,19,22,24,25,25,25,20,30,30,20,20,25,25,25,25,HHHLHH,AANNNN,Low Achievement,25,0.0018608113137327876,Emerging Performer,20.466666666666665,25,47.25,21.65784832451499,10.071930644751195,10.071930644751195,Tier 2,1835.0,2015.0,185.0,50380.0
SIPT311,GANGISETTY SATHYA NARAYANA CEMENT MRECHANT,Mulug,Mulugu,Non-Exclusive,294671.0,,86.1,TG,Active,250.0,25,27,20,8,20,17,24,20,20,9,30,11,20,15,20,20,17,17,20,20,20,20,20,20,HHHLHL,AAANAN,Moderate Achievement,20,0.00148864905098623,Consistently Strong Performer,19.4775,20,34.44,22.621951219512194,9.585148003247951,9.585148003247951,Tier 2,1835.0,2200.0,365.0,44000.0
SIPT313,SRI RAMA TRADERS (N),Karimnagar,Nusthullapur,Non-Exclusive,1162156.0,49026.0,145.95,TG,Active,2000.0,40,20,26,25,25,25,20,20,25,24,24,0,25,25,25,25,25,25,20,20,25,25,25,28,LLHHHL,AAANNN,Moderate Achievement,30,0.002232973576479345,Fluctuating Performer,23.0175,30,7.297499999999999,15.77081192189106,11.327231121281462,11.327231121281462,Tier 2,1835.0,1835.0,0.0,55050.0
SIPT314,DOSAPATI RAMADASU & SONS IRON ELECTRICAL & GENERAL MERCHANTS,Khammam,NELAKONDAPALLY,Non-Exclusive,1401639.0,61325.0,122.85,TG,Active,70.0,41,20,26,21,15,0,0,20,15,0,13,20,20,20,26,25,30,30,20,20,20,20,15,16,LHHLHH,NANNNA,Low Achievement,20,0.00148864905098623,Emerging Performer,15.86333333333333,20,100.0,12.912766246099578,7.806566439474093,7.806566439474093,Tier 2,1835.0,2015.0,185.0,40300.0
SIPT315,THIRUMALA STEEL CEMENTS AND GENERAL STORES,Khammam,V M BANJARA,Non-Exclusive,1401639.0,,89.25,TG,Active,60.0,7,0,0,11,0,9,0,0,0,8,0,11,10,10,10,10,10,10,10,10,10,5,10,11,LLLHLH,NNNANN,Low Achievement,15,0.0011164867882396724,Consistently Weak Performer,3.776666666666667,15,100.0,4.23155929038282,1.8585500684858476,1.8585500684858476,Tier 5,1335.0,1335.0,0.0,20020.0
SIPT316,R.K STEELS PROFILES,Nagarkurnool,KALWAKURTHY,Non-Exclusive,861766.0,66388.0,31.5,TG,Active,250.0,0,10,10,10,0,13,0,10,0,0,0,0,10,10,10,10,10,10,10,10,10,10,10,11,LHLLLL,NNNNNN,Target Not Set,0,0.0,Consistently Weak Performer,4.389166666666667,0,12.6,13.933862433862435,2.159969817015657,2.159969817015657,Tier 5,1335.0,1335.0,0.0,0.0
SIPT317,Sri Srinivasa Traders (Ch),Rangareddy,Chevella,Non-Exclusive,2426243.0,58166.0,0.0,TG,Active,265.0,8,8,0,0,0,0,0,0,4,4,0,0,10,10,10,10,0,0,0,0,0,10,10,11,LLHHLL,AAANNN,No Achievement,0,0.0,Fluctuating Performer,1.9741666666666664,0,0.0,100.0,0.9715148085266929,0.9715148085266929,Tier 5,1335.0,1335.0,0.0,0.0
SIPT318,Sri Chaitanya Steels & Traders,Rangareddy,Balapur,Non-Exclusive,2426243.0,,3.15,TG,Active,500.0,0,0,15,20,13,10,11,11,16,16,12,15,15,15,15,20,10,10,10,10,10,10,10,15,HLHHLH,AAAAAA,High Achievement,20,0.00148864905098623,Consistently Strong Performer,11.610833333333334,20,0.63,100.0,5.713852185395701,5.713852185395701,Tier 3,1665.0,2000.0,335.0,40000.0
SIPT319,ANJANA AGENCIES,Jogulamba Gadwal,GADWAL,Non-Exclusive,574969.0,114390.0,22.05,TG,Active,350.0,50,19,14,25,26,29,0,20,10,24,13,37,20,30,25,20,30,30,20,20,25,25,25,25,LHLHLH,NANNNA,Low Achievement,30,0.002232973576479345,Fluctuating Performer,22.20583333333333,30,6.3,100.0,10.92779869261747,10.92779869261747,Tier 2,1835.0,1835.0,0.0,55050.0
SIPT320,THIRUMALA IRON HARDWARE AND GENERAL,Mahabubabad,THORRUR,Non-Exclusive,774549.0,68400.0,44.1,TG,Active,600.0,15,16,16,15,15,25,16,25,17,14,15,15,15,15,15,15,10,10,10,10,15,15,15,16,LHLLLL,AAANNN,Moderate Achievement,20,0.00148864905098623,Declining Performer,16.995833333333334,20,7.35,38.53930461073318,8.363885403082273,8.363885403082273,Tier 2,1835.0,1835.0,0.0,36700.0
SIPT321,SRI VENKATESWARA TRADERS REKURTHI,Karimnagar,REKURTHI,Non-Exclusive,1162156.0,,49.35,TG,Active,2000.0,25,40,0,30,40,40,0,10,35,10,30,41,25,30,30,30,40,40,35,35,35,30,30,33,LLHLHH,NNANAA,Moderate Achievement,35,0.0026051358392259025,Fluctuating Performer,25.1975,35,2.4675,51.05876393110436,12.400039369110011,12.400039369110011,Tier 1,2000.0,2000.0,0.0,70000.0
SIPT322,Vasudeva Cement & Iron Stores,Suryapet,Garidepally,Non-Exclusive,1099560.0,,75.6,TG,Inactive,,0,0,0,0,0,0,0,0,0,0,,,0,0,0,0,0,0,0,0,0,0,0,0,HHHHHH,AAAAAA,Target Not Set,0,0.0,Consistently Strong Performer,0.0,0,0.0,0.0,0.0,0.0,Tier 6,1165.0,1400.0,235.0,0.0
SIPT323,SAI FERTILIZERS,Warangal,MAMNOOR,Non-Exclusive,737148.0,172108.0,91.35,TG,Active,100.0,0,5,0,0,6,0,0,0,0,0,0,0,0,5,10,10,10,10,10,10,10,0,0,0,LLLLLH,NNNAAA,Target Not Set,0,0.0,Fluctuating Performer,0.8966666666666666,0,91.35,0.9815727057106368,0.44126210805180316,0.44126210805180316,Tier 6,1165.0,1165.0,0.0,0.0
SIPT324,SURYA IRON CEMENT AND SANITARY,Mahabubabad,HASTHINAPURAM,Non-Exclusive,774549.0,,109.2,TG,Active,600.0,12,15,17,17,0,16,0,0,17,0,15,21,0,10,10,10,10,10,10,10,10,10,10,15,LLHLHH,NNANAA,Moderate Achievement,25,0.0018608113137327876,Fluctuating Performer,10.826666666666666,25,18.2,9.914529914529915,5.327952888298352,5.327952888298352,Tier 3,1665.0,1665.0,0.0,41620.0
SIPT325,Sai Steel,Sangareddy,Patancheru,Non-Exclusive,1528903.0,113752.0,33.6,TG,Active,500.0,6,13,11,18,14,22,14,11,10,0,0,6,10,10,10,10,10,10,10,10,10,10,10,11,LLLLLL,AANNNN,Low Achievement,10,0.000744324525493115,Consistently Weak Performer,10.3675,10,6.720000000000001,30.85565476190476,5.101990600624984,5.101990600624984,Tier 3,1665.0,1665.0,0.0,16650.0
SIPT326,SRI BALAJI STEELS,Mahabubnagar,Kosgi,Non-Exclusive,905660.0,,37.8,TG,Active,300.0,34,21,20,22,22,37,22,24,25,24,26,25,20,20,20,20,22,22,20,20,25,25,25,27,LHHLLL,AANNAN,Moderate Achievement,30,0.002232973576479345,Fluctuating Performer,25.12,30,12.6,66.45502645502647,12.361900543785833,12.361900543785833,Tier 1,2000.0,2000.0,0.0,60000.0
SIPT327,Vijayalaxmi Enterprises,Medchal Malkajgiri,Ramanthapur,Non-Exclusive,2460095.0,,103.95,TG,Inactive,2100.0,0,0,0,0,0,0,0,0,0,0,,,0,0,0,0,0,0,0,0,0,0,0,0,HHHHHH,AAAAAA,Target Not Set,0,0.0,Consistently Strong Performer,0.0,0,4.95,0.0,0.0,0.0,Tier 6,1165.0,1400.0,235.0,0.0
SIPT329,MAHALAXMI AGENCIES,Karimnagar,HUZURABAD,Non-Exclusive,1162156.0,74721.0,86.1,TG,Active,150.0,15,10,10,11,11,10,10,10,12,12,10,11,15,10,10,10,10,10,10,10,12,10,10,11,LLHHLH,ANNAAN,Moderate Achievement,15,0.0011164867882396724,Fluctuating Performer,10.918333333333335,15,57.4,12.680991095625243,5.373063326853835,5.373063326853835,Tier 3,1665.0,1665.0,0.0,24980.0
SIPT332,MAANHEII IRON CEMENT,Jangaon,Jangaon,Non-Exclusive,534991.0,92446.0,76.65,TG,Active,311.0,19,19,0,20,6,11,20,0,22,7,9,6,25,20,20,20,20,20,20,20,20,20,15,16,HLHLLL,ANANNN,Low Achievement,10,0.000744324525493115,Consistently Weak Performer,11.625,10,24.64630225080386,15.166340508806261,5.720823798627002,5.720823798627002,Tier 3,1665.0,1665.0,0.0,16650.0
SIPT333,SRI MAHESHWARA AGENCIES,Warangal,Hanamakonda,Non-Exclusive,737148.0,,58.8,TG,Active,800.0,0,0,0,0,10,0,0,21,0,19,0,0,25,20,25,20,20,20,20,20,20,20,20,22,LHLHLL,NANNNN,Low Achievement,25,0.0018608113137327876,Consistently Weak Performer,4.164166666666667,25,7.35,7.081916099773243,2.0492441951067475,2.0492441951067475,Tier 5,1335.0,1335.0,0.0,33380.0
SIPT338,Sri Srinivasa Iron Syndicate,Bhadradri Kothagudem,Khammam,Non-Exclusive,1069261.0,,22.05,TG,Active,2000.0,44,40,15,23,31,25,20,24,31,20,34,39,20,20,30,20,35,35,20,20,30,30,30,33,LLHLHH,AAANAA,High Achievement,40,0.00297729810197246,Target-Oriented Performer,28.833333333333325,40,1.1025,100.0,14.189283400178795,14.189283400178795,Tier 1,2000.0,2100.0,100.0,84000.0
SIPT339,Srinivasa Iron & Cement Store,Nagarkurnool,Bijanapalli,Non-Exclusive,861766.0,72647.0,181.65,TG,Active,30.0,20,10,10,12,15,6,10,12,15,0,5,0,10,10,10,10,15,15,10,10,12,10,10,11,LHHLLL,AAANNN,Moderate Achievement,15,0.0011164867882396724,Declining Performer,9.622499999999999,15,100.0,5.297274979355903,4.735365763637705,4.735365763637705,Tier 3,1665.0,1665.0,0.0,24980.0
SIPT340,Sri Sai Tirumala Steel Traders,Medchal Malkajgiri,Balaji Nagar,Non-Exclusive,2460095.0,,74.55,TG,Active,210.0,22,43,24,25,14,16,0,12,0,13,10,10,15,15,20,20,15,15,15,15,20,20,15,16,LLLHHH,NNNNNN,No Achievement,10,0.000744324525493115,Fluctuating Performer,15.770833333333336,10,35.5,21.154706013860945,7.7610459060226535,7.7610459060226535,Tier 2,1835.0,1835.0,0.0,18350.0
SIPT341,Sana Traders,Mahabubnagar,Addakal,Non-Exclusive,905660.0,31224.0,87.15,TG,Active,25.0,0,14,13,0,12,0,0,12,10,0,9,15,10,10,10,10,15,15,10,10,10,10,10,11,LHHLHH,NANNNA,Low Achievement,15,0.0011164867882396724,Emerging Performer,7.065833333333334,15,100.0,8.107668770319373,3.4771946228357242,3.4771946228357242,Tier 4,1500.0,1650.0,150.0,24750.0
SIPT342,GANESH STEEL AND CEMENT CHEVELLA,Rangareddy,Chevella,Non-Exclusive,2426243.0,58166.0,131.25,TG,Active,265.0,59,49,31,26,28,40,67,36,51,57,14,14,40,50,50,50,40,40,40,40,40,50,50,55,HLHHLL,ANAANN,Moderate Achievement,35,0.0026051358392259025,Fluctuating Performer,39.42166666666666,35,49.528301886792455,30.035555555555547,19.3999491482329,19.3999491482329,Tier 1,2000.0,2000.0,0.0,70000.0
SIPT343,Indrasena Traders,Warangal,Narasampet,Non-Exclusive,737148.0,,36.75,TG,Active,1000.0,21,0,26,0,20,0,20,0,20,0,22,20,25,25,20,15,20,20,20,20,20,20,20,22,HLHLHH,NNNNAN,Low Achievement,25,0.0018608113137327876,Emerging Performer,12.316666666666668,25,3.675,33.51473922902495,6.061202562272911,6.061202562272911,Tier 3,1665.0,1835.0,165.0,45880.0
SIPT345,Sri Laxmi Narasimha Steel,Kamareddy,Nizamabad,Non-Exclusive,972625.0,,8.4,TG,Active,1000.0,0,9,10,5,10,0,0,12,0,0,0,0,10,10,10,10,10,10,10,10,10,10,10,11,LHLLLL,NANNNN,Target Not Set,0,0.0,Consistently Weak Performer,3.8341666666666665,0,0.8400000000000001,45.644841269841265,1.886846616307013,1.886846616307013,Tier 5,1335.0,1335.0,0.0,0.0
SIPT346,SRI JAYARAM STEEL SYNDICATE,Khammam,Khammam,Non-Exclusive,1401639.0,356857.0,23.1,TG,Active,2000.0,19,19,0,20,0,0,20,0,13,12,11,10,15,15,15,15,15,15,20,20,20,15,15,16,HLHHHH,NNNNNN,No Achievement,15,0.0011164867882396724,Emerging Performer,10.2875,15,1.155,44.53463203463203,5.062621490612927,5.062621490612927,Tier 3,1665.0,1835.0,165.0,27520.0
SIPT347,Jai Bhavani Steel & Cement Traders,Medchal Malkajgiri,Ghatkesar,Non-Exclusive,2460095.0,74712.0,58.8,TG,Active,1500.0,0,17,8,13,10,0,0,9,9,27,0,9,10,10,15,15,10,10,10,10,10,10,15,16,LHHHLH,NNNANN,Low Achievement,20,0.00148864905098623,Emerging Performer,8.4775,20,3.92,14.417517006802722,4.171895376590142,4.171895376590142,Tier 3,1665.0,1835.0,165.0,36700.0
SIPT348,Bhanu Agencies,Rajanna Sircilla,Vemulawada,Non-Exclusive,552037.0,50158.0,86.1,TG,Active,400.0,21,10,10,10,25,0,20,0,20,0,6,0,15,20,15,10,10,10,10,10,12,10,10,11,HLHLLL,ANANNN,Low Achievement,20,0.00148864905098623,Consistently Weak Performer,10.199166666666668,20,21.525,11.845722028648861,5.019151431641283,5.019151431641283,Tier 3,1665.0,1665.0,0.0,33300.0
SIPT349,Sri Rama Steel Traders,Medchal Malkajgiri,Nagaram,Non-Exclusive,2460095.0,,105.0,TG,Active,1470.0,0,0,0,0,0,0,0,0,0,0,0,0,10,10,0,0,0,0,0,0,0,0,0,0,HHHHHH,AAAAAA,Target Not Set,0,0.0,Consistently Strong Performer,0.0,0,7.142857142857142,0.0,0.0,0.0,Tier 6,1165.0,1400.0,235.0,0.0
SIPT350,Baber & Co,Hyderabad,Musheerabad,Non-Exclusive,3943323.0,347861.0,126.0,TG,Active,600.0,0,0,48,0,0,0,0,0,0,0,0,0,0,0,0,0,0,0,0,0,0,0,0,0,LLLHHH,AAAAAA,Target Not Set,0,0.0,Target-Oriented Performer,4.024166666666667,0,21.0,3.193783068783069,1.9803482525856484,1.9803482525856484,Tier 5,1335.0,1400.0,65.0,0.0
SIPT351,SRI GAYATHRI CEMENT IRON AND GENERAL MERCHANT,Suryapet,MUNAGALA,Non-Exclusive,1099560.0,43824.0,86.1,TG,Active,120.0,0,0,12,0,0,0,0,0,0,0,0,0,10,10,10,10,10,10,0,0,0,0,0,0,LLLHHH,AAAAAA,Target Not Set,0,0.0,Target-Oriented Performer,1.0075,0,71.74999999999999,1.1701509872241582,0.49580472921434016,0.49580472921434016,Tier 6,1165.0,1225.0,60.0,0.0
SIPT352,Madhavi Agencies,Warangal,Parkal,Non-Exclusive,737148.0,,90.3,TG,Active,63.0,25,25,25,18,0,15,0,22,25,10,19,0,25,25,25,20,22,22,20,20,20,20,20,22,LHHLHL,NAANNN,Low Achievement,25,0.0018608113137327876,Fluctuating Performer,15.38583333333333,25,100.0,17.038575119970467,7.571582064089628,7.571582064089628,Tier 2,1835.0,1835.0,0.0,45880.0
SIPT353,Laxmi Steels,Bhadradri Kothagudem,Bandarugudem,Non-Exclusive,1069261.0,,42.0,TG,Active,100.0,11,10,0,0,0,0,0,0,0,0,0,0,10,10,15,15,15,15,0,0,0,0,0,0,LLHHHH,AAAAAA,Target Not Set,0,0.0,Consistently Strong Performer,1.8225,0,42.0,4.339285714285714,0.8968775374621686,0.8968775374621686,Tier 5,1335.0,1600.0,265.0,0.0
SIPT354,Sri Sapthagiri Agencies,Mahabubnagar,Koukuntla,Non-Exclusive,905660.0,18915.0,88.2,TG,Active,73.5,0,10,11,0,12,16,0,11,0,10,13,21,10,10,10,10,10,10,10,10,10,10,10,11,LHLHHH,NANNAA,Moderate Achievement,20,0.00148864905098623,Emerging Performer,8.551666666666668,20,100.0,9.695767195767196,4.208393822330487,4.208393822330487,Tier 3,1665.0,1835.0,165.0,36700.0
SIPT355,BADAM NARSAIAH & SONS,Nalgonda,Bhongiri,Non-Exclusive,1618416.0,,175.35,TG,Active,500.0,12,0,0,14,0,0,10,0,11,0,5,0,0,10,10,0,0,0,0,0,0,10,10,11,HLHLHL,AAANNN,No Achievement,10,0.000744324525493115,Fluctuating Performer,4.3374999999999995,10,35.07,2.4736241802110066,2.1345439334662037,2.1345439334662037,Tier 5,1335.0,1335.0,0.0,13350.0
SIPT357,Sri Srinivasa Traders (S),Rajanna Sircilla,Sircilla,Non-Exclusive,552037.0,92001.0,15.75,TG,Active,400.0,0,0,0,0,0,0,0,0,0,0,0,0,15,15,10,0,0,0,0,0,0,0,0,0,HHHHHH,AAAAAA,Target Not Set,0,0.0,Consistently Strong Performer,0.0,0,3.9375,0.0,0.0,0.0,Tier 6,1165.0,1400.0,235.0,0.0
SIPT358,Geetha Traders Jagtial,Jagitial,Jagitial,Non-Exclusive,988913.0,113543.0,69.3,TG,Active,500.0,27,26,0,25,38,0,0,0,10,0,28,22,25,25,25,25,40,40,20,20,20,20,20,22,LLLLHH,NNNNAN,Low Achievement,25,0.0018608113137327876,Consistently Weak Performer,14.623333333333335,25,13.86,21.101491101491103,7.1963452342872145,7.1963452342872145,Tier 2,1835.0,1835.0,0.0,45880.0
SIPT359,Sai Ram Traders,Nalgonda,Nalgonda,Non-Exclusive,1618416.0,207076.0,127.05,TG,Active,800.0,31,45,41,30,45,47,37,36,40,38,46,59,30,30,30,30,45,45,35,35,40,30,30,30,LLHLHH,AANAAA,High Achievement,60,0.00446594715295869,Target-Oriented Performer,41.2075,60,15.88125,32.43408107044471,20.278782510272876,20.278782510272876,Tier 1,2000.0,2100.0,100.0,126000.0
SIPT360,Mallikarjuna Steels,Rangareddy,Turkayamjal,Non-Exclusive,2426243.0,,75.6,TG,Active,1000.0,35,0,45,31,0,0,0,0,0,0,0,0,30,30,30,30,40,40,40,40,40,10,10,11,LLLLHH,NNNNNN,Target Not Set,0,0.0,Consistently Weak Performer,9.271666666666667,0,7.5600000000000005,12.26410934744268,4.562715812438998,4.562715812438998,Tier 3,1665.0,1665.0,0.0,0.0
SIPT361,Sai Kiran Traders,Rangareddy,Keesara,Non-Exclusive,2426243.0,,53.55,TG,Active,255.0,0,0,0,0,0,0,0,0,0,0,0,0,0,0,0,0,0,0,0,0,0,0,0,0,HHHHHH,AAAAAA,Target Not Set,0,0.0,Consistently Strong Performer,0.0,0,21.0,0.0,0.0,0.0,Tier 6,1165.0,1400.0,235.0,0.0
SIPT363,Pranay Chowdary & Co,Nizamabad,Bodhan,Non-Exclusive,1571022.0,122756.0,52.5,TG,Active,150.0,0,0,0,0,0,0,0,0,0,0,0,0,0,10,0,0,0,0,0,0,0,0,0,0,HHHHHH,AAAAAA,Target Not Set,0,0.0,Consistently Strong Performer,0.0,0,35.0,0.0,0.0,0.0,Tier 6,1165.0,1400.0,235.0,0.0
SIPT364,Sri Jagadamba Steel Traders,Hyderabad,Old Bowenpally,Non-Exclusive,3943323.0,,5.25,TG,Active,500.0,17,11,12,8,0,11,0,15,0,0,0,0,0,10,10,10,10,10,10,10,10,10,0,0,LHLLLL,NANNAA,Target Not Set,0,0.0,Fluctuating Performer,6.110833333333335,0,1.05,100.0,3.0072258720667966,3.0072258720667966,Tier 4,1500.0,1500.0,0.0,0.0
SIPT365,Sri Gurukrupa Agencies,Vikarabad,Vikarabad,Non-Exclusive,946109.0,89496.0,31.5,TG,Inactive,300.0,0,0,0,0,0,0,0,0,0,0,,,0,0,0,0,0,0,0,0,0,0,0,0,HHHHHH,AAAAAA,Target Not Set,0,0.0,Consistently Strong Performer,0.0,0,10.5,0.0,0.0,0.0,Tier 6,1165.0,1400.0,235.0,0.0
SIPT366,New Anusha Iron & Steel Traders,Karimnagar,Karimnagar,Non-Exclusive,1162156.0,363106.0,70.35,TG,Active,210.0,33,32,21,0,20,20,10,21,10,0,10,31,15,15,20,20,20,20,20,20,20,20,20,22,LHLLLH,NANNNA,Low Achievement,20,0.00148864905098623,Consistently Weak Performer,17.299166666666668,20,33.5,24.590144515517654,8.513159945211322,8.513159945211322,Tier 2,1835.0,1835.0,0.0,36700.0
SIPT367,Sri Balaji Hardware And Electricals,Mahabubnagar,Telkapally,Non-Exclusive,905660.0,,86.1,TG,Active,40.0,0,10,0,0,0,0,0,0,10,0,10,0,10,10,10,10,10,10,10,10,10,10,10,12,LLHLHL,NNANNN,Low Achievement,15,0.0011164867882396724,Consistently Weak Performer,2.46,15,100.0,2.857142857142857,1.2106001328707463,1.2106001328707463,Tier 5,1335.0,1335.0,0.0,20020.0
SIPT368,Keerthi Steel Traders,Rangareddy,Saroornagar,Non-Exclusive,2426243.0,,12.6,TG,Inactive,210.0,0,0,0,0,0,0,0,0,0,0,,,0,0,0,0,0,0,0,0,0,0,0,0,HHHHHH,AAAAAA,Target Not Set,0,0.0,Consistently Strong Performer,0.0,0,6.0,0.0,0.0,0.0,Tier 6,1165.0,1400.0,235.0,0.0
SIPT369,SRI LAXMI STEEL TRADERS,Medchal Malkajgiri,Medipally,Non-Exclusive,2460095.0,99768.0,96.6,TG,Active,650.0,0,29,0,30,30,15,42,0,0,0,0,15,30,30,30,30,25,25,25,25,25,10,10,11,HLLLLH,ANNNNA,Low Achievement,35,0.0026051358392259025,Consistently Weak Performer,13.425833333333335,35,14.861538461538458,13.898378191856455,6.607038868794239,6.607038868794239,Tier 2,1835.0,1835.0,0.0,64220.0
SIPT370,Sai Ram Steels,Medchal Malkajgiri,Rampally,Exclusive,2460095.0,71301.0,351.75,TG,Active,775.0,101,124,39,35,67,74,19,50,70,71,69,85,120,120,150,90,70,70,70,70,70,70,70,85,LLHHHH,NNAANN,Low Achievement,80,0.00595459620394492,Emerging Performer,66.975,80,45.387096774193544,19.04051172707889,32.95932678821879,32.95932678821879,Tier 1,2000.0,2200.0,200.0,176000.0
SIPT371,Sai Ram Steel Traders,Hyderabad,Kushaiguda,Non-Exclusive,3943323.0,,78.75,TG,Active,1200.0,13,20,12,15,0,12,0,0,0,0,10,0,20,20,20,20,22,22,22,22,22,10,10,12,LLLLHL,NNNNNN,No Achievement,10,0.000744324525493115,Consistently Weak Performer,6.836666666666667,10,6.5625,8.681481481481482,3.3644185264470194,3.3644185264470194,Tier 4,1500.0,1500.0,0.0,15000.0
SIPT372,SSV ENGINEERING SOLUTIONS,Rangareddy,Abdullapurmet,Non-Exclusive,2426243.0,,61.95,TG,Active,250.0,0,0,5,0,12,10,0,10,11,0,0,0,15,15,0,0,10,10,10,10,15,15,10,11,LHHLLL,NNNNNN,Target Not Set,0,0.0,Consistently Weak Performer,3.9741666666666666,0,24.78,6.415119720204466,1.9557425588281128,1.9557425588281128,Tier 5,1335.0,1335.0,0.0,0.0
SIPT373,RUDRA STEEL AGENCY,Rangareddy,Peddamberpet,Exclusive,2426243.0,105605.0,94.5,TG,Active,560.0,45,61,40,60,16,49,30,76,69,60,52,92,60,60,80,80,50,50,50,50,50,50,50,65,LHHHHH,NAAAAA,High Achievement,80,0.00595459620394492,Consistently Strong Performer,54.20499999999999,80,16.875,57.359788359788354,26.675032602544224,26.675032602544224,Tier 1,2000.0,2400.0,400.0,192000.0
SIPT374,C.Bhaskar Cement Traders (M Nagar),Mahabubnagar,Mahabubnagar,Non-Exclusive,905660.0,258955.0,623.7,TG,Active,210.0,99,102,100,89,103,105,108,112,110,124,125,131,75,100,100,90,120,120,80,110,110,120,120,120,HHHHHH,AAAAAA,High Achievement,140,0.01042054335690361,Consistently Strong Performer,108.93416666666667,140,100.0,17.465795521351076,53.608014894646615,53.608014894646615,Tier 1,2000.0,2400.0,400.0,336000.0
SIPT375,C.Bhaskar Cement Traders (Bhuthpur),Mahabubnagar,Bhuthpur,Exclusive,905660.0,48041.0,364.35,TG,Active,1600.0,106,101,101,95,108,106,84,118,105,70,118,152,75,100,100,90,120,120,80,80,100,100,100,100,LHHLHH,AAANAA,High Achievement,125,0.009304056568663937,Consistently Strong Performer,105.20749999999998,125,22.771875,28.87539453821874,51.77407051991829,51.77407051991829,Tier 1,2000.0,2400.0,400.0,300000.0
SIPT376,Vinayaka Traders (J),Warangal,Jangaon,Non-Exclusive,737148.0,,105.0,TG,Active,311.0,20,16,23,24,14,25,37,33,35,26,19,20,25,25,25,20,20,20,20,20,22,25,25,28,HHHLLL,AAAANN,Moderate Achievement,30,0.002232973576479345,Target-Oriented Performer,24.30333333333333,30,33.762057877813504,23.146031746031746,11.960007545746084,11.960007545746084,Tier 1,2000.0,2100.0,100.0,63000.0
SIPT377,Pragathi Steel Mart,Rangareddy,Shameerpet,Non-Exclusive,2426243.0,,787.5,TG,Inactive,,0,0,0,0,0,0,0,0,0,0,,,0,0,0,0,0,0,0,0,0,0,0,0,HHHHHH,AAAAAA,Target Not Set,0,0.0,Consistently Strong Performer,0.0,0,0.0,0.0,0.0,0.0,Tier 6,1165.0,1400.0,235.0,0.0
SIPT378,Sri Lakshmi Agencies,Khammam,Ashwaraopeta,Non-Exclusive,1401639.0,,320.25,TG,Active,120.0,0,0,0,0,0,0,10,12,0,10,11,0,10,10,10,10,10,10,10,10,10,10,10,11,HHLHHL,NANNAN,Low Achievement,15,0.0011164867882396724,Emerging Performer,3.4525,15,100.0,1.078064012490242,1.6990231539578258,1.6990231539578258,Tier 5,1335.0,1465.0,135.0,21980.0
SIPT379,Sri Sai Traders,Karimnagar,Manthani,Non-Exclusive,1162156.0,54669.0,210.0,TG,Active,2000.0,33,22,23,16,15,15,21,20,15,20,26,31,20,20,30,15,15,15,20,20,22,20,20,25,LHLHHH,AANNAA,Moderate Achievement,30,0.002232973576479345,Consistently Strong Performer,21.436666666666667,30,10.5,10.207936507936509,10.549281103647385,10.549281103647385,Tier 2,1835.0,2200.0,365.0,66000.0
SIPT380,Harinath Traders (New),Rangareddy,Ibrahimpatnam,Non-Exclusive,2426243.0,75305.0,85.05,TG,Active,215.0,0,8,0,0,0,0,0,0,0,8,0,0,10,10,10,10,10,10,10,10,10,10,10,11,LLHHLL,NNNNNN,No Achievement,10,0.000744324525493115,Consistently Weak Performer,1.3958333333333333,10,39.55813953488372,1.6411914560062708,0.6869089507311991,0.6869089507311991,Tier 5,1335.0,1335.0,0.0,13350.0
SIPT381,Venkateshwara Steel Traders,Hyderabad,Kondapur,Non-Exclusive,3943323.0,,159.6,TG,Active,525.0,13,27,15,25,14,17,13,0,15,15,13,10,15,15,20,20,15,15,15,15,15,15,15,16,LLHHHL,NNNNNN,No Achievement,15,0.0011164867882396724,Fluctuating Performer,14.778333333333334,15,30.4,9.259607351712615,7.272622884935574,7.272622884935574,Tier 2,1835.0,1835.0,0.0,27520.0
SIPT382,Bharat Traders,Nalgonda,Haliya,Non-Exclusive,1618416.0,42070.0,29.4,TG,Active,80.0,0,15,0,15,0,0,7,13,12,11,0,22,10,15,10,5,10,10,10,10,10,10,10,11,HHHHLH,NAAANA,Moderate Achievement,20,0.00148864905098623,Consistently Strong Performer,7.914999999999999,20,36.75,26.92176870748299,3.8950813218178677,3.8950813218178677,Tier 4,1500.0,1800.0,300.0,36000.0
SIPT383,Disha Trading Company,Medchal Malkajgiri,Medipally,Non-Exclusive,2460095.0,99768.0,109.2,TG,Active,650.0,15,26,0,0,26,10,0,27,54,24,0,41,15,15,20,20,10,10,10,10,15,20,20,22,LHHHLH,NAAANA,Moderate Achievement,45,0.0033494603647190174,Consistently Strong Performer,18.6925,45,16.8,17.11767399267399,9.198838611254644,9.198838611254644,Tier 2,1835.0,2200.0,365.0,99000.0
SIPT385,Jai Hanuman Traders,Mahabubnagar,Rajapur,Non-Exclusive,905660.0,26362.0,91.35,TG,Active,73.5,0,0,10,12,0,10,10,0,11,13,0,0,10,10,10,10,10,10,10,10,10,10,10,11,HLHHLL,NNAANN,Low Achievement,15,0.0011164867882396724,Fluctuating Performer,5.385000000000001,15,100.0,5.894909688013137,2.650033217686573,2.650033217686573,Tier 4,1500.0,1500.0,0.0,22500.0
SIPT386,Sri Raghavendra Agencies,Vikarabad,Kodangal,Non-Exclusive,946109.0,53673.0,31.5,TG,Active,150.0,0,16,0,0,10,0,0,0,3,0,13,5,5,5,10,10,10,10,10,10,10,10,10,12,LLHLHH,NNNNAN,Low Achievement,10,0.000744324525493115,Fluctuating Performer,3.978333333333333,10,21.0,12.62962962962963,1.9577930333079072,1.9577930333079072,Tier 5,1335.0,1335.0,0.0,13350.0
SIPT387,Sri Sadhana Steels,Hyderabad,Neredmet,Non-Exclusive,3943323.0,,86.1,TG,Active,600.0,8,9,0,7,0,6,8,7,10,0,8,0,10,10,10,10,10,10,10,10,10,10,10,11,HHHLHL,NNNNNN,No Achievement,10,0.000744324525493115,Emerging Performer,5.184166666666667,10,14.35,6.021099496709254,2.5512003477604717,2.5512003477604717,Tier 4,1500.0,1650.0,150.0,16500.0
SIPT388,Om Steels,Kamareddy,Kamareddy,Non-Exclusive,972625.0,126445.0,28.35,TG,Active,400.0,12,11,8,0,0,10,0,11,0,0,10,0,10,10,10,10,10,10,10,10,10,10,10,11,LHLLHL,NANNNN,Low Achievement,15,0.0011164867882396724,Consistently Weak Performer,5.170833333333333,15,7.0875,18.239271017048793,2.5446388294251285,2.5446388294251285,Tier 4,1500.0,1500.0,0.0,22500.0
SIPT389,Sri Guru Raghavendra Traders,Wanaparthy,Wanaparthy,Non-Exclusive,577758.0,108521.0,157.5,TG,Active,250.0,51,31,81,44,29,31,43,43,65,64,64,0,30,30,0,40,30,30,35,35,44,45,45,50,LLHHHL,AAAAAN,High Achievement,75,0.005582433941198363,Target-Oriented Performer,45.689166666666665,75,63.0,29.008994708994706,22.484272860739974,22.484272860739974,Tier 1,2000.0,2100.0,100.0,157500.0
SIPT390,Sri Rajarajeshwara Agencies,Jagitial,Medipalli,Non-Exclusive,988913.0,29847.0,31.5,TG,Active,80.0,0,10,10,10,0,10,10,20,10,10,9,11,10,10,10,10,10,10,10,10,10,10,10,11,HHHLLL,AAANNN,Moderate Achievement,15,0.0011164867882396724,Declining Performer,9.195000000000002,15,39.375,29.190476190476193,4.524987082010778,4.524987082010778,Tier 3,1665.0,1665.0,0.0,24980.0
SIPT391,Sri Vigneshwara Traders (M),Nalgonda,Miryalaguda,Non-Exclusive,1618416.0,175838.0,111.3,TG,Active,450.0,0,13,11,10,0,0,10,10,10,6,0,0,10,0,0,10,10,10,10,10,10,10,10,11,HHHLLL,ANNNNN,Low Achievement,10,0.000744324525493115,Declining Performer,5.7683333333333335,10,24.73333333333333,5.182689427972447,2.838676869827678,2.838676869827678,Tier 4,1500.0,1500.0,0.0,15000.0
SIPT392,RK Infra,Nalgonda,Suryapet,Non-Exclusive,1618416.0,,12.6,TG,Active,550.0,0,0,10,0,0,0,0,0,0,0,0,0,10,10,10,10,0,0,0,0,0,0,0,0,LLLHHH,AAAAAA,Target Not Set,0,0.0,Target-Oriented Performer,0.8125,0,2.2909090909090906,6.4484126984126995,0.3998425235599517,0.3998425235599517,Tier 6,1165.0,1225.0,60.0,0.0
SIPT393,Ayyappa Traders T,Medak,Toopran,Non-Exclusive,766153.0,38637.0,66.15,TG,Active,200.0,15,15,0,5,10,10,15,10,0,0,9,11,20,20,20,20,10,10,10,10,12,0,0,12,HHLLHH,ANNAAN,Low Achievement,15,0.0011164867882396724,Emerging Performer,8.460833333333333,15,33.075,12.790375409423028,4.1636934786709645,4.1636934786709645,Tier 3,1665.0,1835.0,165.0,27520.0
SIPT394,Gayathri Enterprises Dharmapuri,Jagitial,Dharmapuri,Non-Exclusive,988913.0,57300.0,18.9,TG,Active,100.0,11,9,13,0,10,0,10,10,24,9,0,19,10,10,10,10,10,10,10,10,10,10,10,11,HHHHLH,AAANNA,Moderate Achievement,25,0.0018608113137327876,Consistently Strong Performer,9.6575,25,18.9,51.09788359788361,4.7525897492679805,4.7525897492679805,Tier 3,1665.0,2000.0,335.0,50000.0
SIPT395,Shivaram Traders,Sangareddy,Doultabad,Non-Exclusive,1528903.0,40732.0,29.4,TG,Active,180.0,3,0,6,8,4,4,3,9,0,0,6,0,10,10,10,10,10,10,10,10,10,10,10,11,LHLLHL,NNNNNN,No Achievement,10,0.000744324525493115,Consistently Weak Performer,3.6133333333333333,10,16.333333333333332,12.290249433106576,1.7781714688778982,1.7781714688778982,Tier 5,1335.0,1335.0,0.0,13350.0
SIPT396,Sri Dattatreya Enterprises,Rangareddy,Hytabad,Non-Exclusive,2426243.0,51334.0,136.5,TG,Active,300.0,5,0,0,0,0,0,0,0,0,0,0,0,5,5,5,5,10,10,10,10,10,0,0,0,LHHHHH,NNNAAA,Target Not Set,0,0.0,Emerging Performer,0.44333333333333336,0,45.5,0.3247863247863248,0.21817048465014804,0.21817048465014804,Tier 6,1165.0,1285.0,115.0,0.0
SIPT397,Sri Sundha Hardware & General Stores,Bhadradri Kothagudem,Tekupalli,Non-Exclusive,1069261.0,,65.1,TG,Active,60.0,0,10,0,6,0,0,0,5,0,9,10,11,10,10,10,10,10,10,10,10,10,10,10,11,LHLHHH,NNNNNA,Low Achievement,15,0.0011164867882396724,Emerging Performer,4.283333333333333,15,100.0,6.579621095750128,2.1078877652288734,2.1078877652288734,Tier 5,1335.0,1465.0,135.0,21980.0
SIPT398,Gampa Enterprises,Karimnagar,Peddapalli,Non-Exclusive,1162156.0,101776.0,151.2,TG,Active,500.0,30,30,51,30,30,43,35,38,40,39,39,44,30,30,30,30,30,30,35,35,40,40,40,44,LHHHHH,AANNNA,Moderate Achievement,50,0.003721622627465575,Emerging Performer,37.487500000000004,50,30.240000000000002,24.79332010582011,18.448118894712238,18.448118894712238,Tier 1,2000.0,2200.0,200.0,110000.0
SIPT399,Maha Laxmi Traders,Karimnagar,Peddapalli,Non-Exclusive,1162156.0,101776.0,67.2,TG,Active,500.0,21,19,20,21,20,20,0,20,20,0,20,23,25,25,20,20,20,20,20,20,25,20,20,22,LHHLHH,NANNAA,Moderate Achievement,25,0.0018608113137327876,Emerging Performer,16.965,25,13.440000000000001,25.24553571428571,8.348711891931792,8.348711891931792,Tier 2,1835.0,2015.0,185.0,50380.0
SIPT400,Sai Sri Enterprises,Karimnagar,Karimnagar,Non-Exclusive,1162156.0,363106.0,130.2,TG,Active,210.0,20,10,10,10,10,10,11,10,12,11,12,13,10,10,10,10,10,10,10,10,12,10,12,13,LLHHHH,ANAANN,Moderate Achievement,15,0.0011164867882396724,Emerging Performer,11.613333333333335,15,62.0,8.919610855094728,5.715082470083578,5.715082470083578,Tier 3,1665.0,1835.0,165.0,27520.0
SIPT403,Sri Rama Steel And Cement (M),Nalgonda,Munugode,Non-Exclusive,1618416.0,42960.0,16.8,TG,Active,70.0,8,8,5,6,0,0,0,7,0,7,5,10,5,5,5,5,0,0,0,0,0,5,5,6,LHLHHH,AAAANA,Low Achievement,10,0.000744324525493115,Consistently Strong Performer,4.615833333333333,10,24.000000000000004,27.47519841269841,2.2715156287164846,2.2715156287164846,Tier 4,1500.0,1800.0,300.0,18000.0
SIPT404,Sri Venkateswara Steel Mart,Hyderabad,Manikonda,Non-Exclusive,3943323.0,,319.2,TG,Active,1000.0,0,6,7,7,10,10,11,0,10,11,12,24,5,5,5,5,10,10,10,10,10,10,10,15,HLHHHH,ANNAAA,Moderate Achievement,20,0.00148864905098623,Consistently Strong Performer,9.0,20,31.919999999999998,2.819548872180451,4.429024876356388,4.429024876356388,Tier 3,1665.0,2000.0,335.0,40000.0
SIPT405,Mahalaxmi Traders,Karimnagar,Jagitial,Non-Exclusive,1162156.0,,82.95,TG,Active,500.0,0,10,10,0,0,20,20,15,15,10,15,22,25,25,20,20,0,10,20,20,20,20,20,22,HHHLHH,ANNNNN,Low Achievement,20,0.00148864905098623,Emerging Performer,11.291666666666666,20,16.59,13.61261804299779,5.556785840243432,5.556785840243432,Tier 3,1665.0,1835.0,165.0,36700.0
SIPT406,Sai Balaji Steel House,Rangareddy,Hayath Nagar,Non-Exclusive,2426243.0,121590.0,169.05,TG,Active,210.0,48,50,47,30,33,27,43,33,54,41,40,50,40,40,50,50,30,30,30,30,40,40,40,50,HLHHHH,AAAANN,Moderate Achievement,50,0.003721622627465575,Consistently Strong Performer,41.31333333333334,50,80.5,24.43852903480233,20.330864562059663,20.330864562059663,Tier 1,2000.0,2400.0,400.0,120000.0
SIPT407,Janata Traders,Sangareddy,Sadasivpet,Non-Exclusive,1528903.0,94337.0,178.5,TG,Inactive,,0,0,0,0,0,0,0,0,0,0,,,10,10,10,10,0,0,0,0,0,0,0,0,HHHHHH,AAAAAA,Target Not Set,0,0.0,Consistently Strong Performer,0.0,0,0.0,0.0,0.0,0.0,Tier 6,1165.0,1400.0,235.0,0.0
SIPT408,Krishna Traders,Nizamabad,Bhainsa,Non-Exclusive,1571022.0,,115.5,TG,Active,250.0,0,0,0,0,0,0,0,0,0,0,0,0,10,10,0,0,0,0,0,0,0,0,0,0,HHHHHH,AAAAAA,Target Not Set,0,0.0,Consistently Strong Performer,0.0,0,46.2,0.0,0.0,0.0,Tier 6,1165.0,1400.0,235.0,0.0
SIPT409,Shanmukha Steels,Hanamkonda,Gopalapuram,Non-Exclusive,405630.0,40577.0,38.85,TG,Active,100.0,21,10,0,0,15,10,10,0,0,0,10,15,15,15,15,15,10,10,10,10,10,10,10,12,HLLLHH,NNNNNA,Low Achievement,15,0.0011164867882396724,Fluctuating Performer,7.550833333333334,15,38.85,19.435864435864435,3.7158698522838187,3.7158698522838187,Tier 4,1500.0,1500.0,0.0,22500.0
SIPT410,C.Bhaskar Cement Traders (M Nagar-2),Mahabubnagar,Mahabubnagar,Exclusive,905660.0,258955.0,679.35,TG,Active,210.0,15,10,0,12,10,12,11,10,10,10,10,10,10,10,10,10,10,10,10,10,10,10,10,11,HHHLLH,ANANNN,Low Achievement,15,0.0011164867882396724,Emerging Performer,9.971666666666666,15,100.0,1.4678246362944969,4.907195525044495,4.907195525044495,Tier 3,1665.0,1835.0,165.0,27520.0
SIPT411,Krishna Iron And Cement,Jangaon,Ghanpur,Non-Exclusive,534991.0,54176.0,136.5,TG,Active,250.0,0,6,5,0,0,0,10,10,10,10,11,12,10,10,10,10,10,10,10,10,10,10,10,12,HHHHHH,ANNNAA,Moderate Achievement,15,0.0011164867882396724,Emerging Performer,6.114999999999999,15,54.6,4.47985347985348,3.0092763465465904,3.0092763465465904,Tier 4,1500.0,1650.0,150.0,24750.0
SIPT412,Nagendra Traders,Yadadri Bhuvanagiri,Ramanapet,Non-Exclusive,770833.0,51534.0,21.0,TG,Active,50.0,0,6,5,6,0,0,0,5,10,7,0,0,5,5,5,5,10,10,10,10,10,10,10,11,LHHHLL,NNNNNN,No Achievement,10,0.000744324525493115,Fluctuating Performer,3.1566666666666667,10,42.0,15.031746031746032,1.5534394658924076,1.5534394658924076,Tier 5,1335.0,1335.0,0.0,13350.0
SIPT413,Sri Ganesh Traders,Mahabubnagar,Gopalpet,Non-Exclusive,905660.0,,,TG,Active,30.0,0,6,6,0,0,5,0,0,0,0,0,0,5,10,10,5,10,10,10,10,10,5,5,6,LLLLLL,NNNNNN,Target Not Set,0,0.0,Consistently Weak Performer,1.4116666666666664,0,0.0,0.0,0.6947007537544186,0.6947007537544186,Tier 5,1335.0,1335.0,0.0,0.0
SIPT414,Sai Sarath Paints And General Stores,Khammam,Kakaravai,Non-Exclusive,1401639.0,61502.0,26.25,TG,Active,262.5,8,11,0,7,10,10,0,13,0,0,10,0,10,10,10,10,10,10,10,10,10,10,10,11,LHLLHL,NANNNN,Low Achievement,15,0.0011164867882396724,Consistently Weak Performer,5.739999999999999,15,10.0,21.866666666666664,2.8247336433650743,2.8247336433650743,Tier 4,1500.0,1500.0,0.0,22500.0
SIPT415,Sai Venkteswara Iron & Rolling Shutters,Jogulamba Gadwal,Yerravalli,Non-Exclusive,574969.0,,10.5,TG,Active,50.0,18,24,0,12,10,11,10,5,11,10,20,16,5,10,10,5,10,10,10,10,10,10,10,11,LLHLHH,NNANAA,Moderate Achievement,20,0.00148864905098623,Fluctuating Performer,12.2825,20,21.0,100.0,6.044388671538594,6.044388671538594,Tier 3,1665.0,1665.0,0.0,33300.0
SIPT416,Vidhya Traders,Jagitial,Velgatoor,Non-Exclusive,988913.0,26465.0,105.0,TG,Active,140.0,0,0,0,0,0,0,0,10,0,0,11,0,10,10,5,0,0,0,0,0,0,0,0,0,HHLLHL,AAAAAA,No Achievement,10,0.000744324525493115,Target-Oriented Performer,1.7216666666666667,10,75.0,1.6396825396825396,0.8472560550511389,0.8472560550511389,Tier 5,1335.0,1400.0,65.0,14000.0
SIPT417,Arun Trading Co.,Hyderabad,Bowenpally,Non-Exclusive,3943323.0,,203.7,TG,Active,150.0,32,29,26,32,34,19,24,22,17,25,31,35,5,10,20,20,15,15,15,15,25,25,25,35,LLLHHH,AANAAN,Moderate Achievement,35,0.0026051358392259025,Target-Oriented Performer,27.328333333333337,35,100.0,13.415971199476356,13.448652018076984,13.448652018076984,Tier 1,2000.0,2100.0,100.0,73500.0
SIPT418,Vinayaka Steel House,Rangareddy,Hayath Nagar,Non-Exclusive,2426243.0,121590.0,26.25,TG,Active,210.0,0,0,9,17,0,0,0,0,0,0,0,0,10,10,0,20,10,10,10,10,10,10,10,11,LLLLHH,NNNNNN,Target Not Set,0,0.0,Consistently Weak Performer,2.1599999999999997,0,12.5,8.228571428571426,1.062965970325533,1.062965970325533,Tier 5,1335.0,1335.0,0.0,0.0
SIPT419,Sree Gayatri Traders,Sangareddy,Zaheerabad,Non-Exclusive,1528903.0,133006.0,304.5,TG,Inactive,1200.0,0,0,0,0,0,0,0,0,0,0,,,10,10,10,10,0,0,0,0,0,0,0,0,HHHHHH,AAAAAA,Target Not Set,0,0.0,Consistently Strong Performer,0.0,0,25.374999999999996,0.0,0.0,0.0,Tier 6,1165.0,1400.0,235.0,0.0
SIPT420,Sri Mahalakshmi Enterprises,Warangal,Sangem,Non-Exclusive,737148.0,46076.0,64.05,TG,Active,52.5,0,0,6,6,5,6,0,10,11,4,8,10,5,10,10,10,10,10,10,10,10,10,10,11,LHHLHH,NAANNN,Low Achievement,15,0.0011164867882396724,Emerging Performer,5.499166666666667,15,100.0,8.585740307051784,2.7062162184329455,2.7062162184329455,Tier 4,1500.0,1650.0,150.0,24750.0
SIPT421,Balaji Iron And Hardware Ingineering Works,Jogulamba Gadwal,Ieeja,Non-Exclusive,574969.0,85303.0,26.25,TG,Active,200.0,0,0,0,0,15,16,23,10,15,10,16,13,0,10,10,10,10,10,10,10,10,10,10,12,HHHLHL,AAANAA,High Achievement,20,0.00148864905098623,Consistently Strong Performer,9.723333333333334,20,13.125,37.041269841269845,4.784987246048736,4.784987246048736,Tier 3,1665.0,2000.0,335.0,40000.0
SIPT422,MGS Steel Traders,Medchal Malkajgiri,Athvelley,Non-Exclusive,2460095.0,,105.0,TG,Active,500.0,0,4,0,17,3,6,0,0,5,0,0,,5,5,5,5,0,10,10,10,10,10,10,11,LLHLLL,NNNNNN,Target Not Set,0,0.0,Consistently Weak Performer,2.9274999999999998,0,21.0,2.788095238095238,1.440663369503703,1.440663369503703,Tier 5,1335.0,1335.0,0.0,0.0
SIPT423,Sri Mallikarjuna Iron Hardwares And Cement,Jangaon,Kodakandla,Non-Exclusive,534991.0,32112.0,33.6,TG,Active,100.0,24,14,19,0,0,0,14,0,0,16,0,0,5,15,15,15,10,10,10,10,10,0,0,0,HLLHLL,ANNAAA,Low Achievement,20,0.00148864905098623,Target-Oriented Performer,7.211666666666667,20,33.6,21.46329365079365,3.548961229628536,3.548961229628536,Tier 4,1500.0,1575.0,75.0,31500.0
SIPT424,Thiramdasu Traders,Yadadri Bhuvanagiri,Choutuppal,Non-Exclusive,770833.0,73336.0,103.95,TG,Active,400.0,10,0,10,9,0,0,10,0,0,0,10,0,10,10,10,15,10,10,10,10,10,10,10,12,HLLLHL,NNNNNN,No Achievement,10,0.000744324525493115,Consistently Weak Performer,4.055,10,25.9875,3.900913900913901,1.9955217637361282,1.9955217637361282,Tier 5,1335.0,1335.0,0.0,13350.0
SIPT425,"Mahendra Steel And Cement, Koratla",Jagitial,Korutla,Non-Exclusive,988913.0,108297.0,23.1,TG,Active,250.0,10,0,22,11,10,10,10,10,17,16,10,21,10,10,10,10,10,10,10,10,10,10,10,11,LLHHLH,NAAAAA,High Achievement,20,0.00148864905098623,Target-Oriented Performer,12.168333333333331,20,9.24,52.67676767676767,5.98820567079222,5.98820567079222,Tier 3,1665.0,1750.0,85.0,35000.0
SIPT427,Mahalaxmi Steel Enterprises,Rangareddy,Shamshabad,Non-Exclusive,2426243.0,,131.25,TG,Active,380.0,0,0,10,10,0,11,10,0,10,10,9,0,10,10,10,10,10,10,10,10,10,10,10,11,HLHHHL,NNANNN,Low Achievement,15,0.0011164867882396724,Emerging Performer,5.8933333333333335,15,34.53947368421053,4.49015873015873,2.9001911042215167,2.9001911042215167,Tier 4,1500.0,1650.0,150.0,24750.0
SIPT428,Vara Laxmi Agencies,Mahabubnagar,Jadcherla,,,,,TG,Active,315.0,10,34,33,27,19,21,0,23,21,20,0,23,5,30,30,25,20,20,20,20,20,20,20,22,LHHHLH,NAANNA,Moderate Achievement,25,0.0018608113137327876,Emerging Performer,19.12666666666667,25,0.0,0.0,9.412498052049244,9.412498052049244,Tier 2,1835.0,2015.0,185.0,50380.0
SIPT429,Siva Sai Ganesh Enterprises,Khammam,Marlapadu,,,,,TG,Active,,10,10,10,7,10,0,10,10,7,0,10,0,10,10,10,10,10,10,10,10,10,10,10,11,HHLLHL,NNNNAN,Low Achievement,10,0.000744324525493115,Fluctuating Performer,7.031666666666666,10,0.0,0.0,3.4603807321014077,3.4603807321014077,Tier 4,1500.0,1500.0,0.0,15000.0
SIPT430,Sree Satyam Steels,Nizamabad,Nizamabad,,,,,TG,Active,,20,0,10,0,0,0,0,0,0,0,0,0,10,10,10,10,10,10,0,0,0,0,0,0,LLLHHH,AAAAAA,Target Not Set,0,0.0,Target-Oriented Performer,2.5116666666666667,0,0.0,0.0,1.2360260164201995,1.2360260164201995,Tier 5,1335.0,1400.0,65.0,0.0
SIPT431,shivani electricals hardware paints,Mahabubnagar,Koukuntla,,,,,TG,Inactive,73.5,0,0,0,0,0,0,0,0,0,0,,,5,5,0,10,0,0,0,0,0,0,0,0,HHHHHH,AAAAAA,Target Not Set,0,0.0,Consistently Strong Performer,0.0,0,0.0,0.0,0.0,0.0,Tier 6,1165.0,1400.0,235.0,0.0
SIPT435,Sri Balaji Steel Traders,Hyderabad,Jubilee Hills,,,,,TG,Active,,,7,0,0,7,6,13,11,24,10,10,19,0,5,5,5,10,10,10,10,10,10,10,12,HHHLLH,AAANNA,Moderate Achievement,15,0.0011164867882396724,Consistently Strong Performer,8.910000000000002,15,0.0,0.0,4.384734627592826,4.384734627592826,Tier 3,1665.0,2000.0,335.0,30000.0
SIPT436,Vishnu Chandra Steels,Medchal Malkajgiri ,Quthbullapur,,,,,TG,Active,,,9,0,0,11,23,11,12,10,15,10,11,0,10,10,10,10,10,10,10,10,10,10,12,HHHHLL,AAAAAN,High Achievement,20,0.00148864905098623,Consistently Strong Performer,9.353333333333332,20,0.0,0.0,4.602905112242972,4.602905112242972,Tier 3,1665.0,2000.0,335.0,40000.0
SIPT437,Gadagoju Bikshapathi Steel Cement Syndicate,Nalgonda,Miryalaguda,,,,,TG,Active,,,10,10,13,10,10,10,27,12,18,13,21,0,10,10,10,10,10,10,10,12,10,10,12,HHLHLH,NANAAA,Moderate Achievement,20,0.00148864905098623,Consistently Strong Performer,12.885,20,0.0,0.0,6.340887281316896,6.340887281316896,Tier 3,1665.0,2000.0,335.0,40000.0
SIPT438,Lakshmi Bhavani Traders,Mahabubnagar,Jadcherla,,,,,TG,Active,315.0,,10,11,10,21,15,11,10,10,10,11,10,0,10,10,15,15,15,10,10,10,10,10,12,LLLLLL,AAANAN,Moderate Achievement,15,0.0011164867882396724,Target-Oriented Performer,10.742500000000001,15,0.0,0.0,5.286533303806501,5.286533303806501,Tier 3,1665.0,1750.0,85.0,26250.0
SIPT439,Narayana Traders,Nagarkurnool,Pedda Kothapally,,,,,TG,Active,,,5,21,0,0,20,10,12,0,21,10,0,0,10,10,10,10,10,10,10,10,10,10,12,HHLHLL,NANANN,Low Achievement,20,0.00148864905098623,Fluctuating Performer,8.224166666666667,20,0.0,0.0,4.04722652821863,4.04722652821863,Tier 4,1500.0,1500.0,0.0,30000.0
SIPT440,Hanuman Trading Co.,Karimnagar,Peddapalli,,,,,TG,Active,,,10,11,23,12,26,10,17,15,10,0,11,0,5,10,10,10,10,10,10,15,10,10,11,LHLLLL,AAANNN,Moderate Achievement,15,0.0011164867882396724,Declining Performer,12.106666666666667,15,0.0,0.0,5.957858648491261,5.957858648491261,Tier 3,1665.0,1665.0,0.0,24980.0
SIPT441,Kanaka Mahalaxmi Enterprises,Warangal,Enumamula,,,,,TG,Active,,,26,15,15,10,40,24,13,25,25,20,34,0,10,15,15,10,10,10,10,15,15,15,16,HLHHLH,AAAAAA,High Achievement,35,0.0026051358392259025,Consistently Strong Performer,20.6225,35,0.0,0.0,10.148618390295514,10.148618390295514,Tier 2,1835.0,2200.0,365.0,77000.0
SIPT442,M.K.S. Traders,Nizamabad,Armoor,,,,,TG,Active,,,5,0,0,0,0,0,8,0,5,5,0,0,5,5,5,10,10,0,0,0,0,0,0,LHLHHL,AAAAAA,No Achievement,10,0.000744324525493115,Target-Oriented Performer,1.8183333333333336,10,0.0,0.0,0.8948270629823741,0.8948270629823741,Tier 5,1335.0,1400.0,65.0,14000.0
SIPT443,Reshma Cement Iron Hardware & General,Warangal,Gudur,,,,,TG,Active,231.0,,,5,0,0,0,0,0,0,0,0,0,0,0,0,5,10,10,10,10,10,0,0,0,LLLHHH,NNNAAA,Target Not Set,0,0.0,Momentum Gainer,0.44,0,0.0,0.0,0.21653010506631232,0.21653010506631232,Tier 6,1165.0,1225.0,60.0,0.0
SIPT444,Surya Constructions,Nizamabad,Kammarpally,,,,,TG,Active,,,,8,0,0,0,0,0,0,0,10,0,0,0,5,5,10,10,0,0,0,0,0,0,LLLHHL,AAAAAA,No Achievement,10,0.000744324525493115,Target-Oriented Performer,1.4900000000000002,10,0.0,0.0,0.7332496739745578,0.7332496739745578,Tier 5,1335.0,1400.0,65.0,14000.0
SIPT445,Sumedha Steels And Cement,Khammam,Khammam,,,,,TG,Active,,,,30,30,0,30,30,35,0,0,0,25,0,0,0,30,30,30,35,35,35,35,35,38,HHLLLH,NANNNN,Low Achievement,35,0.0026051358392259025,Fluctuating Performer,15.003333333333332,35,0.0,0.0,7.383348506844483,7.383348506844483,Tier 2,1835.0,1835.0,0.0,64220.0
SIPT446,Sri Vighneshwara Steel Tradres,Nalgonda,Ammanabole,,,,,TG,Active,,,,10,5,11,0,0,0,10,0,4,0,0,0,10,5,10,10,10,10,10,5,0,0,LLHLHL,NNNNAA,No Achievement,10,0.000744324525493115,Consistently Weak Performer,3.391666666666666,10,0.0,0.0,1.669086226552824,1.669086226552824,Tier 5,1335.0,1335.0,0.0,13350.0
SIPT447,Mancheriyal Steels,Mancherial,Mancherial,,,,,TG,Active,,,,26,0,25,26,20,20,0,0,0,0,0,0,10,25,20,20,35,35,35,0,0,0,HHLLLL,NNNAAA,Target Not Set,0,0.0,Fluctuating Performer,9.776666666666667,0,0.0,0.0,4.811233319390107,4.811233319390107,Tier 3,1665.0,1665.0,0.0,0.0
SIPT448,S S Traders,Rangareddy,Hayath Nagar,,,,,TG,Active,210.0,,,8,0,5,0,8,14,12,15,11,24,0,0,5,10,10,10,10,10,10,10,10,14,HHHHHH,NAAAAA,High Achievement,25,0.0018608113137327876,Consistently Strong Performer,8.0825,25,0.0,0.0,3.977510395905612,3.977510395905612,Tier 4,1500.0,1800.0,300.0,45000.0
SIPT449,Sri Krishna Agencies,Jogulamba Gadwal,Gadwal,,,,,TG,Inactive,,,,10,0,0,0,0,0,0,0,,,0,0,10,0,0,0,0,0,0,0,0,0,LLLHHH,AAAAAA,Target Not Set,0,0.0,Target-Oriented Performer,0.8383333333333334,0,0.0,0.0,0.41255546533467846,0.41255546533467846,Tier 6,1165.0,1225.0,60.0,0.0
SIPT450,D.R Enterprises,Nizamabad,Varni,,,,,TG,Active,,,,5,0,0,0,0,0,0,0,0,0,0,0,5,5,10,10,0,0,0,0,0,0,LLLHHH,AAAAAA,Target Not Set,0,0.0,Target-Oriented Performer,0.45416666666666666,0,0.0,0.0,0.22350171829761406,0.22350171829761406,Tier 6,1165.0,1225.0,60.0,0.0
SIPT451,Prabhu Iron & Hardware Electricals,Warangal,Devaruppula,,,,,TG,Active,,,,,5,0,0,0,7,7,0,10,0,0,0,5,5,5,5,5,10,10,10,10,11,LHHLHL,NNNNNN,No Achievement,10,0.000744324525493115,Fluctuating Performer,2.3816666666666664,10,0.0,0.0,1.172051212650607,1.172051212650607,Tier 5,1335.0,1335.0,0.0,13350.0
SIPT454,Vinayaka Steel Enterprises,Kamareddy,Pitlam,,,,,TG,Active,,,,,6,3,12,0,0,0,0,0,0,0,0,0,5,10,10,10,10,10,0,0,0,LLLLLL,NNNAAA,Target Not Set,0,0.0,Fluctuating Performer,1.8158333333333332,0,0.0,0.0,0.8935967782944972,0.8935967782944972,Tier 5,1335.0,1335.0,0.0,0.0
SIPT455,Konaganti Steels Private Limited,Mahabubnagar,Jadcherla,,,,,TG,Inactive,315.0,,,,20,0,0,0,0,0,0,,,0,0,0,12,12,12,12,0,0,0,0,0,LLLLHH,NAAAAA,Target Not Set,0,0.0,Target-Oriented Performer,1.7033333333333334,0,0.0,0.0,0.8382339673400425,0.8382339673400425,Tier 5,1335.0,1400.0,65.0,0.0
SIPT456,Om Sai Agencies,Warangal,Warangal,,,,,TG,Active,,,,,14,0,11,11,0,10,15,0,13,0,0,0,10,10,10,10,10,10,10,10,11,HLHHLH,ANAANA,Moderate Achievement,15,0.0011164867882396724,Consistently Strong Performer,6.0975,15,0.0,0.0,3.0006643537314535,3.0006643537314535,Tier 4,1500.0,1800.0,300.0,27000.0
SIPT459,Sri Balaji Steel Traders Gachibowli,Hyderabad,Gachibowli,,,,,TG,Active,,,,,8,0,0,0,0,10,9,10,12,0,0,0,5,10,10,10,10,10,10,10,12,LLHHHH,NNNNNN,No Achievement,10,0.000744324525493115,Emerging Performer,4.050833333333333,10,0.0,0.0,1.9934712892563335,1.9934712892563335,Tier 5,1335.0,1465.0,135.0,14650.0
SIPT460,Srinivasa Ispat Llp,Medchal Malkajgiri ,Bachupally-Ghmc,,,,,TG,Active,,,,,11,14,10,22,10,13,10,10,0,0,0,0,10,10,10,10,10,10,10,10,12,HHHLLL,ANANNN,Low Achievement,15,0.0011164867882396724,Declining Performer,8.354166666666668,15,0.0,0.0,4.111201331988222,4.111201331988222,Tier 4,1500.0,1500.0,0.0,22500.0
SIPT461,Vivek Cement & Sanitary,Suryapet,Hussainabad,,,,,TG,Active,,,,,,6,6,0,4,6,12,11,10,0,0,0,0,10,10,10,10,10,10,10,11,LHHHHH,NNNAAN,Low Achievement,15,0.0011164867882396724,Emerging Performer,4.468333333333334,15,0.0,0.0,2.1989288321317555,2.1989288321317555,Tier 4,1500.0,1650.0,150.0,24750.0
SIPT462,Maneesh Enterprises,Rangareddy,Kondapur,,,,,TG,Active,,,,,,18,39,31,31,30,29,0,16,0,0,0,0,15,15,15,15,15,20,20,22,HHHHLL,AAAANN,Moderate Achievement,30,0.002232973576479345,Consistently Strong Performer,16.2225,30,0.0,0.0,7.983317339632391,7.983317339632391,Tier 2,1835.0,2200.0,365.0,66000.0
SIPT463,Radhika Steels,Mahabubnagar,Shadnagar,,,,,TG,Active,210.0,,,,,10,0,10,10,0,0,0,0,0,0,0,0,10,10,10,10,10,10,10,11,HHLLLL,ANNNNN,Target Not Set,0,0.0,Consistently Weak Performer,2.526666666666667,0,0.0,0.0,1.2434077245474602,1.2434077245474602,Tier 5,1335.0,1335.0,0.0,0.0
SIPT464,Saraswathi Agencies,Khammam,Manuguru,,,,,TG,Active,,,,,,9,10,0,10,10,0,9,11,0,0,0,0,10,10,10,10,10,10,10,11,LHHLHH,NANNNN,Low Achievement,15,0.0011164867882396724,Emerging Performer,4.925,15,0.0,0.0,2.423660835117246,2.423660835117246,Tier 4,1500.0,1650.0,150.0,24750.0
SIPT468,Kadari Venkanna Cement And Iron Traders,Suryapet,Thallagadda,,,,,TG,Active,178.5,,,,,,49,0,40,25,19,24,33,0,0,0,0,0,10,35,35,35,35,35,30,LHHHHH,NANNNA,Low Achievement,30,0.002232973576479345,Emerging Performer,15.836666666666666,30,0.0,0.0,7.793443402803408,7.793443402803408,Tier 2,1835.0,2015.0,185.0,60450.0
SIPT469,Sri Laxmi Agencies,Suryapet,Nallabandagudem,,,,,TG,Active,,,,,,,29,0,0,0,0,0,0,0,0,0,0,0,10,10,10,10,0,0,0,LLLLLL,NNNAAA,Target Not Set,0,0.0,Fluctuating Performer,2.4258333333333333,0,0.0,0.0,1.1937862421364303,1.1937862421364303,Tier 5,1335.0,1335.0,0.0,0.0
SIPT470,Sai Ganesh Steel Traders,Rangareddy,Kapra,,,,,TG,Active,,,,,,,7,0,0,9,0,0,0,0,0,0,0,0,10,10,10,10,10,0,0,LLHLLL,NNNNAA,Target Not Set,0,0.0,Consistently Weak Performer,1.3541666666666667,0,0.0,0.0,0.666404205933253,0.666404205933253,Tier 5,1335.0,1335.0,0.0,0.0
SIPT471,"Morisetti Rammurthy And Sons Cement, Iron Hard Ware",Nalgonda,Suryapet,,,,,TG,Active,,,,,,,45,50,49,31,34,50,54,0,0,0,0,0,10,35,35,35,50,50,55,HHHHHH,AANNNN,Low Achievement,50,0.003721622627465575,Emerging Performer,26.105833333333333,50,0.0,0.0,12.84704280570524,12.84704280570524,Tier 1,2000.0,2200.0,200.0,110000.0
SIPT472,Sri Sai Balaji Traders,Sangareddy,Sangareddy - Ghmc,,,,,TG,Active,,,,,,,4,0,0,4,2,0,0,0,0,0,0,0,10,10,10,10,5,5,6,LLHHLL,NNNNNN,No Achievement,0,0.0,Consistently Weak Performer,0.8783333333333334,0,0.0,0.0,0.43224002034070685,0.43224002034070685,Tier 6,1165.0,1165.0,0.0,0.0
SIPT473,Ayyappa Cement And Iron Agencies,Warangal,Shayampet,,,,,TG,Active,,,,,,,7,7,0,9,0,0,0,0,0,0,0,0,10,10,10,10,5,5,6,HLHLLL,NNNNNN,Target Not Set,0,0.0,Consistently Weak Performer,1.93,0,0.0,0.0,0.94977977904087,0.94977977904087,Tier 5,1335.0,1335.0,0.0,0.0
SIPT474,Rajesh Traders,Nizamabad,Nandipet,,,,,TG,Active,,,,,,,9,0,0,0,0,0,0,0,0,0,0,0,10,10,10,10,0,0,0,LLLLLL,NNNAAA,Target Not Set,0,0.0,Fluctuating Performer,0.7883333333333334,0,0.0,0.0,0.387949771577143,0.387949771577143,Tier 6,1165.0,1165.0,0.0,0.0
SIPT475,Sri Ganapathi Steel Cement And Electrical Hardware,Sangareddy,Peddakanjerla-Ghmc,,,,,TG,Active,,,,,,,,,,5,0,0,0,0,0,0,0,0,0,0,0,10,10,10,11,HHHLLL,AANNNN,Target Not Set,0,0.0,Declining Performer,0.43583333333333335,0,0.0,0.0,0.2144796305865177,0.2144796305865177,Tier 6,1165.0,1165.0,0.0,0.0
SIPT477,Ramadevi Boggavarapu,Khammam,Kodad,,,,,TG,Active,,,,,,,,26,12,22,9,9,24,0,0,0,0,0,0,10,10,10,10,10,11,HHHLLH,AAANNA,Moderate Achievement,20,0.00148864905098623,Consistently Strong Performer,8.599166666666667,20,0.0,0.0,4.231769231400146,4.231769231400146,Tier 3,1665.0,2000.0,335.0,40000.0
SIPT478,Jai Ambe Steels,Rangareddy,Old Alwal - Ghmc,,,,,TG,Active,,,,,,,,16,6,5,10,0,0,0,0,0,0,0,0,10,10,10,10,10,11,HHHHLL,ANNNNN,Low Achievement,10,0.000744324525493115,Emerging Performer,3.1233333333333335,10,0.0,0.0,1.5370356700540506,1.5370356700540506,Tier 5,1335.0,1465.0,135.0,14650.0
SIPT479,Balaji Iron And Electricals,Jangaon,Palakurthy,,,,,TG,Active,,,,,,,,5,6,0,0,4,0,0,0,0,0,0,0,10,10,10,5,5,6,HHLLHL,NNNNNN,No Achievement,10,0.000744324525493115,Fluctuating Performer,1.2758333333333332,10,0.0,0.0,0.6278552857131139,0.6278552857131139,Tier 5,1335.0,1335.0,0.0,13350.0
SIPT480,Sri Lakshmi Narasimha Traders,Medak,Dharmasagar-Ghmc,,,,,TG,Active,,,,,,,,2,0,0,3,0,2,0,0,0,0,0,0,10,10,10,10,10,11,HLLHLH,NNNNNN,No Achievement,0,0.0,Fluctuating Performer,0.5733333333333333,0,0.0,0.0,0.2821452884197403,0.2821452884197403,Tier 6,1165.0,1165.0,0.0,0.0
SIPT481,Venkateshwara Agencies,Jayashankar,Kataram,,,,,TG,Active,,,,,,,,9,10,10,0,11,10,0,0,0,0,0,0,10,10,10,10,10,12,HHHLHH,NANNAN,Low Achievement,15,0.0011164867882396724,Emerging Performer,4.1433333333333335,15,0.0,0.0,2.0389918227077746,2.0389918227077746,Tier 5,1335.0,1465.0,135.0,21980.0
SIPT482,Sri Venkateshwara Steel Trading,Medchal Malkajgiri,Bachupally - Ghmc,,,,,TG,Active,,,,,,,,,10,0,0,10,12,0,0,0,0,0,0,10,10,10,10,10,12,HHLLHH,NANNNN,Low Achievement,15,0.0011164867882396724,Emerging Performer,2.6466666666666665,15,0.0,0.0,1.3024613895655452,1.3024613895655452,Tier 5,1335.0,1465.0,135.0,21980.0
SIPT484,Sri Durga Iron & Hardware Merchant,Jayashankar,Eturnagaram,,,,,TG,Active,,,,,,,,,16,13,11,0,21,0,0,0,0,0,0,0,10,10,10,10,12,HHHHLH,AAAANA,Moderate Achievement,20,0.00148864905098623,Consistently Strong Performer,5.056666666666666,20,0.0,0.0,2.4884558286787555,2.4884558286787555,Tier 4,1500.0,1800.0,300.0,36000.0
SIPT485,Sri Raja Rajeshawari Engg Cement & General,J S Bhupalapally,Challagariga,,,,,TG,Active,,,,,,,,,8,28,0,0,9,0,0,0,0,0,0,0,10,10,0,0,0,HHHLLH,ANAAAA,Low Achievement,20,0.00148864905098623,Consistently Strong Performer,3.8008333333333333,20,0.0,0.0,1.870442820468656,1.870442820468656,Tier 5,1335.0,1600.0,265.0,32000.0
SIPT486,Tirupathi Steels,Khammam,Khammam,,,,,TG,Active,,,,,,,,,24,0,14,0,0,0,0,0,0,0,0,0,10,10,10,10,11,HHLHLL,AANANN,Low Achievement,25,0.0018608113137327876,Fluctuating Performer,3.203333333333333,25,0.0,0.0,1.5764047800661072,1.5764047800661072,Tier 5,1335.0,1335.0,0.0,33380.0
SIPT487,Deccan Steel & Cement,Rangareddy,Borabanda - Ghmc,,,,,TG,Active,,,,,,,,,6,0,0,0,5,0,0,0,0,0,0,0,10,10,10,10,11,HHLLLH,ANNNNN,No Achievement,5,0.0003721622627465575,Fluctuating Performer,0.9874999999999999,5,0.0,0.0,0.4859624517113259,0.4859624517113259,Tier 6,1165.0,1165.0,0.0,5820.0
SIPT488,Baba Steel Traders,Rangareddy,Shankarpally-Ghmc,,,,,TG,Active,,,,,,,,,10,20,10,10,10,0,0,0,0,0,0,0,10,10,20,18,20,HHHHHH,AAANNN,Low Achievement,15,0.0011164867882396724,Emerging Performer,4.944166666666667,15,0.0,0.0,2.433093017724301,2.433093017724301,Tier 4,1500.0,1650.0,150.0,24750.0
SIPT489,Mahalakshmi Iron And Hardware Syndicate,Karimnagar,Karimnagar,,,,,TG,Active,210.0,,,,,,,,21,10,11,19,22,0,0,0,0,0,0,0,10,10,20,20,22,HHHHHH,AANNNN,Low Achievement,20,0.00148864905098623,Emerging Performer,6.896666666666666,20,0.0,0.0,3.3939453589560618,3.3939453589560618,Tier 4,1500.0,1650.0,150.0,33000.0
SIPT490,Sanda Mallaiah Sagar Cement Agencies,Rangareddy,Amangal,,,,,TG,Active,,,,,,,,,,5,0,0,0,0,0,0,0,0,0,0,0,5,10,10,11,HHHLLL,AAANNN,Target Not Set,0,0.0,Declining Performer,0.42166666666666663,0,0.0,0.0,0.20750801735521596,0.20750801735521596,Tier 6,1165.0,1165.0,0.0,0.0
SIPT492,Ambica Ispat Mokila,Rangareddy,Mokila - Ghmc,,,,,TG,Active,,,,,,,,,,10,4,16,0,0,0,0,0,0,0,0,0,10,10,15,20,HHHHHL,AAANAN,Low Achievement,15,0.0011164867882396724,Consistently Strong Performer,2.4675,15,0.0,0.0,1.2142909869343763,1.2142909869343763,Tier 5,1335.0,1600.0,265.0,24000.0
SIPT494,Global Steel And Cement,Rangareddy,Serilingampally-Ghmc,,,,,TG,Active,,,,,,,,,,10,0,0,0,0,0,0,0,0,0,0,0,10,10,10,11,HHHLLL,AAANNN,Target Not Set,0,0.0,Declining Performer,0.8383333333333334,0,0.0,0.0,0.41255546533467846,0.41255546533467846,Tier 6,1165.0,1165.0,0.0,0.0
